{"type": "FeatureCollection", "features": [{"type": "Feature", "properties": {"name": "Richmond"}, "geometry": {"type": "MultiPolygon", "coordinates": [[[[-122.366827, 37.961998], [-122.364771, 37.962004], [-122.364757, 37.960499], [-122.366022, 37.960224], [-122.36679, 37.960223], [-122.36679, 37.960299], [-122.366884, 37.960508], [-122.366827, 37.961998]]], [[[-122.42976, 37.965405], [-122.401133710423, 37.967766], [-122.37161, 37.950791], [-122.358663, 37.967594], [-122.381422, 37.971432], [-122.362025, 38.008619], [-122.338558, 37.995838], [-122.330064, 37.992186], [-122.309225, 37.982807], [-122.315364, 37.965175], [-122.312311, 37.960876], [-122.297166, 37.963498], [-122.296983, 37.967043], [-122.293836, 37.97484], [-122.268048, 37.974269], [-122.249079, 37.956186], [-122.266176, 37.959212], [-122.268669, 37.957088], [-122.278558, 37.962444], [-122.281672, 37.965431], [-122.288156, 37.960747], [-122.272801, 37.953506], [-122.270374, 37.946925], [-122.254611, 37.920579], [-122.275527, 37.916179], [-122.289645, 37.925307], [-122.307602, 37.94273], [-122.316067, 37.952809], [-122.317152, 37.93894], [-122.320698, 37.927298], [-122.313164, 37.916702], [-122.309891, 37.902024], [-122.313147550967, 37.8972880379388], [-122.344674, 37.907235], [-122.363534, 37.905611], [-122.397677, 37.92936], [-122.420732, 37.954852], [-122.42976, 37.965405]]], [[[-122.358608, 37.950445], [-122.355542, 37.950323], [-122.347409, 37.950324], [-122.347364, 37.953222], [-122.342643, 37.955376], [-122.339889, 37.952759], [-122.335645, 37.95216], [-122.333508, 37.951446], [-122.331638, 37.949088], [-122.324845, 37.949179], [-122.322481, 37.951287], [-122.324403, 37.953845], [-122.318749, 37.954037], [-122.318421, 37.955721], [-122.319031, 37.956667], [-122.319191, 37.955912], [-122.320537, 37.956742], [-122.320315, 37.957305], [-122.318611, 37.957735], [-122.317933, 37.958696], [-122.319467, 37.963823], [-122.320604, 37.965592], [-122.321165, 37.965992], [-122.321974, 37.966955], [-122.329328, 37.967262], [-122.33398, 37.966364], [-122.337016, 37.967774], [-122.340078, 37.972277], [-122.342094, 37.973236], [-122.342057, 37.976118], [-122.340632, 37.978874], [-122.346711, 37.981555], [-122.353258, 37.978731], [-122.356485, 37.966767], [-122.35755, 37.961049], [-122.358057, 37.954742], [-122.358608, 37.950445]]]]}}, {"type": "Feature", "properties": {"name": "Napa"}, "geometry": {"type": "MultiPolygon", "coordinates": [[[[-122.226303, 38.225676], [-122.222267, 38.225715], [-122.222269, 38.221726], [-122.223545, 38.221035], [-122.225057, 38.221616], [-122.226275, 38.221652], [-122.226303, 38.225676]]], [[[-122.267355, 38.211617], [-122.263399, 38.211569], [-122.263429, 38.209467], [-122.263328, 38.208673], [-122.26543, 38.2087], [-122.267355, 38.211617]]], [[[-122.277864, 38.327473], [-122.275379, 38.326267], [-122.275261, 38.32536], [-122.276915, 38.325106], [-122.276985, 38.325826], [-122.277864, 38.327473]]], [[[-122.285728, 38.328732], [-122.286129, 38.3295], [-122.282251, 38.331423], [-122.282268, 38.330353], [-122.283299, 38.329622], [-122.283579, 38.329048], [-122.283098, 38.327996], [-122.283069, 38.32734], [-122.283403, 38.326561], [-122.284222, 38.326249], [-122.28457, 38.325816], [-122.284246, 38.325344], [-122.285149, 38.325357], [-122.285425, 38.326168], [-122.286362, 38.327865], [-122.285728, 38.328732]]], [[[-122.310445, 38.272843], [-122.308855, 38.272789], [-122.307828, 38.271228], [-122.306893, 38.272871], [-122.305779, 38.272894], [-122.305812, 38.270644], [-122.3069, 38.269205], [-122.310541, 38.268829], [-122.310445, 38.272843]]], [[[-122.35736, 38.307479], [-122.346495, 38.316543], [-122.339338, 38.316493], [-122.333785, 38.313916], [-122.329915, 38.315211], [-122.336729, 38.318616], [-122.347688, 38.323689], [-122.334302, 38.345422], [-122.326571, 38.343581], [-122.312492, 38.34413], [-122.297859, 38.333337], [-122.283981, 38.324911], [-122.275534, 38.316959], [-122.271621, 38.322915], [-122.270872, 38.318806], [-122.270894, 38.311153], [-122.259098, 38.304243], [-122.256939, 38.295256], [-122.255788, 38.285835], [-122.261673, 38.281169], [-122.265041, 38.280052], [-122.266667, 38.283477], [-122.270522, 38.282628], [-122.269108, 38.280197], [-122.270776, 38.250292], [-122.283122, 38.244536], [-122.296868, 38.23173], [-122.306031, 38.236464], [-122.306614, 38.258401], [-122.284668, 38.245635], [-122.279067, 38.259626], [-122.281563, 38.25901], [-122.287338, 38.270402], [-122.305767, 38.274769], [-122.316332, 38.287402], [-122.312923, 38.293277], [-122.323562, 38.299361], [-122.34284, 38.294559], [-122.35736, 38.307479]]], [[[-122.321204, 38.309016], [-122.319324, 38.309339], [-122.318721, 38.309925], [-122.320402, 38.311572], [-122.322111, 38.310637], [-122.321204, 38.309016]]], [[[-122.321109, 38.304341], [-122.321398, 38.3037], [-122.320809, 38.303571], [-122.319109, 38.302982], [-122.318091, 38.305047], [-122.318915, 38.304989], [-122.319707, 38.306299], [-122.32078, 38.305842], [-122.321567, 38.304282], [-122.321109, 38.304341]]], [[[-122.318246, 38.319289], [-122.317603, 38.317034], [-122.315276, 38.317445], [-122.316515, 38.315388], [-122.315913, 38.313217], [-122.312986, 38.31166], [-122.311366, 38.312], [-122.311729, 38.313115], [-122.309329, 38.313553], [-122.309756, 38.314248], [-122.308081, 38.315755], [-122.309301, 38.317436], [-122.308692, 38.318777], [-122.31292, 38.318565], [-122.313783, 38.320047], [-122.313857, 38.320367], [-122.318395, 38.319577], [-122.318246, 38.319289]]], [[[-122.307288, 38.302341], [-122.306496, 38.301952], [-122.306253, 38.301477], [-122.306149, 38.301481], [-122.305777, 38.301592], [-122.305413, 38.301819], [-122.305366, 38.301913], [-122.305073, 38.302026], [-122.305409, 38.303194], [-122.305825, 38.303116], [-122.305978, 38.303619], [-122.306315, 38.30355], [-122.306166, 38.303008], [-122.306776, 38.302903], [-122.30693, 38.303432], [-122.307255, 38.303513], [-122.307288, 38.302341]]], [[[-122.271701, 38.290499], [-122.270725, 38.290504], [-122.27074, 38.291069], [-122.269437, 38.291052], [-122.269435, 38.291077], [-122.269428, 38.291202], [-122.269424, 38.291291], [-122.270444, 38.291294], [-122.270439, 38.291607], [-122.271691, 38.291608], [-122.271701, 38.290499]]]]}}, {"type": "Feature", "properties": {"name": "Palmdale"}, "geometry": {"type": "MultiPolygon", "coordinates": [[[[-118.287729, 34.581397], [-118.26143, 34.587699], [-118.262337, 34.606753], [-118.254009, 34.605563], [-118.235571, 34.594662], [-118.225753, 34.61604], [-118.233364, 34.616448], [-118.244896, 34.645607], [-118.209949, 34.62369], [-118.183369, 34.609106], [-118.152143, 34.609147], [-118.148811, 34.623953], [-118.127946, 34.645875], [-118.014502, 34.660739], [-117.916313, 34.660606], [-117.969135, 34.58714], [-117.978315, 34.561428], [-117.983699, 34.548315], [-117.988168, 34.541038], [-117.996945, 34.53553], [-118.002872, 34.521941], [-118.020513, 34.535719], [-118.049668, 34.542714], [-118.059378, 34.53303], [-118.058363, 34.528201], [-118.053916, 34.510064], [-118.082932, 34.536577], [-118.103124, 34.536431], [-118.1238, 34.556604], [-118.129364, 34.557924], [-118.138296, 34.555642], [-118.151609, 34.561807], [-118.164851, 34.558132], [-118.193891, 34.54616], [-118.255505, 34.539293], [-118.287729, 34.581397]]], [[[-118.161602, 34.587096], [-118.156352, 34.587122], [-118.156325, 34.585031], [-118.154066, 34.584455], [-118.154059, 34.583966], [-118.152844, 34.583481], [-118.151845, 34.583479], [-118.151851, 34.583932], [-118.150911, 34.58452], [-118.149924, 34.584559], [-118.150121, 34.587144], [-118.147483, 34.587154], [-118.147527, 34.591461], [-118.148286, 34.591743], [-118.148301, 34.595382], [-118.151305, 34.593447], [-118.153607, 34.595554], [-118.149909, 34.5968], [-118.149828, 34.598274], [-118.155752, 34.596138], [-118.157008, 34.595434], [-118.160869, 34.59261], [-118.158541, 34.592704], [-118.155948, 34.5946], [-118.155303, 34.593999], [-118.157188, 34.591529], [-118.16136, 34.58849], [-118.161602, 34.587096]]], [[[-118.124535, 34.587176], [-118.12408, 34.58718], [-118.123777, 34.587183], [-118.123798, 34.589006], [-118.124245, 34.588998], [-118.124535, 34.587176]]], [[[-118.118289, 34.587239], [-118.117821, 34.587284], [-118.112005, 34.587314], [-118.112013, 34.594596], [-118.119437, 34.594527], [-118.118289, 34.587239]]], [[[-118.103156, 34.591076], [-118.076317, 34.590937], [-118.067401, 34.591089], [-118.040765, 34.591036], [-118.040753, 34.587367], [-118.02292, 34.587158], [-118.022869, 34.579819], [-118.004968, 34.579572], [-117.995945, 34.579651], [-117.996022, 34.594279], [-117.987032, 34.594408], [-117.951639, 34.594535], [-117.951735, 34.631319], [-117.95183, 34.638698], [-117.969689, 34.638623], [-117.969882, 34.646038], [-118.049822, 34.645986], [-118.049765, 34.631424], [-118.04977, 34.627792], [-118.058668, 34.627783], [-118.058642, 34.624103], [-118.069259, 34.624098], [-118.070246, 34.623462], [-118.070197, 34.616782], [-118.071996, 34.616781], [-118.071967, 34.606496], [-118.073766, 34.606848], [-118.073483, 34.607837], [-118.074947, 34.608123], [-118.076567, 34.602216], [-118.076575, 34.603457], [-118.075207, 34.608262], [-118.078278, 34.609489], [-118.080871, 34.609996], [-118.080874, 34.612428], [-118.079204, 34.612084], [-118.078509, 34.61388], [-118.077088, 34.613599], [-118.077505, 34.616781], [-118.080979, 34.616779], [-118.080969, 34.609504], [-118.080869, 34.608023], [-118.079843, 34.608017], [-118.079828, 34.602253], [-118.094075, 34.602408], [-118.103148, 34.602176], [-118.103156, 34.591076]]]]}}, {"type": "Feature", "properties": {"name": "Ventura"}, "geometry": {"type": "MultiPolygon", "coordinates": [[[[-119.296961, 34.344681], [-119.296224, 34.34439], [-119.294382, 34.344652], [-119.293968, 34.342929], [-119.296834, 34.342574], [-119.296961, 34.344681]]], [[[-119.313396, 34.362333], [-119.311714, 34.365941], [-119.312, 34.368318], [-119.306875, 34.371489], [-119.309127, 34.366865], [-119.310446, 34.36243], [-119.309276, 34.357794], [-119.311585, 34.357622], [-119.31222, 34.360947], [-119.313396, 34.362333]]], [[[-119.32233, 34.286505], [-119.311073, 34.290127], [-119.29425, 34.306947], [-119.289047, 34.311706], [-119.292674, 34.308135], [-119.283222, 34.309994], [-119.277937, 34.302058], [-119.291651, 34.299215], [-119.290801, 34.290795], [-119.263851, 34.289891], [-119.242336, 34.282966], [-119.231215, 34.283314], [-119.230164, 34.293215], [-119.218232, 34.284963], [-119.216712, 34.297995], [-119.212036, 34.304502], [-119.204708, 34.301564], [-119.195767, 34.29002], [-119.174046, 34.291829], [-119.154465, 34.299027], [-119.15105, 34.282983], [-119.148327, 34.282402], [-119.146653, 34.276402], [-119.15654, 34.271394], [-119.164835, 34.264693], [-119.178681, 34.267036], [-119.190134, 34.260126], [-119.191625, 34.245524], [-119.199279, 34.236679], [-119.21574, 34.244078], [-119.224234, 34.247448], [-119.254824, 34.258771], [-119.260278, 34.256457], [-119.250323, 34.24326], [-119.242854, 34.236802], [-119.273694327306, 34.2587501802301], [-119.307616595515, 34.2746959211024], [-119.32233, 34.286505]]], [[[-119.263909, 34.262854], [-119.255473, 34.259652], [-119.252927, 34.259462], [-119.250764, 34.259691], [-119.257761, 34.262999], [-119.262331, 34.264783], [-119.263909, 34.262854]]], [[[-119.256577, 34.242308], [-119.254261, 34.242287], [-119.254479, 34.243889], [-119.25467, 34.243969], [-119.256549, 34.244028], [-119.256577, 34.242308]]], [[[-119.232208, 34.263578], [-119.230769, 34.262956], [-119.229772, 34.263138], [-119.230898, 34.267869], [-119.232953, 34.266821], [-119.232208, 34.263578]]], [[[-119.216256, 34.288046], [-119.215486, 34.288016], [-119.214403, 34.28831], [-119.213559, 34.289611], [-119.215682, 34.289836], [-119.216256, 34.288046]]], [[[-119.210596, 34.286148], [-119.209037, 34.278947], [-119.199775, 34.280274], [-119.198244, 34.285991], [-119.197387, 34.287834], [-119.205581, 34.287377], [-119.205799, 34.287335], [-119.209251, 34.2869], [-119.210313, 34.2864], [-119.210596, 34.286148]]], [[[-119.207564, 34.272577], [-119.198441, 34.273881], [-119.199848, 34.279525], [-119.20088, 34.279304], [-119.208742, 34.278054], [-119.207564, 34.272577]]], [[[-119.176955, 34.28282], [-119.174003, 34.279457], [-119.173886, 34.279528], [-119.164516, 34.285273], [-119.164685, 34.28656], [-119.166774, 34.289098], [-119.170299, 34.287034], [-119.171831, 34.285343], [-119.17351, 34.285124], [-119.174867, 34.286669], [-119.178338, 34.284592], [-119.176955, 34.28282]]], [[[-119.155009, 34.288633], [-119.153478, 34.286686], [-119.152352, 34.287365], [-119.150447, 34.288502], [-119.152887, 34.291328], [-119.155263, 34.289725], [-119.155009, 34.288633]]]]}}, {"type": "Feature", "properties": {"name": "Loma Linda"}, "geometry": {"type": "MultiPolygon", "coordinates": [[[[-117.250373, 34.075937], [-117.249725, 34.075933], [-117.249726, 34.075129], [-117.250385, 34.075114], [-117.250373, 34.075937]]], [[[-117.27804, 34.051901], [-117.275885, 34.05304], [-117.273831, 34.052957], [-117.271242, 34.055037], [-117.270802, 34.057364], [-117.27081, 34.058238], [-117.270683, 34.061329], [-117.26997, 34.062922], [-117.269892, 34.063072], [-117.269437, 34.063935], [-117.265166, 34.064315], [-117.261207, 34.065091], [-117.252447, 34.066697], [-117.243702, 34.067096], [-117.238468, 34.067136], [-117.237883, 34.066733], [-117.237061, 34.066166], [-117.235036, 34.065481], [-117.229121, 34.065282], [-117.22771, 34.064667], [-117.226521, 34.063074], [-117.226172, 34.063078], [-117.226164, 34.062314], [-117.2239, 34.057607], [-117.22139, 34.056169], [-117.219928, 34.055832], [-117.219602, 34.055615], [-117.219362, 34.048257], [-117.221731, 34.048237], [-117.221733, 34.046605], [-117.226085, 34.046502], [-117.226073, 34.045508], [-117.224506, 34.045467], [-117.222999, 34.043116], [-117.224254, 34.043107], [-117.219255, 34.037455], [-117.219724, 34.037457], [-117.230427, 34.037523], [-117.230497, 34.037522], [-117.23399, 34.037514], [-117.234859, 34.03757], [-117.234784, 34.033858], [-117.232604, 34.033854], [-117.232582, 34.032642], [-117.230245, 34.032597], [-117.230152, 34.028961], [-117.228971, 34.028933], [-117.225798, 34.028858], [-117.225533, 34.017966], [-117.239712, 34.018251], [-117.270602, 34.018715], [-117.270837, 34.019949], [-117.271616, 34.020683], [-117.270529, 34.020855], [-117.270181, 34.033485], [-117.270066, 34.041233], [-117.273693, 34.041254], [-117.27362, 34.044809], [-117.273538, 34.048433], [-117.277834, 34.04851], [-117.277778, 34.051838], [-117.27804, 34.051901]]]]}}, {"type": "Feature", "properties": {"name": "Blue Lake"}, "geometry": {"type": "Polygon", "coordinates": [[[-124.005286, 40.88784], [-124.004307, 40.8878], [-124.001298, 40.887683], [-124.000236, 40.886281], [-124.000228, 40.884871], [-124.000231, 40.882898], [-123.998299, 40.882899], [-123.997945, 40.8829], [-123.997759, 40.881597], [-123.997583, 40.881274], [-123.997641, 40.880671], [-123.997473, 40.880326], [-123.995965, 40.881399], [-123.995035, 40.882206], [-123.997305, 40.884499], [-123.995863, 40.885653], [-123.995276, 40.886479], [-123.987662, 40.88537], [-123.986296, 40.884422], [-123.98413, 40.883101], [-123.98051, 40.882658], [-123.978503, 40.880801], [-123.97844, 40.879346], [-123.982777, 40.879754], [-123.98575, 40.879649], [-123.985791, 40.877497], [-123.99059, 40.877488], [-123.991707, 40.879163], [-123.992061, 40.877129], [-123.992478, 40.876011], [-123.992809, 40.875388], [-123.995484, 40.875392], [-123.995517, 40.87592], [-123.996527, 40.87623], [-124.000311, 40.87846], [-124.001184, 40.87858], [-124.003681, 40.87871], [-124.00521, 40.878699], [-124.005273, 40.885965], [-124.005275, 40.886471], [-124.005286, 40.88784]]]}}, {"type": "Feature", "properties": {"name": "El Segundo"}, "geometry": {"type": "Polygon", "coordinates": [[[-118.428769, 33.930891], [-118.425842, 33.931255], [-118.415962, 33.931292], [-118.411367, 33.931296], [-118.403966, 33.931299], [-118.397616, 33.930889], [-118.396105, 33.9309], [-118.380286, 33.930923], [-118.378869, 33.930923], [-118.378728, 33.930895], [-118.378429, 33.929008], [-118.378377, 33.923654], [-118.378373, 33.920008], [-118.376532, 33.920009], [-118.376527, 33.917182], [-118.374341, 33.916306], [-118.377958, 33.916321], [-118.37868, 33.91489], [-118.378686, 33.90946], [-118.378703, 33.906524], [-118.378701, 33.901905], [-118.396173, 33.901866], [-118.39858, 33.901968], [-118.402582, 33.90195], [-118.412505, 33.901905], [-118.415042, 33.901842], [-118.415774, 33.901649], [-118.417476, 33.901774], [-118.418411, 33.903713], [-118.419625, 33.906141], [-118.422753072278, 33.9049578245664], [-118.42279752766, 33.9050432380802], [-118.42866637404, 33.9163192358195], [-118.422221, 33.916329], [-118.422222, 33.919957], [-118.424391, 33.919958], [-118.424396, 33.92177], [-118.426571, 33.921769], [-118.426574, 33.923583], [-118.42766, 33.923582], [-118.427667, 33.927203], [-118.428754, 33.927201], [-118.428769, 33.930891]]]}}, {"type": "Feature", "properties": {"name": "San Pablo"}, "geometry": {"type": "Polygon", "coordinates": [[[-122.358057, 37.954742], [-122.35755, 37.961049], [-122.356485, 37.966767], [-122.353258, 37.978731], [-122.346711, 37.981555], [-122.340632, 37.978874], [-122.342057, 37.976118], [-122.342094, 37.973236], [-122.340078, 37.972277], [-122.337016, 37.967774], [-122.336315, 37.96363], [-122.335351, 37.963123], [-122.332648, 37.963224], [-122.323491, 37.966272], [-122.323743, 37.963238], [-122.319467, 37.963823], [-122.320523, 37.960169], [-122.323175, 37.959674], [-122.32321, 37.958218], [-122.324247, 37.958261], [-122.325151, 37.958482], [-122.325543, 37.958717], [-122.326045, 37.958551], [-122.326053, 37.954888], [-122.322077, 37.951996], [-122.323295, 37.949748], [-122.326394, 37.949154], [-122.332733, 37.94988], [-122.333912, 37.95175], [-122.338854, 37.953423], [-122.340315, 37.952483], [-122.346359, 37.956181], [-122.347403, 37.950583], [-122.352077, 37.950327], [-122.357126, 37.95043], [-122.358057, 37.954742]]]}}, {"type": "Feature", "properties": {"name": "Calistoga"}, "geometry": {"type": "Polygon", "coordinates": [[[-122.604292, 38.583662], [-122.602849, 38.585162], [-122.602311, 38.584849], [-122.597687, 38.589043], [-122.595432, 38.590449], [-122.597178, 38.592115], [-122.598095, 38.591546], [-122.597685, 38.594371], [-122.594383, 38.591128], [-122.58338, 38.598067], [-122.579674, 38.592924], [-122.577413, 38.589029], [-122.576777, 38.589154], [-122.576936, 38.588871], [-122.570447, 38.585209], [-122.564146, 38.586124], [-122.561101, 38.585364], [-122.562831, 38.582072], [-122.566616, 38.575356], [-122.55619, 38.571056], [-122.554763, 38.570295], [-122.555164, 38.568766], [-122.557369, 38.569253], [-122.560059, 38.572091], [-122.562974, 38.572682], [-122.564183, 38.574028], [-122.566815, 38.574991], [-122.567619, 38.573253], [-122.568923, 38.571045], [-122.571048, 38.567338], [-122.57609, 38.569281], [-122.589673, 38.573765], [-122.600218, 38.578544], [-122.604269, 38.580829], [-122.604292, 38.583662]]]}}, {"type": "Feature", "properties": {"name": "Fairfield"}, "geometry": {"type": "MultiPolygon", "coordinates": [[[[-122.168231, 38.190725], [-122.150307, 38.207749], [-122.152542, 38.215081], [-122.155308, 38.225146], [-122.141138, 38.242041], [-122.121653, 38.231306], [-122.122427, 38.221862], [-122.107807, 38.217198], [-122.077667, 38.246454], [-122.078448, 38.261476], [-122.087997, 38.285443], [-122.061904, 38.291803], [-122.033753, 38.301459], [-122.012896, 38.301446], [-122.006326, 38.29006], [-121.987777, 38.294366], [-121.984429, 38.298491], [-121.970598, 38.309086], [-121.937602, 38.310947], [-121.93063, 38.279276], [-121.899369, 38.276886], [-121.924087, 38.250241], [-121.959378, 38.237585], [-121.974489, 38.254185], [-121.988057, 38.268466], [-121.991505, 38.262428], [-122.019958, 38.256915], [-122.044262, 38.24168], [-122.058307, 38.233412], [-122.083594, 38.215075], [-122.127039, 38.209442], [-122.130013, 38.215862], [-122.136783, 38.188058], [-122.117664, 38.173319], [-122.138846, 38.160214], [-122.147893, 38.177591], [-122.154292, 38.177467], [-122.161777, 38.191423], [-122.168231, 38.190725]]], [[[-122.155862, 38.196108], [-122.154906, 38.196169], [-122.153803, 38.196928], [-122.154449, 38.198344], [-122.156601, 38.197766], [-122.155862, 38.196108]]], [[[-122.070813, 38.26736], [-122.069845, 38.267029], [-122.069431, 38.267794], [-122.070431, 38.268088], [-122.070813, 38.26736]]], [[[-122.01989, 38.262047], [-122.017389, 38.262011], [-122.017383, 38.262854], [-122.019878, 38.262896], [-122.01989, 38.262047]]], [[[-121.966106, 38.274238], [-121.964447, 38.274214], [-121.964415, 38.275962], [-121.966053, 38.27599], [-121.966106, 38.274238]]]]}}, {"type": "Feature", "properties": {"name": "Stockton"}, "geometry": {"type": "MultiPolygon", "coordinates": [[[[-121.418808, 38.044184], [-121.328641, 38.057644], [-121.323721, 38.053338], [-121.320986, 38.044601], [-121.32278, 38.039829], [-121.277665, 38.049237], [-121.2594, 38.057588], [-121.259034, 38.040424], [-121.266421, 38.014702], [-121.271569, 37.999723], [-121.275605, 37.975568], [-121.26566, 37.9696], [-121.253325, 37.963933], [-121.247677, 37.949193], [-121.245866, 37.939767], [-121.238637, 37.937783], [-121.218669, 37.937453], [-121.239414, 37.936466], [-121.259234, 37.932868], [-121.253692, 37.924917], [-121.224732, 37.909737], [-121.204096, 37.915047], [-121.193006, 37.90167], [-121.222539, 37.904294], [-121.247461, 37.883965], [-121.240724, 37.876534], [-121.263109, 37.881057], [-121.260215, 37.888881], [-121.270825, 37.899279], [-121.275768, 37.897856], [-121.327295, 37.897162], [-121.326116, 37.927877], [-121.372061, 37.944935], [-121.37032, 37.967279], [-121.368436, 37.991371], [-121.38316, 38.013422], [-121.415927, 38.044016], [-121.418808, 38.044184]]], [[[-121.369096, 37.967092], [-121.36001, 37.959701], [-121.354358, 37.956923], [-121.353523, 37.958057], [-121.349515, 37.956684], [-121.346458, 37.958123], [-121.342058, 37.959223], [-121.342063, 37.960027], [-121.343136, 37.962475], [-121.344058, 37.962923], [-121.346516, 37.961758], [-121.347285, 37.959088], [-121.348758, 37.959923], [-121.348985, 37.962748], [-121.351376, 37.962426], [-121.35155, 37.963446], [-121.345734, 37.964841], [-121.34405, 37.964703], [-121.343761, 37.964368], [-121.339945, 37.965207], [-121.340295, 37.966268], [-121.336379, 37.967154], [-121.335416, 37.965798], [-121.33218, 37.966599], [-121.33121, 37.96543], [-121.331045, 37.965472], [-121.328663, 37.966061], [-121.327358, 37.963023], [-121.326657, 37.963123], [-121.324827, 37.963604], [-121.320564, 37.964547], [-121.313856, 37.966128], [-121.315126, 37.969447], [-121.316295, 37.972356], [-121.324449, 37.970304], [-121.328038, 37.969415], [-121.328729, 37.970933], [-121.325076, 37.971825], [-121.327095, 37.976908], [-121.327807, 37.978689], [-121.330755, 37.977992], [-121.33169, 37.980761], [-121.33464, 37.980737], [-121.341132, 37.979434], [-121.345286, 37.976684], [-121.346292, 37.975698], [-121.34824, 37.973988], [-121.351218, 37.973208], [-121.351734, 37.972396], [-121.350432, 37.970871], [-121.351186, 37.969304], [-121.351996, 37.969666], [-121.353354, 37.966751], [-121.354945, 37.966235], [-121.355738, 37.968238], [-121.356005, 37.969065], [-121.359213, 37.967607], [-121.362559, 37.96834], [-121.365215, 37.967481], [-121.368712, 37.967449], [-121.369096, 37.967092]]], [[[-121.356832, 38.001114], [-121.35175, 38.001018], [-121.350106, 38.002008], [-121.349355, 38.000077], [-121.349187, 37.999672], [-121.348848, 37.998799], [-121.348439, 37.999242], [-121.348946, 37.999739], [-121.349321, 38.000078], [-121.350523, 38.004856], [-121.351232, 38.0048], [-121.354336, 38.005228], [-121.356403, 38.005123], [-121.356832, 38.001114]]], [[[-121.34768, 37.99975], [-121.347151, 37.999414], [-121.345188, 37.999323], [-121.343704, 37.999322], [-121.343305, 37.999158], [-121.343069, 37.99916], [-121.34224, 37.999138], [-121.341268, 37.999163], [-121.340914, 37.999298], [-121.337255, 37.99931], [-121.331658, 37.999258], [-121.331673, 38.001234], [-121.330595, 38.001502], [-121.331666, 38.00361], [-121.32807, 38.004875], [-121.323221, 38.006581], [-121.320915, 38.007942], [-121.319046, 38.007158], [-121.320614, 38.011053], [-121.32169, 38.013739], [-121.327103, 38.013749], [-121.326835, 38.01625], [-121.324061, 38.015923], [-121.324696, 38.018116], [-121.328059, 38.019222], [-121.328875, 38.021006], [-121.32602, 38.02101], [-121.325254, 38.021105], [-121.326682, 38.022652], [-121.326011, 38.022979], [-121.322956, 38.022755], [-121.322863, 38.024941], [-121.328909, 38.025126], [-121.33169, 38.028194], [-121.331828, 38.028344], [-121.335206, 38.028364], [-121.340937, 38.028414], [-121.340938, 38.028273], [-121.340852, 38.023851], [-121.340667, 38.022098], [-121.335107, 38.022133], [-121.335081, 38.021091], [-121.332156, 38.021034], [-121.332157, 38.022037], [-121.331079, 38.021025], [-121.331211, 38.021026], [-121.33157, 38.015599], [-121.336904, 38.015619], [-121.336904, 38.013674], [-121.335534, 38.013777], [-121.330407, 38.013758], [-121.330608, 38.015235], [-121.328828, 38.016302], [-121.329268, 38.013754], [-121.329884, 38.013755], [-121.329727, 38.011022], [-121.329286, 38.008552], [-121.33401, 38.007188], [-121.33816, 38.005983], [-121.33873, 38.005718], [-121.339764, 38.00587], [-121.349733, 38.004913], [-121.34768, 37.99975]]], [[[-121.346533, 38.041738], [-121.343556, 38.039258], [-121.341219, 38.037287], [-121.341062, 38.037175], [-121.341231, 38.042878], [-121.347971, 38.042938], [-121.346533, 38.041738]]], [[[-121.345479, 38.029921], [-121.341495, 38.030827], [-121.340364, 38.028921], [-121.336396, 38.030937], [-121.335959, 38.032403], [-121.337784, 38.034186], [-121.345514, 38.031336], [-121.345479, 38.029921]]], [[[-121.337943, 38.034342], [-121.335323, 38.03494], [-121.336641, 38.035576], [-121.339116, 38.035519], [-121.337943, 38.034342]]], [[[-121.318331, 37.946275], [-121.316667, 37.940299], [-121.307149, 37.94196], [-121.307832, 37.94441], [-121.309079, 37.94374], [-121.311813, 37.942209], [-121.312389, 37.944312], [-121.314051, 37.944488], [-121.315283, 37.947938], [-121.319002, 37.948851], [-121.318331, 37.946275]]], [[[-121.293303, 37.988341], [-121.293091, 37.987804], [-121.291473, 37.98818], [-121.291849, 37.98915], [-121.293714, 37.988722], [-121.293303, 37.988341]]], [[[-121.290316, 37.916858], [-121.287759, 37.914816], [-121.284908, 37.91518], [-121.284181, 37.91377], [-121.288876, 37.912723], [-121.288073, 37.909675], [-121.285852, 37.90863], [-121.286552, 37.907243], [-121.283725, 37.904775], [-121.277814, 37.906963], [-121.279144, 37.910431], [-121.280217, 37.910146], [-121.28188, 37.914224], [-121.280657, 37.914049], [-121.277235, 37.915179], [-121.279664, 37.921186], [-121.280852, 37.924087], [-121.281804, 37.922988], [-121.284596, 37.920944], [-121.288419, 37.91739], [-121.290316, 37.916858]]], [[[-121.28759, 37.983175], [-121.286573, 37.983328], [-121.282336, 37.984334], [-121.282058, 37.988219], [-121.288665, 37.986045], [-121.28759, 37.983175]]], [[[-121.287506, 37.990441], [-121.285147, 37.992025], [-121.281784, 37.992225], [-121.281607, 37.994453], [-121.283417, 37.993693], [-121.287211, 37.993254], [-121.287343, 37.993251], [-121.287506, 37.990441]]], [[[-121.283953, 37.971529], [-121.283426, 37.971351], [-121.283264, 37.971685], [-121.283491, 37.973087], [-121.284532, 37.972822], [-121.283953, 37.971529]]], [[[-121.282901, 37.97311], [-121.282104, 37.969507], [-121.278185, 37.97017], [-121.279542, 37.973516], [-121.280663, 37.975212], [-121.282979, 37.974352], [-121.282901, 37.97311]]], [[[-121.271784, 37.967385], [-121.271465, 37.965127], [-121.268465, 37.965639], [-121.268905, 37.967627], [-121.265206, 37.968367], [-121.265692, 37.969459], [-121.271933, 37.967799], [-121.271784, 37.967385]]]]}}, {"type": "Feature", "properties": {"name": "Orange"}, "geometry": {"type": "MultiPolygon", "coordinates": [[[[-117.904734, 33.790727], [-117.894252, 33.796127], [-117.881262, 33.79305], [-117.870962, 33.815665], [-117.860541, 33.834859], [-117.855846, 33.84291], [-117.843018, 33.846896], [-117.834191, 33.838953], [-117.822608, 33.833496], [-117.814335, 33.836189], [-117.800634, 33.837414], [-117.788649, 33.835171], [-117.772513, 33.832529], [-117.761936, 33.829979], [-117.746499, 33.82484], [-117.764031, 33.798331], [-117.750401, 33.791854], [-117.737076, 33.791312], [-117.739993, 33.784419], [-117.730009, 33.76926], [-117.748826, 33.778798], [-117.758542, 33.773606], [-117.762155, 33.776768], [-117.777493, 33.787949], [-117.778954, 33.78318], [-117.784839, 33.780178], [-117.79585, 33.78451], [-117.805403, 33.777961], [-117.814031, 33.773498], [-117.81713, 33.773485], [-117.82272, 33.776868], [-117.83006, 33.773067], [-117.839012, 33.774931], [-117.844436, 33.776511], [-117.855555, 33.775879], [-117.863243, 33.775017], [-117.876542, 33.778932], [-117.889169, 33.77394], [-117.897348, 33.775826], [-117.904734, 33.790727]]], [[[-117.858493, 33.834959], [-117.855283, 33.835287], [-117.85584, 33.836352], [-117.857476, 33.836185], [-117.858472, 33.836043], [-117.858738, 33.835783], [-117.858493, 33.834959]]], [[[-117.846397, 33.836053], [-117.846211, 33.83618], [-117.843782, 33.837135], [-117.84544, 33.838822], [-117.846667, 33.836178], [-117.846397, 33.836053]]], [[[-117.84339, 33.837393], [-117.841642, 33.836351], [-117.841138, 33.836135], [-117.839003, 33.836535], [-117.83845, 33.838402], [-117.842261, 33.838904], [-117.84367, 33.838851], [-117.84339, 33.837393]]], [[[-117.827153, 33.813835], [-117.821992, 33.812561], [-117.819817, 33.812259], [-117.821961, 33.810418], [-117.821885, 33.802315], [-117.820274, 33.80232], [-117.818009, 33.805976], [-117.816078, 33.802333], [-117.81533, 33.802116], [-117.814396, 33.798715], [-117.808846, 33.798815], [-117.808194, 33.806778], [-117.802495, 33.807254], [-117.800898, 33.808997], [-117.7992, 33.809767], [-117.798847, 33.813123], [-117.800904, 33.818136], [-117.795747, 33.817706], [-117.796027, 33.820333], [-117.795986, 33.822514], [-117.793625, 33.824526], [-117.795916, 33.829082], [-117.797581, 33.830354], [-117.798873, 33.830845], [-117.800887, 33.831556], [-117.801518, 33.831914], [-117.803345, 33.829865], [-117.806349, 33.82975], [-117.81212, 33.825318], [-117.81844, 33.825396], [-117.824282, 33.826838], [-117.826261, 33.823666], [-117.825164, 33.822022], [-117.820001, 33.819545], [-117.823229, 33.817629], [-117.822499, 33.814662], [-117.827153, 33.813835]]], [[[-117.809436, 33.790189], [-117.809633, 33.787758], [-117.807867, 33.788211], [-117.801319, 33.788655], [-117.799173, 33.788632], [-117.799165, 33.792236], [-117.801333, 33.792247], [-117.801333, 33.792287], [-117.802223, 33.793204], [-117.805699, 33.793218], [-117.805698, 33.791387], [-117.80965, 33.791404], [-117.809436, 33.790189]]], [[[-117.807839, 33.795055], [-117.805698, 33.795043], [-117.805692, 33.79684], [-117.803512, 33.796851], [-117.803511, 33.79868], [-117.807855, 33.798696], [-117.807839, 33.795055]]], [[[-117.788733, 33.799536], [-117.785431, 33.799119], [-117.784963, 33.79629], [-117.785582, 33.79293], [-117.784927, 33.793338], [-117.78305, 33.794211], [-117.781855, 33.793382], [-117.780174, 33.795854], [-117.780184, 33.796642], [-117.782354, 33.796698], [-117.782412, 33.801866], [-117.781058, 33.801894], [-117.776721, 33.802973], [-117.775642, 33.801559], [-117.77278, 33.80161], [-117.772937, 33.802985], [-117.772893, 33.803795], [-117.775471, 33.803773], [-117.775492, 33.803177], [-117.776602, 33.803023], [-117.77665, 33.803763], [-117.778753, 33.803745], [-117.780492, 33.806244], [-117.778459, 33.805873], [-117.778105, 33.807977], [-117.77524, 33.807814], [-117.774576, 33.810722], [-117.77801, 33.81024], [-117.778373, 33.812099], [-117.779523, 33.81272], [-117.779221, 33.814184], [-117.78351, 33.81358], [-117.782275, 33.8103], [-117.782117, 33.809287], [-117.783484, 33.809192], [-117.783761, 33.810351], [-117.785673, 33.809942], [-117.786722, 33.81206], [-117.787845, 33.811707], [-117.786771, 33.811327], [-117.787548, 33.809824], [-117.788932, 33.810034], [-117.78816, 33.807919], [-117.788528, 33.80692], [-117.786418, 33.805625], [-117.790864, 33.804524], [-117.788733, 33.799536]]]]}}, {"type": "Feature", "properties": {"name": "Vista"}, "geometry": {"type": "MultiPolygon", "coordinates": [[[[-117.288249, 33.186729], [-117.279486, 33.204787], [-117.262233, 33.215625], [-117.262224, 33.227181], [-117.245388, 33.233544], [-117.235016, 33.232416], [-117.229238, 33.232315], [-117.221844, 33.235859], [-117.220262, 33.2356], [-117.213943, 33.23034], [-117.216265, 33.229042], [-117.204724, 33.226532], [-117.206613, 33.221156], [-117.208048, 33.217986], [-117.199712, 33.207086], [-117.19269, 33.206895], [-117.208456, 33.204793], [-117.215503, 33.201081], [-117.21068, 33.193918], [-117.213525, 33.190277], [-117.218525, 33.184882], [-117.228342, 33.179481], [-117.21791, 33.175895], [-117.20961, 33.167859], [-117.214526, 33.16674], [-117.215396, 33.161309], [-117.216658, 33.157292], [-117.214635, 33.151158], [-117.219937, 33.138661], [-117.234025, 33.135009], [-117.253877, 33.152392], [-117.256579, 33.161762], [-117.247165, 33.175484], [-117.252604, 33.174382], [-117.253998, 33.182112], [-117.264212, 33.18604], [-117.276188, 33.184201], [-117.283937, 33.181585], [-117.288249, 33.186729]]], [[[-117.244759, 33.175654], [-117.240086, 33.175698], [-117.242925, 33.173518], [-117.235493, 33.173071], [-117.235312, 33.175744], [-117.233866, 33.175755], [-117.232856, 33.178186], [-117.234639, 33.179402], [-117.239115, 33.179357], [-117.239134, 33.180693], [-117.241284, 33.1795], [-117.241998, 33.178692], [-117.242934, 33.178465], [-117.244197, 33.177869], [-117.244768, 33.177515], [-117.244759, 33.175654]]]]}}, {"type": "Feature", "properties": {"name": "Maywood"}, "geometry": {"type": "Polygon", "coordinates": [[[-118.204164, 33.989522], [-118.204327, 33.996653], [-118.203431, 33.99667], [-118.199693, 33.996279], [-118.191126, 33.994973], [-118.185803, 33.994433], [-118.185857, 33.993937], [-118.184471, 33.994266], [-118.183371, 33.993066], [-118.178072, 33.98995], [-118.178426, 33.989502], [-118.175569, 33.986709], [-118.174156, 33.98631], [-118.172554, 33.986482], [-118.17071, 33.982952], [-118.170045, 33.980149], [-118.172172, 33.980281], [-118.176188, 33.980639], [-118.177351, 33.980756], [-118.179629, 33.980987], [-118.180772, 33.981102], [-118.181914, 33.981215], [-118.186395, 33.981673], [-118.189743, 33.982021], [-118.189452, 33.983882], [-118.189033, 33.986376], [-118.19005, 33.987187], [-118.192297, 33.987416], [-118.194459, 33.987639], [-118.196612, 33.987853], [-118.200949, 33.988237], [-118.202626, 33.988396], [-118.204156, 33.988957], [-118.204512, 33.989559], [-118.204164, 33.989522]]]}}, {"type": "Feature", "properties": {"name": "San Fernando"}, "geometry": {"type": "Polygon", "coordinates": [[[-118.452522, 34.287494], [-118.451352, 34.288326], [-118.449441, 34.289699], [-118.448813, 34.291463], [-118.44702, 34.293053], [-118.4455, 34.294406], [-118.444781, 34.293803], [-118.442547, 34.295923], [-118.441788, 34.296467], [-118.438821, 34.299112], [-118.432863, 34.304425], [-118.42925, 34.30177], [-118.426354, 34.299041], [-118.423467, 34.296322], [-118.421401, 34.294375], [-118.418562, 34.296451], [-118.415792, 34.293841], [-118.418632, 34.291764], [-118.417448, 34.290119], [-118.420729, 34.287727], [-118.424018, 34.285327], [-118.427291, 34.28294], [-118.430569, 34.280549], [-118.432705, 34.278497], [-118.433614, 34.277816], [-118.433992, 34.27787], [-118.435695, 34.279295], [-118.442021, 34.274573], [-118.443734, 34.27331], [-118.447048, 34.276442], [-118.451127, 34.280296], [-118.452347, 34.281454], [-118.456008, 34.284903], [-118.452522, 34.287494]]]}}, {"type": "Feature", "properties": {"name": "Los Angeles"}, "geometry": {"type": "MultiPolygon", "coordinates": [[[[-118.668162, 34.184141], [-118.647753, 34.234983], [-118.585091, 34.303478], [-118.468863, 34.330091], [-118.405469, 34.307912], [-118.382938, 34.293965], [-118.326914, 34.28606], [-118.292761, 34.221654], [-118.356075, 34.168068], [-118.29883, 34.157683], [-118.236057, 34.126607], [-118.20944, 34.146419], [-118.180193, 34.126425], [-118.177995, 34.099726], [-118.176053, 34.062296], [-118.192231, 34.016546], [-118.256436, 33.989498], [-118.243255, 33.953263], [-118.265186, 33.9231], [-118.298284, 33.846349], [-118.264592, 33.80007], [-118.220749, 33.782623], [-118.283935, 33.708874], [-118.318512, 33.734782], [-118.309038, 33.760515], [-118.308804, 33.811039], [-118.29154, 33.865664], [-118.291625, 33.945491], [-118.309015, 33.941833], [-118.340681, 33.981727], [-118.378615, 33.952646], [-118.424396, 33.92177], [-118.464088, 34.005773], [-118.488881, 34.045781], [-118.598045, 34.076214], [-118.654264, 34.169427], [-118.668162, 34.184141]]], [[[-118.468257, 34.062513], [-118.467953, 34.06091], [-118.465581, 34.058159], [-118.464599, 34.056974], [-118.461805, 34.053744], [-118.460731, 34.052514], [-118.459221, 34.050785], [-118.457089, 34.048312], [-118.456576, 34.047717], [-118.454074, 34.049212], [-118.452222, 34.04706], [-118.451941, 34.047228], [-118.450989, 34.047796], [-118.448359, 34.049367], [-118.449095, 34.051996], [-118.449087, 34.053351], [-118.445624, 34.055295], [-118.446284, 34.05606], [-118.447715, 34.057721], [-118.452047, 34.062834], [-118.453126, 34.063998], [-118.4544, 34.065597], [-118.454681, 34.066799], [-118.459623, 34.065445], [-118.455161, 34.060243], [-118.455455, 34.060066], [-118.458781, 34.058073], [-118.4611, 34.060046], [-118.4632, 34.065066], [-118.463723, 34.065537], [-118.466731, 34.067708], [-118.468893, 34.065871], [-118.468257, 34.062513]]], [[[-118.461975, 33.979366], [-118.4619, 33.978906], [-118.4618, 33.978275], [-118.457478, 33.973786], [-118.454761, 33.969675], [-118.453193, 33.967045], [-118.452251, 33.965644], [-118.451606, 33.964685], [-118.451301, 33.964231], [-118.433565, 33.974274], [-118.432259, 33.975016], [-118.432808, 33.975761], [-118.439221, 33.980761], [-118.441604, 33.98338], [-118.44622, 33.98426], [-118.455051, 33.986416], [-118.456348, 33.98559], [-118.458624, 33.984141], [-118.46348, 33.981049], [-118.461975, 33.979366]]], [[[-118.456008, 34.284903], [-118.452347, 34.281454], [-118.451127, 34.280296], [-118.447048, 34.276442], [-118.443734, 34.27331], [-118.442021, 34.274573], [-118.435695, 34.279295], [-118.433992, 34.27787], [-118.433614, 34.277816], [-118.432705, 34.278497], [-118.430569, 34.280549], [-118.427291, 34.28294], [-118.424018, 34.285327], [-118.420729, 34.287727], [-118.417448, 34.290119], [-118.418632, 34.291764], [-118.415792, 34.293841], [-118.418562, 34.296451], [-118.421401, 34.294375], [-118.423467, 34.296322], [-118.426354, 34.299041], [-118.42925, 34.30177], [-118.432863, 34.304425], [-118.438821, 34.299112], [-118.441788, 34.296467], [-118.442547, 34.295923], [-118.444781, 34.293803], [-118.4455, 34.294406], [-118.44702, 34.293053], [-118.448813, 34.291463], [-118.449441, 34.289699], [-118.451352, 34.288326], [-118.452522, 34.287494], [-118.456008, 34.284903]]], [[[-118.447178, 33.990759], [-118.432463, 33.991453], [-118.430787, 33.994235], [-118.420045, 33.997494], [-118.414231, 34.003433], [-118.402768, 34.003465], [-118.402815, 33.995833], [-118.407856, 33.992117], [-118.401239, 33.986386], [-118.394895, 33.983854], [-118.394658, 33.980666], [-118.386602, 33.976696], [-118.377184, 33.97702], [-118.36126, 33.983034], [-118.352681, 33.988877], [-118.342476, 33.988471], [-118.336654, 33.996311], [-118.334984, 34.006115], [-118.341225, 34.004772], [-118.355936, 34.000621], [-118.357543, 34.009145], [-118.366719, 34.015622], [-118.377973, 34.018018], [-118.377952, 34.02197], [-118.376643, 34.026008], [-118.371901, 34.029929], [-118.379693, 34.031407], [-118.393479, 34.025386], [-118.400608, 34.021472], [-118.406864, 34.018574], [-118.418235, 34.012109], [-118.417344, 34.006749], [-118.420052, 33.998965], [-118.42651, 33.998732], [-118.43472, 33.997206], [-118.445053, 33.994282], [-118.447178, 33.990759]]], [[[-118.427031, 34.089684], [-118.422863, 34.079933], [-118.422546, 34.075273], [-118.416392, 34.068866], [-118.411551, 34.060425], [-118.405562, 34.054141], [-118.403993, 34.057101], [-118.39908, 34.057035], [-118.387783, 34.057091], [-118.37733, 34.062954], [-118.375481, 34.06946], [-118.383764, 34.072122], [-118.39034, 34.076502], [-118.379401, 34.076391], [-118.374202, 34.082019], [-118.377006, 34.084849], [-118.372498, 34.090256], [-118.369088, 34.087101], [-118.357395, 34.087166], [-118.348663, 34.08893], [-118.344086, 34.094327], [-118.353908, 34.094401], [-118.361541, 34.094535], [-118.372736, 34.095623], [-118.381183, 34.093323], [-118.386561, 34.091039], [-118.392557, 34.098499], [-118.390574, 34.109203], [-118.401038, 34.108744], [-118.401677, 34.094205], [-118.402419, 34.093667], [-118.408641, 34.097147], [-118.412695, 34.093], [-118.42274, 34.094315], [-118.423979, 34.090462], [-118.427031, 34.089684]]], [[[-118.417542, 34.107897], [-118.41739, 34.105199], [-118.409751, 34.105152], [-118.409735, 34.108854], [-118.411809, 34.108883], [-118.411789, 34.110697], [-118.413969, 34.110727], [-118.415869, 34.111964], [-118.416041, 34.112512], [-118.416074, 34.112514], [-118.416628, 34.112506], [-118.417491, 34.112497], [-118.417497, 34.111985], [-118.417542, 34.107897]]], [[[-118.414732, 33.984017], [-118.412461, 33.980297], [-118.409987, 33.980978], [-118.409928, 33.98088], [-118.409086, 33.981247], [-118.409182, 33.981329], [-118.413419, 33.984966], [-118.414732, 33.984017]]], [[[-118.362151, 34.139028], [-118.35719, 34.139214], [-118.356977, 34.139067], [-118.357828, 34.137986], [-118.356989, 34.135041], [-118.351998, 34.134193], [-118.348775, 34.131386], [-118.348453, 34.132885], [-118.344213, 34.136061], [-118.34323, 34.138214], [-118.345038, 34.142446], [-118.345665, 34.142367], [-118.346425, 34.142207], [-118.35416, 34.143211], [-118.357967, 34.143348], [-118.359386, 34.142706], [-118.361267, 34.142686], [-118.360958, 34.141136], [-118.362151, 34.139028]]], [[[-118.358352, 34.075678], [-118.357334, 34.075688], [-118.357352, 34.076122], [-118.358372, 34.076118], [-118.358352, 34.075678]]], [[[-118.30915, 33.737916], [-118.307743, 33.737915], [-118.301143, 33.737868], [-118.298947, 33.737879], [-118.296739, 33.737878], [-118.29673, 33.739693], [-118.296714, 33.743318], [-118.298005, 33.743352], [-118.298912, 33.744144], [-118.299508, 33.743345], [-118.301667, 33.743334], [-118.301655, 33.74152], [-118.302063, 33.73931], [-118.304264, 33.739961], [-118.304257, 33.741527], [-118.308682, 33.741621], [-118.30915, 33.737916]]], [[[-118.299214, 33.851245], [-118.299215, 33.847292], [-118.297035, 33.847284], [-118.297033, 33.858317], [-118.299222, 33.858315], [-118.299214, 33.851245]]]]}}, {"type": "Feature", "properties": {"name": "Winters"}, "geometry": {"type": "MultiPolygon", "coordinates": [[[[-121.992481, 38.5235], [-121.990755, 38.523363], [-121.990327, 38.525257], [-121.989803, 38.525367], [-121.989616, 38.532619], [-121.989577, 38.53621], [-121.986044, 38.536101], [-121.986088, 38.532626], [-121.981248, 38.532634], [-121.981434, 38.538882], [-121.971118, 38.538935], [-121.971119, 38.541765], [-121.969062, 38.541297], [-121.969012, 38.538458], [-121.969902, 38.538511], [-121.968973, 38.535028], [-121.969027, 38.532744], [-121.967465, 38.532767], [-121.967412, 38.533738], [-121.961538, 38.533525], [-121.955753, 38.534152], [-121.956244, 38.53934], [-121.953146, 38.539409], [-121.953143, 38.536627], [-121.953376, 38.534103], [-121.955266, 38.531846], [-121.95498, 38.530684], [-121.953428, 38.528658], [-121.95311, 38.526817], [-121.95312, 38.525636], [-121.960398, 38.523008], [-121.963606, 38.522802], [-121.967836, 38.520098], [-121.970688, 38.515779], [-121.974611, 38.513734], [-121.976423, 38.517237], [-121.979809, 38.516789], [-121.982114, 38.518743], [-121.986326, 38.518837], [-121.987243, 38.517998], [-121.988842, 38.518455], [-121.98943, 38.518696], [-121.990877, 38.521044], [-121.992808, 38.521268], [-121.992481, 38.5235]]], [[[-122.0006, 38.552165], [-121.985361, 38.552066], [-121.985208, 38.539821], [-121.989546, 38.539873], [-122.000563, 38.539876], [-122.0006, 38.552165]]]]}}, {"type": "Feature", "properties": {"name": "San Joaquin"}, "geometry": {"type": "MultiPolygon", "coordinates": [[[[-120.200144, 36.602983], [-120.197452, 36.603107], [-120.197459, 36.613452], [-120.197443, 36.614319], [-120.178972, 36.614517], [-120.178688, 36.614208], [-120.178652, 36.603486], [-120.178652, 36.603165], [-120.182718, 36.603161], [-120.180824, 36.601524], [-120.173372, 36.596295], [-120.183266, 36.596043], [-120.183304, 36.599016], [-120.188037, 36.598975], [-120.188053, 36.601299], [-120.19075, 36.601303], [-120.190744, 36.603243], [-120.197196, 36.603112], [-120.197237, 36.599418], [-120.200124, 36.59931], [-120.200144, 36.602983]]], [[[-120.216891, 36.602501], [-120.212689, 36.590563], [-120.211712, 36.588974], [-120.215274, 36.591018], [-120.215387, 36.592083], [-120.219195, 36.602502], [-120.216891, 36.602501]]]]}}, {"type": "Feature", "properties": {"name": "Albany"}, "geometry": {"type": "Polygon", "coordinates": [[[-122.326912, 37.889647548398], [-122.326912, 37.892492], [-122.315439, 37.892231], [-122.311101, 37.89043], [-122.309497, 37.892981], [-122.311399, 37.895794], [-122.313147550967, 37.8972880379388], [-122.311359, 37.89749], [-122.309261, 37.897728], [-122.308859, 37.897773], [-122.305407, 37.898163], [-122.30218, 37.898525], [-122.301579, 37.898229], [-122.301437, 37.89816], [-122.299648, 37.898098], [-122.296207, 37.898925], [-122.293908, 37.898368], [-122.292655, 37.898338], [-122.291979, 37.898225], [-122.289884, 37.897553], [-122.288169, 37.897835], [-122.286693, 37.898513], [-122.286788, 37.896548], [-122.286963, 37.892809], [-122.287047, 37.890918], [-122.285701, 37.891006], [-122.282409, 37.891171], [-122.281666, 37.888262], [-122.282738, 37.885375], [-122.28185, 37.885025], [-122.282028, 37.884368], [-122.282918, 37.882511], [-122.286092, 37.882326], [-122.287225, 37.882532], [-122.288567, 37.882905], [-122.29028, 37.883025], [-122.290757, 37.883147], [-122.294446, 37.882578], [-122.296238, 37.883474], [-122.296882, 37.883471], [-122.299311, 37.882903], [-122.30018, 37.882822], [-122.302313, 37.882356], [-122.307507, 37.881791], [-122.308351, 37.882115], [-122.312820832862, 37.8812770775089], [-122.316153, 37.884915], [-122.326912, 37.888712], [-122.326912, 37.889647548398]]]}}, {"type": "Feature", "properties": {"name": "Grand Terrace"}, "geometry": {"type": "Polygon", "coordinates": [[[-117.337038, 34.036184], [-117.335024, 34.035528], [-117.334535, 34.038435], [-117.332398, 34.038441], [-117.3317, 34.038439], [-117.331424, 34.041221], [-117.331123, 34.042963], [-117.330955, 34.044046], [-117.326545, 34.044021], [-117.326685, 34.043274], [-117.327294, 34.039656], [-117.325166, 34.041102], [-117.326048, 34.03949], [-117.323803, 34.041326], [-117.32056, 34.042439], [-117.315879, 34.04168], [-117.312788, 34.042199], [-117.309935, 34.04456], [-117.307904, 34.045059], [-117.304866, 34.045226], [-117.304628, 34.04511], [-117.30413, 34.04505], [-117.303438, 34.044776], [-117.299916, 34.044763], [-117.299387, 34.044772], [-117.300209, 34.043571], [-117.300277, 34.042909], [-117.298058, 34.041117], [-117.296169, 34.041056], [-117.295137, 34.037652], [-117.291528, 34.03761], [-117.29111, 34.035126], [-117.291352, 34.034849], [-117.291974, 34.033777], [-117.291922, 34.029652], [-117.296084, 34.029798], [-117.296066, 34.018252], [-117.304895, 34.019301], [-117.309376, 34.019304], [-117.313693, 34.019315], [-117.322386, 34.019377], [-117.333279, 34.01937], [-117.336161, 34.019378], [-117.333482, 34.023954], [-117.333287, 34.025685], [-117.331182, 34.02735], [-117.326987, 34.031939], [-117.330261, 34.032078], [-117.328177, 34.037801], [-117.331767, 34.037846], [-117.333217, 34.033875], [-117.337527, 34.033849], [-117.337038, 34.036184]]]}}, {"type": "Feature", "properties": {"name": "Ione"}, "geometry": {"type": "Polygon", "coordinates": [[[-120.966536, 38.356594], [-120.96111, 38.355508], [-120.958885, 38.362037], [-120.96468, 38.363142], [-120.963996, 38.365679], [-120.960582, 38.369118], [-120.959614, 38.368723], [-120.957645, 38.374914], [-120.951931, 38.373967], [-120.951424, 38.377287], [-120.952048, 38.381154], [-120.950921, 38.38138], [-120.950412, 38.383726], [-120.943893, 38.382925], [-120.928585, 38.382897], [-120.928791, 38.368916], [-120.927167, 38.368913], [-120.927136, 38.367969], [-120.92879, 38.367972], [-120.928775, 38.360742], [-120.928762, 38.354999], [-120.925643, 38.352373], [-120.925596, 38.349076], [-120.924447, 38.348503], [-120.922709, 38.346717], [-120.924028, 38.346717], [-120.924137, 38.339424], [-120.931991, 38.339723], [-120.934225, 38.340406], [-120.934599, 38.341366], [-120.935043, 38.33807], [-120.947362, 38.338205], [-120.943578, 38.341819], [-120.942685, 38.345431], [-120.940478, 38.346505], [-120.942303, 38.346555], [-120.944506, 38.344771], [-120.944332, 38.347662], [-120.945159, 38.346152], [-120.945889, 38.347698], [-120.949679, 38.348994], [-120.955457, 38.350213], [-120.956313, 38.347934], [-120.960112, 38.348599], [-120.958541, 38.353892], [-120.961038, 38.354317], [-120.967094, 38.354255], [-120.966536, 38.356594]]]}}, {"type": "Feature", "properties": {"name": "San Bernardino"}, "geometry": {"type": "MultiPolygon", "coordinates": [[[[-117.400505, 34.219042], [-117.376153, 34.187662], [-117.393001, 34.226839], [-117.373852, 34.219929], [-117.352601, 34.210223], [-117.335131, 34.222356], [-117.319987, 34.195994], [-117.278694, 34.193453], [-117.274439, 34.201011], [-117.235047, 34.179513], [-117.262251, 34.165007], [-117.226174, 34.157444], [-117.191249, 34.150158], [-117.182491, 34.135677], [-117.195549, 34.135766], [-117.21312, 34.132064], [-117.221849, 34.128557], [-117.22728, 34.121282], [-117.247607, 34.13586], [-117.258948, 34.133139], [-117.254542, 34.121317], [-117.256598, 34.115762], [-117.273342, 34.110211], [-117.261026, 34.104337], [-117.23197, 34.108753], [-117.217456, 34.09713], [-117.269437, 34.063935], [-117.287426, 34.053515], [-117.303909, 34.077111], [-117.313861, 34.08851], [-117.332223, 34.094363], [-117.348526, 34.085045], [-117.351815, 34.106783], [-117.347605, 34.121369], [-117.335487, 34.136957], [-117.331097, 34.153551], [-117.359835, 34.166138], [-117.392046, 34.203678], [-117.400505, 34.219042]]], [[[-117.31146, 34.171803], [-117.311471, 34.171803], [-117.311408, 34.169772], [-117.309276, 34.169791], [-117.309233, 34.166606], [-117.304855, 34.164941], [-117.304861, 34.164584], [-117.296106, 34.164659], [-117.295003, 34.164674], [-117.29502, 34.16646], [-117.293968, 34.16541], [-117.290035, 34.165421], [-117.289943, 34.165588], [-117.288989, 34.165599], [-117.289036, 34.166949], [-117.289995, 34.166953], [-117.290022, 34.166496], [-117.290848, 34.168311], [-117.296145, 34.168278], [-117.296183, 34.171903], [-117.300541, 34.171866], [-117.300538, 34.17144], [-117.301603, 34.171431], [-117.30161, 34.171858], [-117.300527, 34.172463], [-117.300549, 34.17556], [-117.303414, 34.175539], [-117.304954, 34.175056], [-117.304947, 34.17437], [-117.305999, 34.17435], [-117.305998, 34.175534], [-117.31201, 34.175503], [-117.31146, 34.171803]]], [[[-117.264453, 34.149464], [-117.263434, 34.14744], [-117.264441, 34.146754], [-117.261145, 34.14676], [-117.256765, 34.14675], [-117.256807, 34.149469], [-117.256807, 34.151955], [-117.258979, 34.151951], [-117.258915, 34.154467], [-117.260321, 34.154458], [-117.26019, 34.156152], [-117.256835, 34.156257], [-117.25685, 34.159915], [-117.258755, 34.160604], [-117.258747, 34.161323], [-117.261256, 34.161344], [-117.261654, 34.154458], [-117.262198, 34.154062], [-117.264464, 34.154064], [-117.264453, 34.149464]]], [[[-117.252455, 34.152185], [-117.250934, 34.152183], [-117.250969, 34.14946], [-117.252433, 34.149473], [-117.252418, 34.144094], [-117.249423, 34.144066], [-117.249492, 34.146737], [-117.246584, 34.146734], [-117.247528, 34.149448], [-117.243716, 34.149437], [-117.234975, 34.149427], [-117.230588, 34.149424], [-117.230624, 34.152208], [-117.232046, 34.152221], [-117.239305, 34.152154], [-117.238812, 34.153965], [-117.243687, 34.157574], [-117.243735, 34.157573], [-117.252432, 34.157637], [-117.252455, 34.152185]]], [[[-117.250546, 34.138589], [-117.243678, 34.138591], [-117.239313, 34.138558], [-117.239321, 34.141291], [-117.234957, 34.141278], [-117.234956, 34.139797], [-117.236396, 34.14025], [-117.236402, 34.138564], [-117.234956, 34.138548], [-117.234959, 34.136848], [-117.232064, 34.136847], [-117.230573, 34.136841], [-117.231007, 34.141265], [-117.230589, 34.141258], [-117.230594, 34.146717], [-117.233485, 34.14671], [-117.233497, 34.148198], [-117.234975, 34.148196], [-117.234967, 34.146713], [-117.236433, 34.148068], [-117.239282, 34.148075], [-117.239328, 34.146722], [-117.243756, 34.146736], [-117.243715, 34.14402], [-117.242226, 34.144007], [-117.242232, 34.142148], [-117.243705, 34.14261], [-117.243699, 34.141303], [-117.247039, 34.141308], [-117.248031, 34.143825], [-117.248052, 34.14091], [-117.249776, 34.139934], [-117.250546, 34.138589]]], [[[-117.250385, 34.075114], [-117.249726, 34.075129], [-117.249725, 34.075933], [-117.250373, 34.075937], [-117.250385, 34.075114]]], [[[-117.24904, 34.069403], [-117.248075, 34.069302], [-117.248666, 34.069466], [-117.248671, 34.070136], [-117.249036, 34.07014], [-117.24904, 34.069403]]], [[[-117.426068, 34.230848], [-117.424463, 34.230866], [-117.418927, 34.226779], [-117.422129, 34.22682], [-117.423927, 34.227679], [-117.426458, 34.228888], [-117.426068, 34.230848]]], [[[-117.443116, 34.242499], [-117.439708, 34.242574], [-117.440263, 34.241139], [-117.436499, 34.240545], [-117.436309, 34.237756], [-117.439389, 34.237366], [-117.441101, 34.240022], [-117.443116, 34.242499]]]]}}, {"type": "Feature", "properties": {"name": "Artesia"}, "geometry": {"type": "Polygon", "coordinates": [[[-118.091036, 33.876512], [-118.087777, 33.87675], [-118.087806, 33.880338], [-118.082384, 33.880366], [-118.08235, 33.880366], [-118.07707, 33.880377], [-118.074895, 33.880383], [-118.075087, 33.876767], [-118.079649, 33.876462], [-118.080065, 33.875319], [-118.080043, 33.873054], [-118.070384, 33.873111], [-118.070335, 33.869836], [-118.072497, 33.869454], [-118.070314, 33.869457], [-118.070273, 33.865816], [-118.070178, 33.860339], [-118.071224, 33.858535], [-118.069007, 33.858557], [-118.068915, 33.853423], [-118.070459, 33.853411], [-118.072241, 33.854512], [-118.072288, 33.856969], [-118.075151, 33.856228], [-118.078811, 33.858474], [-118.082111, 33.860495], [-118.082127, 33.859264], [-118.082119, 33.858546], [-118.082092, 33.85604], [-118.08645, 33.856004], [-118.086475, 33.858424], [-118.086483, 33.86025], [-118.089983, 33.861319], [-118.090901, 33.861313], [-118.090991, 33.865684], [-118.090923, 33.866264], [-118.090992, 33.872981], [-118.091036, 33.876512]]]}}, {"type": "Feature", "properties": {"name": "Waterford"}, "geometry": {"type": "Polygon", "coordinates": [[[-120.778509, 37.638241], [-120.776199, 37.638214], [-120.776207, 37.641879], [-120.773874, 37.641835], [-120.773915, 37.645693], [-120.771044, 37.648342], [-120.769507, 37.648652], [-120.757962, 37.649621], [-120.755944, 37.649086], [-120.755994, 37.652766], [-120.733831, 37.652603], [-120.73176, 37.652832], [-120.731972, 37.650774], [-120.737451, 37.648014], [-120.741342, 37.647428], [-120.741394, 37.646931], [-120.73817, 37.644159], [-120.728213, 37.644125], [-120.728293, 37.641139], [-120.728626, 37.640888], [-120.733749, 37.640405], [-120.738585, 37.640148], [-120.741292, 37.639662], [-120.743412, 37.639673], [-120.743355, 37.635352], [-120.744464, 37.635016], [-120.752088, 37.6365], [-120.758508, 37.63577], [-120.759134, 37.635979], [-120.762541, 37.634952], [-120.767576, 37.631877], [-120.771459, 37.631554], [-120.773721, 37.628816], [-120.773786, 37.634503], [-120.778441, 37.634545], [-120.778509, 37.638241]]]}}, {"type": "Feature", "properties": {"name": "Hayward"}, "geometry": {"type": "Polygon", "coordinates": [[[-122.160105627599, 37.6638365659161], [-122.130957, 37.664992], [-122.109216, 37.666264], [-122.107051, 37.66691], [-122.099186, 37.667197], [-122.096876, 37.678161], [-122.092559, 37.684671], [-122.086383, 37.68764], [-122.078725, 37.680345], [-122.070582, 37.681286], [-122.069281, 37.683591], [-122.064913, 37.684788], [-122.058596, 37.685183], [-122.065399, 37.676903], [-122.060228, 37.66753], [-122.040856, 37.66538], [-122.031161, 37.661419], [-122.024254, 37.661269], [-122.003281, 37.679147], [-121.949826, 37.669019], [-121.922911, 37.657398], [-121.948386, 37.650864], [-121.985943, 37.665506], [-121.992549, 37.650564], [-122.001102, 37.628598], [-122.009143, 37.641056], [-122.042645, 37.648996], [-122.043531, 37.642927], [-122.031634, 37.624711], [-122.02324, 37.609048], [-122.05869, 37.606028], [-122.080259, 37.611531], [-122.091271, 37.599996], [-122.094586, 37.579419], [-122.084326, 37.568039], [-122.10122, 37.562636], [-122.126458, 37.568529], [-122.14636, 37.607391], [-122.160105627599, 37.6638365659161]]]}}, {"type": "Feature", "properties": {"name": "Amador City"}, "geometry": {"type": "Polygon", "coordinates": [[[-120.829841, 38.420103], [-120.825619, 38.422787], [-120.822428, 38.423956], [-120.822371, 38.422711], [-120.817829, 38.422673], [-120.817846, 38.416911], [-120.821422, 38.414369], [-120.825507, 38.415101], [-120.82877, 38.417384], [-120.830328, 38.419948], [-120.829841, 38.420103]]]}}, {"type": "Feature", "properties": {"name": "Orange Cove"}, "geometry": {"type": "MultiPolygon", "coordinates": [[[[-119.331623, 36.61383], [-119.328964, 36.613919], [-119.329088, 36.617511], [-119.33161, 36.617524], [-119.33156, 36.62113], [-119.327025, 36.621096], [-119.326942, 36.624709], [-119.324731, 36.624675], [-119.324666, 36.628238], [-119.322631, 36.628173], [-119.32261, 36.62916], [-119.324853, 36.630649], [-119.324856, 36.631402], [-119.322561, 36.631344], [-119.322055, 36.632654], [-119.321103, 36.631874], [-119.313637, 36.631756], [-119.313667, 36.634965], [-119.307678, 36.634903], [-119.306504, 36.632842], [-119.304755, 36.632843], [-119.304792, 36.631606], [-119.304812, 36.621075], [-119.304794, 36.617887], [-119.304806, 36.617177], [-119.318158, 36.61736], [-119.318092, 36.610132], [-119.318812, 36.610161], [-119.331661, 36.610263], [-119.331623, 36.61383]]], [[[-119.338739, 36.610265], [-119.333076, 36.610263], [-119.331661, 36.610263], [-119.331669, 36.609919], [-119.331715, 36.603013], [-119.335362, 36.60305], [-119.338739, 36.610265]]]]}}, {"type": "Feature", "properties": {"name": "San Jose"}, "geometry": {"type": "MultiPolygon", "coordinates": [[[[-121.759124, 37.397994], [-121.75572, 37.399018], [-121.75731, 37.400527], [-121.756283, 37.401294], [-121.750833, 37.400447], [-121.748663, 37.399798], [-121.75853, 37.3954], [-121.75976, 37.396027], [-121.759124, 37.397994]]], [[[-121.820965, 37.3677], [-121.820506, 37.368423], [-121.818985, 37.36621], [-121.8202, 37.365386], [-121.821409, 37.366055], [-121.820965, 37.3677]]], [[[-121.823278, 37.207876], [-121.82115, 37.208639], [-121.82257, 37.209427], [-121.817133, 37.220319], [-121.815829, 37.220168], [-121.812542, 37.218915], [-121.811541, 37.217545], [-121.805357, 37.216149], [-121.804647, 37.213936], [-121.8032, 37.212748], [-121.8012, 37.211247], [-121.800095, 37.210866], [-121.805612, 37.203204], [-121.811486, 37.203482], [-121.81568, 37.204997], [-121.816733, 37.203336], [-121.818443, 37.204814], [-121.823706, 37.207211], [-121.823278, 37.207876]]], [[[-121.826096, 37.378349], [-121.824046, 37.379393], [-121.822465, 37.378523], [-121.823567, 37.376806], [-121.825044, 37.377389], [-121.826096, 37.378349]]], [[[-122.04566296427, 37.4492335747765], [-121.932069, 37.455277], [-121.918383, 37.404044], [-121.827576, 37.408064], [-121.783902, 37.393497], [-121.827934, 37.395138], [-121.83545, 37.377955], [-121.825942, 37.363593], [-121.816369, 37.37371], [-121.798118, 37.360446], [-121.766354, 37.330291], [-121.710968, 37.295157], [-121.755546, 37.270463], [-121.72947, 37.235026], [-121.711726, 37.190465], [-121.607487, 37.177489], [-121.66738, 37.167433], [-121.723095, 37.198692], [-121.77565, 37.123145], [-121.771822, 37.181274], [-121.787779, 37.172158], [-121.788489, 37.183592], [-121.785608, 37.221437], [-121.84742, 37.220842], [-121.848672, 37.193091], [-121.91266, 37.21707], [-121.933807, 37.243417], [-121.933831, 37.274667], [-121.938102, 37.299749], [-121.966213, 37.295671], [-121.979788, 37.279004], [-122.00761, 37.29437], [-121.995957, 37.312105], [-121.953029, 37.329906], [-121.932115, 37.356711], [-121.942878, 37.400913], [-122.04566296427, 37.4492335747765]]], [[[-121.940453, 37.258215], [-121.940449, 37.257905], [-121.940435, 37.256067], [-121.931264, 37.256127], [-121.931262, 37.255787], [-121.931262, 37.253621], [-121.931279, 37.251052], [-121.93114, 37.251032], [-121.931163, 37.249239], [-121.926758, 37.249276], [-121.926752, 37.250621], [-121.917766, 37.250914], [-121.917772, 37.254429], [-121.922257, 37.254816], [-121.923471, 37.254813], [-121.922263, 37.256147], [-121.922279, 37.257995], [-121.922284, 37.258272], [-121.921976, 37.259429], [-121.922321, 37.261749], [-121.925904, 37.261743], [-121.926869, 37.260504], [-121.931298, 37.258408], [-121.931343, 37.259295], [-121.931954, 37.259295], [-121.934018, 37.261871], [-121.935319, 37.26221], [-121.936482, 37.262746], [-121.937627, 37.263502], [-121.937608, 37.260238], [-121.940484, 37.260223], [-121.940453, 37.258215]]], [[[-121.939436, 37.305209], [-121.939027, 37.305208], [-121.937145, 37.305206], [-121.937179, 37.307577], [-121.932216, 37.307831], [-121.932413, 37.309336], [-121.931779, 37.309328], [-121.93179, 37.310734], [-121.931837, 37.316177], [-121.925425, 37.316369], [-121.925425, 37.316718], [-121.925425, 37.316902], [-121.925425, 37.319646], [-121.922727, 37.319661], [-121.922181, 37.319667], [-121.922757, 37.322917], [-121.922757, 37.323032], [-121.931904, 37.322817], [-121.931886, 37.322107], [-121.933418, 37.322975], [-121.93825, 37.322921], [-121.939703, 37.321972], [-121.938646, 37.31838], [-121.932431, 37.31762], [-121.931853, 37.317829], [-121.931844, 37.317154], [-121.931841, 37.316949], [-121.931838, 37.316523], [-121.93833, 37.316981], [-121.938677, 37.310836], [-121.939781, 37.310034], [-121.939436, 37.305209]]], [[[-121.934476, 37.323372], [-121.931949, 37.323383], [-121.93196, 37.325062], [-121.931433, 37.324977], [-121.930904, 37.323395], [-121.926772, 37.323415], [-121.925855, 37.32342], [-121.925866, 37.324103], [-121.92559, 37.325331], [-121.926791, 37.325325], [-121.926809, 37.326876], [-121.931987, 37.326913], [-121.931973, 37.325923], [-121.931963, 37.325347], [-121.934801, 37.32532], [-121.934476, 37.323372]]], [[[-121.872016, 37.394421], [-121.87106, 37.393069], [-121.869179, 37.394364], [-121.871914, 37.396367], [-121.873477, 37.395303], [-121.872016, 37.394421]]], [[[-121.870698, 37.289888], [-121.870386, 37.289857], [-121.869377, 37.290533], [-121.867782, 37.288861], [-121.867323, 37.289208], [-121.869929, 37.291863], [-121.870666, 37.291401], [-121.870225, 37.290896], [-121.870673, 37.28998], [-121.870698, 37.289888]]], [[[-121.869896, 37.235841], [-121.867966, 37.234811], [-121.864827, 37.234333], [-121.863197, 37.234752], [-121.864053, 37.233014], [-121.868958, 37.232183], [-121.863936, 37.22936], [-121.861625, 37.228932], [-121.860092, 37.228287], [-121.85815, 37.228835], [-121.855866, 37.229083], [-121.855987, 37.22998], [-121.85652, 37.234165], [-121.855925, 37.236984], [-121.860576, 37.238196], [-121.862343, 37.23931], [-121.863134, 37.237333], [-121.869997, 37.237349], [-121.869896, 37.235841]]], [[[-121.867401, 37.286979], [-121.864314, 37.286506], [-121.865283, 37.287223], [-121.863882, 37.288298], [-121.864919, 37.289147], [-121.867401, 37.286979]]], [[[-121.856225, 37.299412], [-121.856608, 37.298844], [-121.854348, 37.296535], [-121.853043, 37.297231], [-121.85132, 37.295478], [-121.845305, 37.299551], [-121.846314, 37.301625], [-121.848444, 37.303799], [-121.848881, 37.303479], [-121.850573, 37.302295], [-121.852777, 37.304512], [-121.854241, 37.303427], [-121.857671, 37.301118], [-121.856225, 37.299412]]], [[[-121.855522, 37.418885], [-121.854145, 37.417013], [-121.853168, 37.416367], [-121.852459, 37.415374], [-121.846384, 37.414677], [-121.844323, 37.415404], [-121.842979, 37.413351], [-121.843221, 37.41564], [-121.841676, 37.415871], [-121.842278, 37.419064], [-121.843273, 37.419494], [-121.845037, 37.419452], [-121.845515, 37.419689], [-121.847346, 37.419391], [-121.847236, 37.420301], [-121.84828, 37.419927], [-121.849737, 37.420342], [-121.850578, 37.421572], [-121.854983, 37.41918], [-121.855522, 37.418885]]], [[[-121.848503, 37.287934], [-121.845482, 37.286379], [-121.844862, 37.283609], [-121.84611, 37.282728], [-121.844385, 37.280954], [-121.843013, 37.2822], [-121.844428, 37.283611], [-121.843446, 37.285785], [-121.843599, 37.285925], [-121.845266, 37.287454], [-121.845867, 37.287055], [-121.848347, 37.28788], [-121.848503, 37.287934]]], [[[-121.846529, 37.411207], [-121.845622, 37.409827], [-121.840976, 37.410232], [-121.842958, 37.413316], [-121.845885, 37.412645], [-121.846529, 37.411207]]], [[[-121.841714, 37.405826], [-121.83924, 37.403314], [-121.840133, 37.402909], [-121.838728, 37.400932], [-121.832908, 37.404152], [-121.834213, 37.405429], [-121.836395, 37.404511], [-121.838106, 37.404949], [-121.83865, 37.405545], [-121.835585, 37.405974], [-121.836205, 37.407364], [-121.838189, 37.40747], [-121.840159, 37.408377], [-121.839431, 37.406869], [-121.841714, 37.405826]]], [[[-121.818956, 37.289806], [-121.81864, 37.287975], [-121.813085, 37.287508], [-121.813189, 37.284962], [-121.813626, 37.284112], [-121.814179, 37.282358], [-121.812422, 37.27884], [-121.812092, 37.278642], [-121.809028, 37.278598], [-121.806101, 37.277655], [-121.80599, 37.277214], [-121.805581, 37.277079], [-121.802753, 37.275819], [-121.800443, 37.275444], [-121.800266, 37.278022], [-121.80289, 37.279039], [-121.806734, 37.281913], [-121.808457, 37.282922], [-121.809033, 37.28605], [-121.808691, 37.291344], [-121.809829, 37.290313], [-121.811774, 37.289316], [-121.813507, 37.289582], [-121.816261, 37.288755], [-121.818264, 37.290215], [-121.818886, 37.290885], [-121.818956, 37.289806]]], [[[-121.80066, 37.336037], [-121.79476, 37.337138], [-121.798562, 37.341439], [-121.795162, 37.342639], [-121.797999, 37.344042], [-121.804821, 37.340625], [-121.80066, 37.336037]]], [[[-121.758069, 37.21774], [-121.753081, 37.215297], [-121.750822, 37.213855], [-121.747617, 37.214745], [-121.744829, 37.216996], [-121.746554, 37.218325], [-121.747716, 37.221043], [-121.746212, 37.22198], [-121.746942, 37.222715], [-121.748912, 37.22443], [-121.75106, 37.224644], [-121.751543, 37.226362], [-121.756217, 37.220208], [-121.758069, 37.21774]]], [[[-121.742321, 37.218117], [-121.738273, 37.214664], [-121.736963, 37.215621], [-121.740177, 37.217841], [-121.740562, 37.217519], [-121.742321, 37.218117]]], [[[-121.709963, 37.188057], [-121.708262, 37.186411], [-121.707546, 37.186829], [-121.706193, 37.185536], [-121.705239, 37.186165], [-121.702988, 37.185391], [-121.701889, 37.183737], [-121.703451, 37.181748], [-121.691091, 37.169625], [-121.685066, 37.17299], [-121.678666, 37.177358], [-121.679258, 37.178404], [-121.685722, 37.185535], [-121.689324, 37.18776], [-121.691007, 37.186658], [-121.695524, 37.187881], [-121.697052, 37.187416], [-121.70024, 37.189051], [-121.707523, 37.191062], [-121.708729, 37.190171], [-121.707467, 37.189103], [-121.709026, 37.188923], [-121.709963, 37.188057]]]]}}, {"type": "Feature", "properties": {"name": "Hughson"}, "geometry": {"type": "MultiPolygon", "coordinates": [[[[-120.87372, 37.629186], [-120.871479, 37.627564], [-120.870226, 37.625163], [-120.868086, 37.624677], [-120.868973, 37.620912], [-120.873294, 37.622292], [-120.874776, 37.623453], [-120.87372, 37.629186]]], [[[-120.884753, 37.609259], [-120.87014, 37.609302], [-120.870118, 37.607462], [-120.867369, 37.607499], [-120.867372, 37.6093], [-120.865603, 37.609634], [-120.851638, 37.609211], [-120.85177, 37.594688], [-120.856405, 37.594706], [-120.860323, 37.59428], [-120.860029, 37.588405], [-120.860917, 37.58895], [-120.863096, 37.591075], [-120.86539, 37.591047], [-120.865378, 37.587598], [-120.869904, 37.58756], [-120.869934, 37.591153], [-120.877607, 37.590945], [-120.877617, 37.594809], [-120.87622, 37.595935], [-120.875981, 37.602362], [-120.884753, 37.609259]]]]}}, {"type": "Feature", "properties": {"name": "Etna"}, "geometry": {"type": "Polygon", "coordinates": [[[-122.908045, 41.453914], [-122.90618, 41.454222], [-122.906109, 41.457372], [-122.903422, 41.457364], [-122.903206, 41.463488], [-122.896882, 41.463406], [-122.89401, 41.462552], [-122.894851, 41.464932], [-122.88879, 41.466874], [-122.888742, 41.466177], [-122.890993, 41.465132], [-122.890303, 41.463791], [-122.888628, 41.46373], [-122.888231, 41.461322], [-122.888931, 41.460475], [-122.888134, 41.461273], [-122.88582, 41.460072], [-122.884292, 41.46039], [-122.883735, 41.458985], [-122.882945, 41.45697], [-122.880766, 41.456219], [-122.883551, 41.453656], [-122.887026, 41.454537], [-122.888298, 41.453265], [-122.889161, 41.454634], [-122.892123, 41.452649], [-122.897442, 41.453917], [-122.898767, 41.452594], [-122.903172, 41.452709], [-122.903247, 41.453779], [-122.905983, 41.454021], [-122.906052, 41.452659], [-122.908474, 41.452595], [-122.908045, 41.453914]]]}}, {"type": "Feature", "properties": {"name": "Tulelake"}, "geometry": {"type": "Polygon", "coordinates": [[[-121.48093, 41.953639], [-121.481332, 41.961269], [-121.478695, 41.961305], [-121.472347, 41.955378], [-121.466358, 41.949292], [-121.464661, 41.947643], [-121.476531, 41.947566], [-121.476649, 41.951025], [-121.481431, 41.951135], [-121.48093, 41.953639]]]}}, {"type": "Feature", "properties": {"name": "Tehama"}, "geometry": {"type": "Polygon", "coordinates": [[[-122.133643, 40.024173], [-122.132945, 40.02587], [-122.13586, 40.030414], [-122.130286, 40.028558], [-122.120206, 40.029451], [-122.120272, 40.025266], [-122.119167, 40.019614], [-122.117885, 40.017074], [-122.115589, 40.014954], [-122.128455, 40.014713], [-122.129614, 40.014838], [-122.13032, 40.015154], [-122.137954, 40.020439], [-122.133643, 40.024173]]]}}, {"type": "Feature", "properties": {"name": "Escondido"}, "geometry": {"type": "MultiPolygon", "coordinates": [[[[-117.023725, 33.180605], [-117.021986, 33.180591], [-117.021858, 33.182081], [-117.016934, 33.181987], [-117.016924, 33.179695], [-117.023654, 33.179785], [-117.023725, 33.180605]]], [[[-117.146104, 33.167471], [-117.11802, 33.181837], [-117.107762, 33.163532], [-117.092732, 33.171022], [-117.085285, 33.179426], [-117.055665, 33.163313], [-117.067007, 33.192606], [-117.085169, 33.210966], [-117.041333, 33.18182], [-117.023876, 33.148977], [-117.00296, 33.116296], [-117.010807, 33.111401], [-117.023024, 33.128625], [-117.048545, 33.120488], [-117.064786, 33.120495], [-117.060391, 33.1002], [-117.051415, 33.096923], [-117.050614, 33.084852], [-117.047168, 33.067921], [-117.056626, 33.061954], [-117.082248, 33.064703], [-117.084048, 33.073066], [-117.069552, 33.075245], [-117.084759, 33.091017], [-117.085667, 33.093029], [-117.09663, 33.095007], [-117.088492, 33.089103], [-117.104159, 33.081392], [-117.114521, 33.092641], [-117.139599, 33.087512], [-117.120133, 33.109387], [-117.120966, 33.123973], [-117.129658, 33.127435], [-117.103376, 33.129321], [-117.110431, 33.152656], [-117.128494, 33.15801], [-117.146104, 33.167471]]], [[[-117.10682, 33.151066], [-117.105899, 33.151058], [-117.105948, 33.151851], [-117.104767, 33.151875], [-117.104779, 33.15275], [-117.105867, 33.152788], [-117.106897, 33.152752], [-117.10682, 33.151066]]], [[[-117.098506, 33.154453], [-117.095008, 33.154404], [-117.094321, 33.156548], [-117.096278, 33.156536], [-117.100374, 33.156529], [-117.098506, 33.154453]]], [[[-117.099207, 33.148559], [-117.096732, 33.148593], [-117.096188, 33.150502], [-117.097427, 33.150255], [-117.097592, 33.149283], [-117.099233, 33.14932], [-117.099207, 33.148559]]], [[[-117.092127, 33.103413], [-117.09183, 33.102854], [-117.090854, 33.101174], [-117.090267, 33.101185], [-117.090135, 33.10221], [-117.090291, 33.103559], [-117.090761, 33.103521], [-117.09083, 33.104162], [-117.090377, 33.104202], [-117.090468, 33.105109], [-117.093159, 33.104905], [-117.092127, 33.103413]]], [[[-117.087806, 33.156301], [-117.085729, 33.155729], [-117.084014, 33.155643], [-117.083662, 33.155224], [-117.08188, 33.155605], [-117.083302, 33.157413], [-117.084292, 33.155979], [-117.086204, 33.158352], [-117.08194, 33.1608], [-117.082513, 33.16153], [-117.083102, 33.161161], [-117.083854, 33.162102], [-117.087426, 33.160032], [-117.086817, 33.159133], [-117.088286, 33.158925], [-117.087806, 33.156301]]], [[[-117.086675, 33.145057], [-117.083909, 33.146972], [-117.084603, 33.147633], [-117.084032, 33.149253], [-117.084772, 33.149617], [-117.082972, 33.151714], [-117.081623, 33.152576], [-117.080217, 33.152828], [-117.079708, 33.153504], [-117.077418, 33.153941], [-117.078178, 33.15549], [-117.077791, 33.155744], [-117.078947, 33.157191], [-117.083239, 33.154731], [-117.08648, 33.154396], [-117.08621, 33.152773], [-117.087233, 33.152631], [-117.086308, 33.146742], [-117.087401, 33.146612], [-117.086675, 33.145057]]], [[[-117.080226, 33.160079], [-117.0797, 33.159442], [-117.078692, 33.160023], [-117.079123, 33.160495], [-117.079585, 33.160247], [-117.079705, 33.160393], [-117.080226, 33.160079]]], [[[-117.065989, 33.104382], [-117.065356, 33.104477], [-117.064078, 33.104306], [-117.063701, 33.101958], [-117.0649, 33.101824], [-117.064826, 33.101396], [-117.061498, 33.10201], [-117.061869, 33.103978], [-117.061654, 33.104536], [-117.062171, 33.106499], [-117.067031, 33.105595], [-117.065989, 33.104382]]], [[[-117.059362, 33.097395], [-117.060496, 33.098071], [-117.063091, 33.097274], [-117.06436, 33.097919], [-117.065362, 33.101], [-117.066877, 33.100902], [-117.067319, 33.099623], [-117.067214, 33.099556], [-117.068418, 33.099524], [-117.069485, 33.097436], [-117.065982, 33.096699], [-117.066552, 33.09446], [-117.064528, 33.090458], [-117.063716, 33.089964], [-117.061563, 33.086052], [-117.0573, 33.086096], [-117.057921, 33.08721], [-117.058274, 33.087888], [-117.059362, 33.097395]]]]}}, {"type": "Feature", "properties": {"name": "San Diego"}, "geometry": {"type": "MultiPolygon", "coordinates": [[[[-116.931919, 32.649612], [-116.931437, 32.649937], [-116.93104, 32.649472], [-116.931492, 32.649178], [-116.932566, 32.649181], [-116.931919, 32.649612]]], [[[-116.933724, 32.606315], [-116.932419, 32.606649], [-116.932392, 32.606987], [-116.93292, 32.608188], [-116.932167, 32.608851], [-116.932117, 32.610097], [-116.929146, 32.610087], [-116.929157, 32.611089], [-116.927781, 32.611383], [-116.926854, 32.611964], [-116.92572, 32.610719], [-116.925664, 32.610106], [-116.92568, 32.608216], [-116.928315, 32.608232], [-116.930041, 32.608205], [-116.930836, 32.608148], [-116.930818, 32.604805], [-116.931435, 32.604758], [-116.931635, 32.605158], [-116.933204, 32.604718], [-116.933724, 32.606315]]], [[[-117.28217, 32.839547], [-117.258127, 32.939019], [-117.233352, 32.981845], [-117.174955, 32.970286], [-117.122118, 33.010396], [-117.113546, 33.060806], [-117.120204, 33.065863], [-117.069854, 33.062811], [-117.036056, 33.080008], [-117.024838, 33.105234], [-116.963799, 33.0933], [-116.946436, 33.095091], [-117.027461, 33.06241], [-117.05377, 33.018734], [-117.06674, 32.934435], [-117.012532, 32.938822], [-116.996838, 32.885659], [-117.023276, 32.839238], [-117.006351, 32.813284], [-117.044286, 32.780058], [-117.05116, 32.763249], [-117.058377, 32.730554], [-117.031941, 32.71548], [-117.025233, 32.69868], [-117.070828, 32.67638], [-117.095299, 32.688959], [-117.101992, 32.604291], [-117.049254, 32.587555], [-116.951535, 32.578559], [-117.10126, 32.572847], [-117.114611, 32.594135], [-117.190272, 32.714183], [-117.204207312836, 32.687325], [-117.255026, 32.743772], [-117.25932313534, 32.800892772932], [-117.28217, 32.839547]]], [[[-117.116745, 32.893305], [-117.11648, 32.892833], [-117.114896, 32.893189], [-117.109773, 32.894277], [-117.109201, 32.894435], [-117.107468, 32.895788], [-117.107481, 32.898162], [-117.116308, 32.898181], [-117.116516, 32.898205], [-117.116745, 32.893305]]]]}}, {"type": "Feature", "properties": {"name": "Santa Barbara"}, "geometry": {"type": "MultiPolygon", "coordinates": [[[[-119.762453, 34.448003], [-119.758434, 34.449634], [-119.761483, 34.451362], [-119.753574, 34.44813], [-119.751026, 34.448518], [-119.744683, 34.453435], [-119.741606, 34.461051], [-119.729878, 34.461236], [-119.723203, 34.461256], [-119.728527, 34.454437], [-119.723363, 34.45584], [-119.719928, 34.444998], [-119.71442, 34.44217], [-119.709095, 34.443538], [-119.701341, 34.450224], [-119.701888, 34.457487], [-119.692088, 34.457517], [-119.675371, 34.457508], [-119.672105, 34.446651], [-119.666293, 34.445181], [-119.673089, 34.44389], [-119.673149, 34.435863], [-119.666153, 34.436335], [-119.65743, 34.435983], [-119.648659, 34.42685], [-119.650772, 34.422329], [-119.639946, 34.422092], [-119.644319, 34.419649], [-119.659138, 34.420131], [-119.688167, 34.412497], [-119.699921, 34.402013], [-119.723176530793, 34.3958609964337], [-119.74112, 34.401701], [-119.755951, 34.407865], [-119.750385, 34.426414], [-119.752426, 34.436244], [-119.760041, 34.441699], [-119.762453, 34.448003]]], [[[-119.751154, 34.41628], [-119.747197, 34.413], [-119.746807, 34.410402], [-119.742331, 34.410013], [-119.743554, 34.413191], [-119.741653, 34.414053], [-119.746897, 34.417543], [-119.748771, 34.417631], [-119.751154, 34.41628]]], [[[-119.751058, 34.44419], [-119.749269, 34.444949], [-119.746652, 34.44494], [-119.746645, 34.445506], [-119.747255, 34.446274], [-119.751044, 34.445992], [-119.751048, 34.445531], [-119.751058, 34.44419]]], [[[-119.750079, 34.41111], [-119.748062, 34.409861], [-119.747359, 34.410008], [-119.748523, 34.412144], [-119.748556, 34.411362], [-119.750079, 34.41111]]], [[[-119.745821, 34.408846], [-119.746108, 34.407473], [-119.742279, 34.405972], [-119.741531, 34.406993], [-119.743654, 34.407812], [-119.745675, 34.408956], [-119.746923, 34.409458], [-119.745821, 34.408846]]], [[[-119.746505, 34.419655], [-119.742184, 34.416757], [-119.740789, 34.413849], [-119.740096, 34.414283], [-119.741134, 34.417372], [-119.741222, 34.418088], [-119.742749, 34.417862], [-119.742248, 34.419463], [-119.739524, 34.42278], [-119.738112, 34.423179], [-119.736805, 34.426458], [-119.737744, 34.426719], [-119.741886, 34.429143], [-119.743816, 34.426879], [-119.742916, 34.423912], [-119.744948, 34.422162], [-119.74506, 34.420712], [-119.746505, 34.419655]]], [[[-119.74378, 34.431275], [-119.740805, 34.429645], [-119.741101, 34.431476], [-119.740729, 34.431473], [-119.742334, 34.434806], [-119.74378, 34.431275]]], [[[-119.738888, 34.428963], [-119.737233, 34.428614], [-119.733698, 34.428597], [-119.73365, 34.431416], [-119.735181, 34.431405], [-119.738886, 34.431378], [-119.738888, 34.428963]]], [[[-119.737323, 34.427747], [-119.73547, 34.426716], [-119.734349, 34.42619], [-119.734136, 34.426292], [-119.733924, 34.426468], [-119.73378, 34.426686], [-119.733722, 34.426866], [-119.73371, 34.42699], [-119.733722, 34.427289], [-119.736221, 34.427643], [-119.737323, 34.427747]]], [[[-119.732333, 34.449404], [-119.730567, 34.448822], [-119.730193, 34.45022], [-119.730835, 34.450247], [-119.732342, 34.450235], [-119.732333, 34.449404]]], [[[-119.859591, 34.430468], [-119.849294, 34.431263], [-119.844746, 34.432172], [-119.841265, 34.432963], [-119.841958, 34.436043], [-119.840281, 34.436291], [-119.840424, 34.437611], [-119.831658, 34.438809], [-119.830676, 34.435293], [-119.830748, 34.43156], [-119.830751, 34.430311], [-119.830785, 34.429892], [-119.830784, 34.429323], [-119.830672, 34.429326], [-119.829021, 34.429328], [-119.829058, 34.427078], [-119.828753, 34.427075], [-119.828747, 34.426492], [-119.830662, 34.426493], [-119.835059, 34.425442], [-119.835228, 34.417275], [-119.836688, 34.416075], [-119.836219989752, 34.4156189897515], [-119.838604206637, 34.4146790332786], [-119.838612, 34.415889], [-119.841995, 34.416699], [-119.843948, 34.417787], [-119.848163, 34.419342], [-119.852444, 34.422042], [-119.851392, 34.424267], [-119.859791, 34.424307], [-119.859591, 34.430468]]]]}}, {"type": "Feature", "properties": {"name": "Santa Rosa"}, "geometry": {"type": "MultiPolygon", "coordinates": [[[[-122.76238, 38.369484], [-122.758589, 38.369534], [-122.758575, 38.368678], [-122.760578, 38.368678], [-122.761759, 38.368645], [-122.76238, 38.369484]]], [[[-122.763457, 38.371181], [-122.758632, 38.371255], [-122.758601, 38.370385], [-122.763029, 38.370311], [-122.763445, 38.370877], [-122.763457, 38.371181]]], [[[-122.763606, 38.374086], [-122.758711, 38.374182], [-122.758666, 38.3721], [-122.760619, 38.372927], [-122.763576, 38.372852], [-122.763606, 38.374086]]], [[[-122.768575, 38.368401], [-122.768633, 38.371815], [-122.763618, 38.371925], [-122.763565, 38.364289], [-122.764906, 38.365438], [-122.766507, 38.36606], [-122.768518, 38.366278], [-122.768665, 38.367033], [-122.768575, 38.368401]]], [[[-122.777656, 38.375055], [-122.777644, 38.375438], [-122.768743, 38.373498], [-122.768695, 38.372217], [-122.768848, 38.366119], [-122.769695, 38.366622], [-122.775003, 38.365778], [-122.77668, 38.366652], [-122.777136, 38.368082], [-122.77767, 38.368085], [-122.777656, 38.375055]]], [[[-122.778848, 38.45981], [-122.765485, 38.471676], [-122.760392, 38.482924], [-122.739552, 38.484636], [-122.72329, 38.482354], [-122.733425, 38.499011], [-122.720134, 38.50759], [-122.714335, 38.499739], [-122.69762, 38.495388], [-122.682078, 38.482113], [-122.679206, 38.480034], [-122.677086, 38.484862], [-122.668092, 38.482233], [-122.659596, 38.485159], [-122.644665, 38.485337], [-122.626701, 38.46855], [-122.627752, 38.462477], [-122.629006, 38.458456], [-122.597013, 38.44154], [-122.578187, 38.435469], [-122.590666, 38.421148], [-122.601955, 38.430541], [-122.62001, 38.445147], [-122.641283, 38.455607], [-122.650885, 38.443738], [-122.648343, 38.419878], [-122.667064, 38.416275], [-122.676983, 38.428869], [-122.689839, 38.423726], [-122.697789, 38.414201], [-122.702521, 38.409087], [-122.713301, 38.404496], [-122.713441, 38.400816], [-122.726784, 38.396928], [-122.750725, 38.408956], [-122.750732, 38.403492], [-122.771293, 38.426498], [-122.773227, 38.445283], [-122.778848, 38.45981]]], [[[-122.769647, 38.458522], [-122.766296, 38.458538], [-122.766342, 38.459876], [-122.768907, 38.459868], [-122.769641, 38.459556], [-122.769647, 38.458522]]], [[[-122.767363, 38.449907], [-122.766064, 38.449873], [-122.766107, 38.451738], [-122.76544, 38.4521], [-122.767338, 38.451951], [-122.767363, 38.449907]]], [[[-122.764547, 38.457911], [-122.764537, 38.456885], [-122.760434, 38.457361], [-122.760449, 38.459845], [-122.764587, 38.459834], [-122.764547, 38.457911]]], [[[-122.760361, 38.463911], [-122.758326, 38.463886], [-122.757702, 38.462367], [-122.751257, 38.462352], [-122.752592, 38.464571], [-122.756546, 38.464562], [-122.7585, 38.465847], [-122.75865, 38.46629], [-122.758661, 38.464577], [-122.760413, 38.464577], [-122.760361, 38.463911]]], [[[-122.759491, 38.460356], [-122.759717, 38.459843], [-122.756547, 38.45984], [-122.756585, 38.460899], [-122.759776, 38.461645], [-122.759491, 38.460356]]], [[[-122.752889, 38.459833], [-122.751415, 38.45982], [-122.751312, 38.459934], [-122.75133, 38.461187], [-122.751657, 38.460943], [-122.752607, 38.460059], [-122.752889, 38.459833]]], [[[-122.749937, 38.454674], [-122.749901, 38.454102], [-122.747256, 38.454249], [-122.747209, 38.455017], [-122.749969, 38.455019], [-122.749937, 38.454674]]], [[[-122.745768, 38.453582], [-122.744699, 38.453583], [-122.744632, 38.452603], [-122.743428, 38.452706], [-122.742117, 38.453034], [-122.741439, 38.453295], [-122.740668, 38.453689], [-122.739371, 38.454529], [-122.740079, 38.455046], [-122.741837, 38.455026], [-122.741854, 38.456499], [-122.745746, 38.456485], [-122.745768, 38.453582]]], [[[-122.743367, 38.442702], [-122.734025, 38.443738], [-122.734187, 38.445632], [-122.735864, 38.445576], [-122.743685, 38.445212], [-122.743367, 38.442702]]], [[[-122.713483, 38.421519], [-122.712976, 38.42153], [-122.712955, 38.421122], [-122.712692, 38.421165], [-122.71254, 38.421204], [-122.712333, 38.421272], [-122.712267, 38.42217], [-122.713491, 38.422174], [-122.713483, 38.421519]]], [[[-122.705352, 38.421746], [-122.704788, 38.421616], [-122.699574, 38.421672], [-122.699582, 38.423678], [-122.699552, 38.425795], [-122.700068, 38.42564], [-122.706108, 38.423432], [-122.705352, 38.421746]]], [[[-122.704865, 38.479237], [-122.703516, 38.479242], [-122.703524, 38.480005], [-122.703662, 38.48055], [-122.704851, 38.480554], [-122.704873, 38.479985], [-122.704865, 38.479237]]], [[[-122.702784, 38.472167], [-122.701646, 38.472066], [-122.701314, 38.472572], [-122.700782, 38.47466], [-122.702172, 38.474638], [-122.702784, 38.472167]]], [[[-122.701189, 38.457498], [-122.700252, 38.45697], [-122.699773, 38.457368], [-122.698635, 38.4572], [-122.697882, 38.457157], [-122.697319, 38.457168], [-122.696832, 38.457912], [-122.697447, 38.459369], [-122.696748, 38.460248], [-122.695823, 38.461646], [-122.697358, 38.462581], [-122.698276, 38.46125], [-122.699383, 38.460324], [-122.698011, 38.4591], [-122.700741, 38.45856], [-122.700346, 38.458247], [-122.701189, 38.457498]]], [[[-122.698687, 38.471259], [-122.697092, 38.471423], [-122.695462, 38.472154], [-122.694773, 38.4728], [-122.694824, 38.474753], [-122.695475, 38.474771], [-122.699199, 38.47468], [-122.698687, 38.471259]]], [[[-122.697561, 38.426446], [-122.695274, 38.425878], [-122.693533, 38.425706], [-122.692831, 38.425425], [-122.692951, 38.426234], [-122.694235, 38.426281], [-122.694209, 38.426608], [-122.693517, 38.42671], [-122.694308, 38.427504], [-122.695552, 38.427093], [-122.695632, 38.427022], [-122.697373, 38.426485], [-122.697561, 38.426446]]], [[[-122.695582, 38.462376], [-122.693604, 38.461978], [-122.694236, 38.463933], [-122.691498, 38.46361], [-122.691496, 38.465813], [-122.693198, 38.466401], [-122.692455, 38.467568], [-122.6915, 38.469021], [-122.689834, 38.468604], [-122.688033, 38.469], [-122.687764, 38.470211], [-122.690176, 38.471143], [-122.692412, 38.470413], [-122.693857, 38.468146], [-122.695278, 38.46595], [-122.693856, 38.465378], [-122.694378, 38.464579], [-122.694872, 38.463394], [-122.695582, 38.462376]]], [[[-122.69002, 38.47238], [-122.689403, 38.472373], [-122.68935, 38.472377], [-122.688909, 38.473862], [-122.689744, 38.474149], [-122.69002, 38.47238]]], [[[-122.683438, 38.469179], [-122.683897, 38.46481], [-122.680901, 38.465294], [-122.682341, 38.466602], [-122.680562, 38.468493], [-122.681841, 38.470315], [-122.684192, 38.47132], [-122.683438, 38.469179]]], [[[-122.681745, 38.472418], [-122.680056, 38.472722], [-122.680051, 38.472767], [-122.677412, 38.476613], [-122.679824, 38.475934], [-122.679843, 38.475621], [-122.681585, 38.475676], [-122.681745, 38.472418]]], [[[-122.677392, 38.456226], [-122.676603, 38.455518], [-122.676075, 38.456015], [-122.677227, 38.457082], [-122.678082, 38.4565], [-122.677392, 38.456226]]], [[[-122.676175, 38.475285], [-122.672497, 38.477933], [-122.672535, 38.478873], [-122.673382, 38.478894], [-122.672865, 38.479213], [-122.672856, 38.482085], [-122.67359, 38.480209], [-122.675502, 38.48016], [-122.674543, 38.477164], [-122.675975, 38.476357], [-122.676175, 38.475285]]], [[[-122.670912, 38.473286], [-122.670038, 38.47376], [-122.669763, 38.473314], [-122.668567, 38.473747], [-122.668403, 38.473464], [-122.668992, 38.473264], [-122.668682, 38.472711], [-122.667991, 38.472746], [-122.668401, 38.472477], [-122.670122, 38.471917], [-122.669874, 38.471488], [-122.665838, 38.47312], [-122.667246, 38.474748], [-122.665633, 38.476311], [-122.667924, 38.475737], [-122.66779, 38.476504], [-122.671253, 38.473882], [-122.670912, 38.473286]]], [[[-122.667706, 38.470362], [-122.667318, 38.469993], [-122.666803, 38.470121], [-122.666659, 38.469754], [-122.667044, 38.469598], [-122.666566, 38.468796], [-122.66634, 38.469309], [-122.665452, 38.470049], [-122.663697, 38.470658], [-122.663781, 38.471158], [-122.665228, 38.471888], [-122.667639, 38.470804], [-122.667706, 38.470362]]], [[[-122.665682, 38.465719], [-122.664421, 38.466002], [-122.6655, 38.468917], [-122.666778, 38.468619], [-122.665682, 38.465719]]], [[[-122.660298, 38.464359], [-122.65959, 38.461902], [-122.658249, 38.462259], [-122.659029, 38.465001], [-122.660385, 38.464834], [-122.660298, 38.464359]]], [[[-122.653001, 38.461119], [-122.65201, 38.459931], [-122.650408, 38.460901], [-122.651418, 38.461518], [-122.653029, 38.46186], [-122.653001, 38.461119]]], [[[-122.649055, 38.460228], [-122.648765, 38.459924], [-122.648647, 38.458969], [-122.648704, 38.45832], [-122.648438, 38.457963], [-122.648002, 38.457868], [-122.647385, 38.46046], [-122.647415, 38.460675], [-122.647925, 38.460418], [-122.648358, 38.460281], [-122.648847, 38.46021], [-122.649055, 38.460228]]], [[[-122.64691, 38.461502], [-122.645954, 38.461461], [-122.64627, 38.462879], [-122.645709, 38.463074], [-122.647142, 38.463565], [-122.64691, 38.461502]]], [[[-122.638471, 38.460255], [-122.63588, 38.458837], [-122.633158, 38.460853], [-122.637125, 38.4632], [-122.639283, 38.460749], [-122.638471, 38.460255]]], [[[-122.636994, 38.455781], [-122.635495, 38.453411], [-122.629995, 38.450311], [-122.63126, 38.452017], [-122.630151, 38.45381], [-122.632813, 38.453989], [-122.635713, 38.455324], [-122.636994, 38.455781]]], [[[-122.790553, 38.445221], [-122.788183, 38.445242], [-122.788119, 38.444244], [-122.788081, 38.44365], [-122.790529, 38.442732], [-122.790553, 38.445221]]], [[[-122.797077, 38.386709], [-122.797147, 38.390653], [-122.784786, 38.395082], [-122.785949, 38.396078], [-122.782768, 38.397193], [-122.782694, 38.397133], [-122.7814, 38.396127], [-122.779327, 38.397603], [-122.7781, 38.396541], [-122.780174, 38.395097], [-122.772357, 38.388612], [-122.77865, 38.388497], [-122.779854, 38.387785], [-122.785115, 38.392797], [-122.779984, 38.387701], [-122.781106, 38.386971], [-122.787665, 38.386855], [-122.787571, 38.383124], [-122.794108, 38.382336], [-122.798058, 38.385166], [-122.797077, 38.386709]]], [[[-122.800637, 38.40807], [-122.794329, 38.410857], [-122.788205, 38.40166], [-122.787626, 38.401148], [-122.792413, 38.400053], [-122.800278, 38.407438], [-122.800637, 38.40807]]], [[[-122.81277, 38.405422], [-122.812417, 38.409012], [-122.812486, 38.405408], [-122.812352, 38.406818], [-122.810999, 38.406975], [-122.811012, 38.409068], [-122.812416, 38.409056], [-122.812599, 38.409342], [-122.812579, 38.41962], [-122.812277, 38.419605], [-122.810519, 38.423254], [-122.809628, 38.423256], [-122.80963, 38.420598], [-122.808874, 38.420583], [-122.808892, 38.42276], [-122.808532, 38.42276], [-122.808556, 38.42326], [-122.797288, 38.423306], [-122.795009, 38.423319], [-122.794996, 38.419665], [-122.803484, 38.419619], [-122.803314, 38.408153], [-122.807359, 38.406541], [-122.807571, 38.406465], [-122.80759, 38.40784], [-122.810254, 38.407108], [-122.810255, 38.405691], [-122.812477, 38.404924], [-122.81277, 38.405422]]], [[[-122.815612, 38.401193], [-122.815566, 38.401377], [-122.800947, 38.407846], [-122.793791, 38.401121], [-122.811418, 38.397008], [-122.812791, 38.396679], [-122.813264, 38.396707], [-122.813397, 38.397507], [-122.813624, 38.397507], [-122.81557, 38.399375], [-122.815666, 38.399905], [-122.815612, 38.401193]]], [[[-122.815776, 38.403471], [-122.798282, 38.409569], [-122.801344, 38.407821], [-122.810039, 38.404222], [-122.815559, 38.40157], [-122.81552, 38.403155], [-122.815776, 38.403471]]], [[[-122.822707, 38.430587], [-122.820528, 38.430478], [-122.820543, 38.428313], [-122.822284, 38.430135], [-122.822707, 38.430587]]], [[[-122.830302, 38.430562], [-122.825172, 38.430563], [-122.823028, 38.430571], [-122.820656, 38.428137], [-122.820501, 38.425445], [-122.820556, 38.423783], [-122.825395, 38.425044], [-122.82856, 38.425606], [-122.829379, 38.425777], [-122.829515, 38.42581], [-122.829715, 38.429902], [-122.830302, 38.430562]]], [[[-122.834437, 38.450847], [-122.832724, 38.449632], [-122.820058, 38.446942], [-122.816002, 38.445129], [-122.826493, 38.445168], [-122.834416, 38.445168], [-122.834437, 38.450847]]]]}}, {"type": "Feature", "properties": {"name": "Biggs"}, "geometry": {"type": "Polygon", "coordinates": [[[-121.725856, 39.407014], [-121.725038, 39.408576], [-121.722926, 39.408585], [-121.722879, 39.407138], [-121.717632, 39.407187], [-121.717702, 39.409298], [-121.716241, 39.409295], [-121.716353, 39.416878], [-121.714617, 39.416942], [-121.715124, 39.41839], [-121.71434, 39.417764], [-121.710553, 39.418804], [-121.711026, 39.421945], [-121.707857, 39.421915], [-121.707067, 39.417369], [-121.703494, 39.420622], [-121.701222, 39.414967], [-121.702911, 39.414971], [-121.702108, 39.410578], [-121.704196, 39.410563], [-121.707198, 39.40851], [-121.708194, 39.408367], [-121.707799, 39.406537], [-121.707777, 39.40506], [-121.70995, 39.405133], [-121.710454, 39.406642], [-121.71622, 39.406752], [-121.716163, 39.399426], [-121.725726, 39.399444], [-121.725856, 39.407014]]]}}, {"type": "Feature", "properties": {"name": "Corona"}, "geometry": {"type": "Polygon", "coordinates": [[[-117.673019, 33.871039], [-117.666207, 33.887763], [-117.645655, 33.881214], [-117.620615, 33.881047], [-117.612592, 33.865022], [-117.610177, 33.86897], [-117.622004, 33.882044], [-117.614993, 33.891181], [-117.620209, 33.90047], [-117.605584, 33.90828], [-117.582173, 33.907926], [-117.567636, 33.896397], [-117.557348, 33.899962], [-117.541305, 33.897119], [-117.52417, 33.904383], [-117.507543, 33.901888], [-117.510245, 33.884262], [-117.530101, 33.876379], [-117.519395, 33.87285], [-117.505447, 33.868873], [-117.490996, 33.866071], [-117.487881, 33.856517], [-117.49356, 33.835549], [-117.501789, 33.845911], [-117.527513, 33.858271], [-117.532265, 33.841821], [-117.530625, 33.832059], [-117.524296, 33.823804], [-117.510259, 33.823802], [-117.493536, 33.81462], [-117.504573, 33.807778], [-117.519932, 33.811092], [-117.52764, 33.800291], [-117.589073, 33.833944], [-117.605286, 33.835058], [-117.619015, 33.84585], [-117.634235, 33.859366], [-117.665891, 33.871335], [-117.673019, 33.871039]]]}}, {"type": "Feature", "properties": {"name": "Indian Wells"}, "geometry": {"type": "Polygon", "coordinates": [[[-116.373053, 33.684912], [-116.373444, 33.701322], [-116.373542, 33.704865], [-116.373648, 33.710611], [-116.373649, 33.711654], [-116.37034, 33.711897], [-116.365476, 33.712211], [-116.365, 33.713093], [-116.364592, 33.712975], [-116.360985, 33.712989], [-116.360998, 33.714256], [-116.356359, 33.714418], [-116.356363, 33.714839], [-116.356355, 33.716093], [-116.356927, 33.716011], [-116.360665, 33.715991], [-116.360664, 33.721392], [-116.36068, 33.728878], [-116.356335, 33.728883], [-116.347532, 33.728891], [-116.347536, 33.731177], [-116.347537, 33.7435], [-116.338787, 33.743518], [-116.330052, 33.743575], [-116.330087, 33.728977], [-116.329658, 33.728974], [-116.31556, 33.728965], [-116.312602, 33.728982], [-116.303886, 33.72901], [-116.3031, 33.726501], [-116.297732, 33.721763], [-116.295846, 33.71997], [-116.294946, 33.717829], [-116.294925, 33.717206], [-116.2989, 33.717662], [-116.300105, 33.716122], [-116.299141, 33.716135], [-116.298846, 33.70707], [-116.302203, 33.705451], [-116.312425, 33.699422], [-116.321068, 33.699376], [-116.321027, 33.684842], [-116.321483, 33.684842], [-116.321484, 33.676934], [-116.321466, 33.670679], [-116.371065, 33.670721], [-116.372947, 33.670718], [-116.37291, 33.683553], [-116.373701, 33.683478], [-116.373053, 33.684912]]]}}, {"type": "Feature", "properties": {"name": "Riverside"}, "geometry": {"type": "Polygon", "coordinates": [[[-117.523788, 33.951253], [-117.507952, 33.960074], [-117.475589, 33.964668], [-117.447531, 33.965959], [-117.415738, 33.973597], [-117.393416, 33.99204], [-117.373613, 34.010132], [-117.349711, 34.015418], [-117.336185, 34.012067], [-117.326732, 34.010113], [-117.314714, 34.00671], [-117.313569, 33.997333], [-117.331107, 33.993843], [-117.307878, 33.985132], [-117.308762, 33.978581], [-117.313712, 33.960659], [-117.314332, 33.955213], [-117.303941, 33.951712], [-117.278931, 33.942774], [-117.288804, 33.930805], [-117.291939, 33.916733], [-117.313773, 33.913509], [-117.305035, 33.898484], [-117.292064, 33.887655], [-117.340071, 33.872714], [-117.351659, 33.883531], [-117.334483, 33.889131], [-117.383327, 33.901633], [-117.454101, 33.888545], [-117.473898, 33.883114], [-117.49326, 33.886785], [-117.497758, 33.883182], [-117.50786, 33.902254], [-117.513679, 33.919216], [-117.514145, 33.936097], [-117.523788, 33.951253]]]}}, {"type": "Feature", "properties": {"name": "East Palo Alto"}, "geometry": {"type": "Polygon", "coordinates": [[[-122.156422, 37.469698], [-122.153693, 37.474498], [-122.147181, 37.473573], [-122.145864, 37.475594], [-122.139519, 37.475927], [-122.139764, 37.480852], [-122.13867, 37.48188], [-122.131263, 37.484191], [-122.1309, 37.483367], [-122.132333, 37.479806], [-122.126501, 37.475004], [-122.120507873807, 37.4772376571924], [-122.120498, 37.477214], [-122.121044067502, 37.4765489522726], [-122.123137, 37.474], [-122.117547, 37.467572], [-122.11516140516, 37.4662797321484], [-122.117693, 37.465238], [-122.123835, 37.461215], [-122.121772, 37.454241], [-122.122375, 37.453376], [-122.125976, 37.453554], [-122.127856, 37.452737], [-122.128294, 37.451862], [-122.129884, 37.453089], [-122.133901, 37.454377], [-122.136708, 37.454337], [-122.138774, 37.454802], [-122.141907, 37.457831], [-122.143034, 37.458113], [-122.144933, 37.4582], [-122.145006, 37.458476], [-122.144605, 37.460473], [-122.144546, 37.460785], [-122.145053, 37.460785], [-122.145719, 37.4611], [-122.149996, 37.461753], [-122.151257, 37.462739], [-122.150879, 37.464109], [-122.150557, 37.465987], [-122.150954, 37.466225], [-122.155364, 37.468827], [-122.156315, 37.469409], [-122.156422, 37.469698]]]}}, {"type": "Feature", "properties": {"name": "Avalon"}, "geometry": {"type": "Polygon", "coordinates": [[[-118.346658, 33.321043], [-118.343706, 33.339084], [-118.343505, 33.340305], [-118.337208, 33.347227], [-118.331475, 33.353499], [-118.335723, 33.355073], [-118.335398, 33.356247], [-118.331399662275, 33.3560246407323], [-118.329158, 33.351478], [-118.32446, 33.348782], [-118.322741, 33.344728], [-118.321882025504, 33.3443185521334], [-118.318476, 33.342695], [-118.316525695019, 33.3408250322726], [-118.310222, 33.334781], [-118.310213, 33.335795], [-118.309064992916, 33.3309], [-118.309829, 33.330898], [-118.315992, 33.326927], [-118.317697, 33.330907], [-118.317688, 33.339679], [-118.324376, 33.332369], [-118.326905, 33.329606], [-118.326741, 33.31807], [-118.346662, 33.318089], [-118.346658, 33.321043]]]}}, {"type": "Feature", "properties": {"name": "Industry"}, "geometry": {"type": "MultiPolygon", "coordinates": [[[[-118.057504, 34.016403], [-118.040716, 34.025323], [-118.033227, 34.029605], [-117.995914, 34.02882], [-117.981149, 34.034397], [-117.965416, 34.027975], [-117.983432, 34.041028], [-117.992632, 34.044066], [-117.992654, 34.043665], [-118.009483, 34.048416], [-118.024701, 34.038509], [-118.012511, 34.060994], [-118.001068, 34.054792], [-117.985106, 34.0624], [-117.990504, 34.049961], [-117.954034, 34.020083], [-117.921063, 34.016312], [-117.943306, 34.028093], [-117.93277, 34.027901], [-117.918918, 34.011542], [-117.901744, 34.006317], [-117.863254, 34.00726], [-117.839764, 34.019555], [-117.821482, 34.03121], [-117.841684, 34.005126], [-117.861413, 34.000774], [-117.872853, 34.001485], [-117.879434, 33.994784], [-117.883968, 33.995617], [-117.907451, 33.99373], [-117.943306, 34.000765], [-117.975248, 34.015807], [-117.974745, 34.022979], [-118.004303, 34.031212], [-118.030378, 34.027204], [-118.057504, 34.016403]]], [[[-117.850084, 34.008282], [-117.846501, 34.008289], [-117.846315, 34.00931], [-117.846212, 34.009534], [-117.850062, 34.009669], [-117.850084, 34.008282]]]]}}, {"type": "Feature", "properties": {"name": "Lancaster"}, "geometry": {"type": "MultiPolygon", "coordinates": [[[[-118.325176, 34.751899], [-118.311453, 34.761825], [-118.29221, 34.740124], [-118.29658, 34.732824], [-118.287778, 34.729261], [-118.272285, 34.727521], [-118.254532, 34.718554], [-118.254887, 34.733566], [-118.130797, 34.733403], [-118.059223, 34.697266], [-118.018965, 34.689975], [-117.986277, 34.690154], [-117.963042, 34.686532], [-117.947589, 34.675475], [-117.952049, 34.675467], [-117.996318, 34.668042], [-118.005235, 34.671686], [-118.00523, 34.664364], [-118.049929, 34.66062], [-118.054457, 34.667905], [-118.138613, 34.645848], [-118.170784, 34.645777], [-118.203433, 34.646519], [-118.201437, 34.660138], [-118.201347, 34.671178], [-118.208052, 34.678884], [-118.214526, 34.667566], [-118.231801, 34.6529], [-118.236116, 34.649282], [-118.249292, 34.649211], [-118.256254, 34.649083], [-118.306447, 34.645427], [-118.318796, 34.65765], [-118.322087, 34.66463], [-118.315517, 34.689228], [-118.315661, 34.718254], [-118.315701, 34.729152], [-118.311042, 34.739996], [-118.32475, 34.739777], [-118.325176, 34.751899]]], [[[-118.311075, 34.689225], [-118.291451, 34.689268], [-118.29144, 34.687463], [-118.28916, 34.687471], [-118.289096, 34.674747], [-118.280426, 34.67471], [-118.280354, 34.677159], [-118.28503, 34.67717], [-118.285029, 34.678357], [-118.280416, 34.678335], [-118.280477, 34.68384], [-118.282565, 34.683829], [-118.282573, 34.685594], [-118.276001, 34.685653], [-118.275999, 34.684652], [-118.271619, 34.68471], [-118.271621, 34.685656], [-118.260656, 34.685678], [-118.260666, 34.689338], [-118.267236, 34.689326], [-118.267374, 34.696616], [-118.276205, 34.696599], [-118.276214, 34.703903], [-118.276264, 34.703903], [-118.276394, 34.714772], [-118.285081, 34.714774], [-118.285014, 34.703848], [-118.281182, 34.703865], [-118.280613, 34.70328], [-118.28061, 34.692939], [-118.28482, 34.692926], [-118.284898, 34.696565], [-118.289265, 34.696548], [-118.289364, 34.703819], [-118.289406, 34.711108], [-118.293803, 34.711041], [-118.293804, 34.7129], [-118.29163, 34.712907], [-118.291639, 34.714723], [-118.293819, 34.714704], [-118.293836, 34.718348], [-118.302618, 34.71832], [-118.302587, 34.703777], [-118.303618, 34.703769], [-118.303568, 34.698328], [-118.302501, 34.698331], [-118.302485, 34.696521], [-118.311142, 34.696511], [-118.311075, 34.689225]]], [[[-118.263253, 34.709353], [-118.25992, 34.709374], [-118.259901, 34.707572], [-118.263227, 34.707567], [-118.263147, 34.703993], [-118.263074, 34.700254], [-118.258703, 34.700281], [-118.258476, 34.689334], [-118.254105, 34.689345], [-118.254349, 34.704033], [-118.254406, 34.71124], [-118.263253, 34.711191], [-118.263253, 34.709353]]], [[[-118.244928, 34.649611], [-118.242918, 34.65054], [-118.239954, 34.65056], [-118.238387, 34.652887], [-118.236222, 34.652892], [-118.236276, 34.65653], [-118.240697, 34.656533], [-118.240635, 34.652881], [-118.244969, 34.652837], [-118.244928, 34.649611]]]]}}, {"type": "Feature", "properties": {"name": "Weed"}, "geometry": {"type": "Polygon", "coordinates": [[[-122.400943, 41.408285], [-122.399353, 41.408317], [-122.397862, 41.408841], [-122.397881, 41.413724], [-122.397895, 41.414798], [-122.39646, 41.414818], [-122.39654, 41.421724], [-122.398537, 41.421762], [-122.400902, 41.421746], [-122.401081, 41.428804], [-122.401083, 41.430728], [-122.401088, 41.43291], [-122.399546, 41.432217], [-122.39479, 41.432239], [-122.393695, 41.432908], [-122.392906, 41.431873], [-122.391003, 41.431676], [-122.390861, 41.432823], [-122.390896, 41.443203], [-122.390602, 41.443362], [-122.385954, 41.443417], [-122.373411, 41.443655], [-122.372016, 41.442658], [-122.371667, 41.437777], [-122.378169, 41.435629], [-122.382841, 41.435902], [-122.388001, 41.430863], [-122.387856, 41.42975], [-122.383696, 41.429741], [-122.383037, 41.431121], [-122.379396, 41.431769], [-122.376526, 41.433842], [-122.375086, 41.431905], [-122.372865, 41.431173], [-122.372951, 41.429669], [-122.371311, 41.428874], [-122.372573, 41.428036], [-122.372737, 41.425647], [-122.377213, 41.425687], [-122.377064, 41.419648], [-122.377574, 41.409543], [-122.377204, 41.407146], [-122.377632, 41.405248], [-122.373207, 41.4043], [-122.373029, 41.407176], [-122.35428, 41.406959], [-122.361897, 41.390786], [-122.362619, 41.389715], [-122.364735, 41.387982], [-122.373142, 41.383202], [-122.374758, 41.382828], [-122.37488, 41.390347], [-122.377317, 41.394984], [-122.376453, 41.392187], [-122.378178, 41.394256], [-122.379034, 41.394742], [-122.383205, 41.394403], [-122.389081, 41.392281], [-122.393385, 41.392211], [-122.393343, 41.398056], [-122.390472, 41.397887], [-122.38969, 41.398112], [-122.389237, 41.400277], [-122.389239, 41.400751], [-122.397819, 41.400742], [-122.401216, 41.400772], [-122.400943, 41.408285]]]}}, {"type": "Feature", "properties": {"name": "Yountville"}, "geometry": {"type": "Polygon", "coordinates": [[[-122.386985, 38.394658], [-122.376493, 38.394696], [-122.367505, 38.398495], [-122.365045, 38.395246], [-122.36024, 38.397696], [-122.36259, 38.400209], [-122.369284, 38.405698], [-122.368063, 38.406481], [-122.370205, 38.408245], [-122.366663, 38.41029], [-122.367451, 38.411542], [-122.365129, 38.413392], [-122.356514, 38.405708], [-122.350245, 38.399851], [-122.355977, 38.395276], [-122.354804, 38.394135], [-122.353893, 38.393006], [-122.354464, 38.392741], [-122.370098, 38.385778], [-122.374214, 38.391172], [-122.375377, 38.390656], [-122.377945, 38.387175], [-122.377554, 38.383282], [-122.377974, 38.3821], [-122.381904, 38.37988], [-122.381839, 38.380301], [-122.382225, 38.391068], [-122.386834, 38.391044], [-122.386985, 38.394658]]]}}, {"type": "Feature", "properties": {"name": "Los Banos"}, "geometry": {"type": "Polygon", "coordinates": [[[-120.892312, 37.052667], [-120.878379, 37.056826], [-120.874268, 37.06196], [-120.874134, 37.068695], [-120.87142, 37.069678], [-120.870491, 37.066832], [-120.865489, 37.070439], [-120.864503, 37.071566], [-120.86086, 37.073694], [-120.855826, 37.071526], [-120.85585, 37.076629], [-120.853272, 37.084328], [-120.843836, 37.084322], [-120.836133, 37.085309], [-120.834883, 37.089939], [-120.824094, 37.085038], [-120.796651, 37.084983], [-120.803419, 37.072487], [-120.824032, 37.08469], [-120.810827, 37.068013], [-120.800855, 37.06056], [-120.79169, 37.060092], [-120.787973, 37.055572], [-120.811402, 37.046209], [-120.826344, 37.053087], [-120.835731, 37.042234], [-120.835399, 37.054891], [-120.839492, 37.045535], [-120.837875, 37.042372], [-120.842526, 37.042307], [-120.848662, 37.043706], [-120.853791, 37.049519], [-120.854153, 37.051903], [-120.857164, 37.050418], [-120.865151, 37.049413], [-120.872085, 37.045873], [-120.890321, 37.042121], [-120.892503, 37.051203], [-120.892312, 37.052667]]]}}, {"type": "Feature", "properties": {"name": "Santa Clarita"}, "geometry": {"type": "MultiPolygon", "coordinates": [[[[-118.55785, 34.356898], [-118.555514, 34.358463], [-118.55491, 34.35693], [-118.557401, 34.356803], [-118.55795, 34.356535], [-118.55785, 34.356898]]], [[[-118.563439, 34.359219], [-118.55599, 34.359865], [-118.555449, 34.358748], [-118.55796, 34.356965], [-118.558432, 34.356162], [-118.560577, 34.356704], [-118.560956, 34.358029], [-118.565964, 34.357655], [-118.563439, 34.359219]]], [[[-118.613168, 34.449686], [-118.596378, 34.446597], [-118.581287, 34.461003], [-118.572077, 34.470308], [-118.581871, 34.481803], [-118.560019, 34.50003], [-118.542142, 34.494099], [-118.551069, 34.472497], [-118.547096, 34.468846], [-118.543312, 34.46494], [-118.53781, 34.481706], [-118.502496, 34.496326], [-118.502516, 34.477906], [-118.485262, 34.473926], [-118.480996, 34.456007], [-118.443468, 34.456042], [-118.432587, 34.4381], [-118.418724, 34.440071], [-118.399608, 34.448717], [-118.397318, 34.453368], [-118.392344, 34.456807], [-118.389207, 34.447509], [-118.382063, 34.435111], [-118.399439, 34.430374], [-118.39786, 34.399085], [-118.405666, 34.400698], [-118.405588, 34.38148], [-118.415482, 34.366862], [-118.426651, 34.366989], [-118.439752, 34.377214], [-118.448861, 34.384684], [-118.48198, 34.386417], [-118.496814, 34.370642], [-118.484769, 34.366745], [-118.501501, 34.344394], [-118.515211, 34.345145], [-118.533395, 34.356188], [-118.566807, 34.380697], [-118.583283, 34.423174], [-118.609826, 34.445638], [-118.613168, 34.449686]]]]}}, {"type": "Feature", "properties": {"name": "Gridley"}, "geometry": {"type": "MultiPolygon", "coordinates": [[[[-121.718323, 39.36151], [-121.717168, 39.361545], [-121.71732, 39.36302], [-121.716044, 39.363026], [-121.716075, 39.366639], [-121.711351, 39.366653], [-121.711358, 39.364685], [-121.706672, 39.36463], [-121.706667, 39.366766], [-121.706673, 39.36883], [-121.706673, 39.373916], [-121.698365, 39.373921], [-121.697091, 39.37044], [-121.687897, 39.370494], [-121.687887, 39.373868], [-121.68546, 39.373827], [-121.685444, 39.372246], [-121.683308, 39.372224], [-121.683268, 39.370459], [-121.678678, 39.370469], [-121.681606, 39.363946], [-121.683685, 39.363252], [-121.683218, 39.359433], [-121.684736, 39.359397], [-121.686965, 39.357992], [-121.686834, 39.35711], [-121.684413, 39.356767], [-121.684339, 39.355784], [-121.686015, 39.355726], [-121.685205, 39.351126], [-121.685699, 39.350521], [-121.687858, 39.350481], [-121.687821, 39.348801], [-121.68901, 39.348654], [-121.695918, 39.348564], [-121.69712, 39.349929], [-121.697156, 39.35405], [-121.694939, 39.355802], [-121.69679, 39.355764], [-121.69679, 39.357596], [-121.697297, 39.357594], [-121.697261, 39.355767], [-121.698125, 39.355748], [-121.699244, 39.356527], [-121.699631, 39.355713], [-121.701949, 39.355684], [-121.701897, 39.353904], [-121.704262, 39.353883], [-121.704289, 39.355662], [-121.710089, 39.3556], [-121.710101, 39.357668], [-121.71176, 39.358016], [-121.718218, 39.357997], [-121.718323, 39.36151]]], [[[-121.706578, 39.36854], [-121.704863, 39.368521], [-121.704893, 39.370027], [-121.706068, 39.368844], [-121.706577, 39.368832], [-121.706578, 39.36854]]]]}}, {"type": "Feature", "properties": {"name": "Long Beach"}, "geometry": {"type": "MultiPolygon", "coordinates": [[[[-118.248966, 33.755902], [-118.227512, 33.790368], [-118.222442, 33.811879], [-118.21755, 33.825736], [-118.216008, 33.834278], [-118.207691, 33.839331], [-118.206627, 33.846813], [-118.203553, 33.861105], [-118.205498, 33.874287], [-118.20887, 33.880827], [-118.200557, 33.881396], [-118.187196, 33.885443], [-118.160022, 33.881959], [-118.151262, 33.874659], [-118.151188, 33.86021], [-118.164175, 33.854346], [-118.164322, 33.847056], [-118.164643, 33.820047], [-118.155949, 33.827511], [-118.142708, 33.832493], [-118.125075, 33.847055], [-118.124983, 33.832437], [-118.105133, 33.832372], [-118.08192, 33.830841], [-118.072497, 33.823468], [-118.065933, 33.824012], [-118.068758, 33.817362], [-118.08424, 33.803416], [-118.093277, 33.785728], [-118.092332, 33.764532], [-118.105868, 33.750968], [-118.132698, 33.753217], [-118.150699, 33.759982], [-118.170349091337, 33.763706891851], [-118.182657962824, 33.7627238878], [-118.190484, 33.755814], [-118.185726, 33.73296], [-118.248966, 33.755902]]], [[[-118.184582, 33.804331], [-118.181734, 33.804231], [-118.18175, 33.800639], [-118.180663, 33.799945], [-118.171997, 33.794303], [-118.167645, 33.791492], [-118.165501, 33.789855], [-118.163313, 33.789856], [-118.162751, 33.789855], [-118.156743, 33.789769], [-118.153488, 33.789762], [-118.150232, 33.789757], [-118.149648, 33.789836], [-118.152175, 33.793465], [-118.15457, 33.79347], [-118.154565, 33.796369], [-118.158896, 33.796374], [-118.158888, 33.797119], [-118.151386, 33.797119], [-118.151346, 33.804427], [-118.155781, 33.80442], [-118.158877, 33.80216], [-118.158924, 33.804425], [-118.158914, 33.809862], [-118.16118, 33.809033], [-118.163249, 33.809134], [-118.163269, 33.811678], [-118.176302, 33.811647], [-118.176297, 33.804383], [-118.180646, 33.804386], [-118.180662, 33.811641], [-118.178495, 33.811631], [-118.178494, 33.813469], [-118.174137, 33.813466], [-118.174154, 33.815285], [-118.171968, 33.815294], [-118.171973, 33.818633], [-118.174103, 33.818647], [-118.178491, 33.818631], [-118.184455, 33.818622], [-118.184579, 33.815085], [-118.184579, 33.811635], [-118.184582, 33.804331]]], [[[-118.116566, 33.825019], [-118.112993, 33.825006], [-118.110441, 33.825001], [-118.110427, 33.827534], [-118.108545, 33.82753], [-118.108552, 33.824991], [-118.107794, 33.82499], [-118.107765, 33.83031], [-118.114292, 33.830245], [-118.114297, 33.828431], [-118.116562, 33.828443], [-118.116559, 33.827651], [-118.116566, 33.825019]]]]}}, {"type": "Feature", "properties": {"name": "Agoura Hills"}, "geometry": {"type": "Polygon", "coordinates": [[[-118.792807, 34.146042], [-118.791269, 34.154764], [-118.788889, 34.168214], [-118.788749, 34.168213], [-118.787195, 34.168206], [-118.780685, 34.168177], [-118.774004, 34.168146], [-118.758599, 34.168073], [-118.758468, 34.168073], [-118.755581, 34.168059], [-118.740157, 34.167975], [-118.728689, 34.167892], [-118.732725, 34.154427], [-118.737085, 34.154436], [-118.737066, 34.142968], [-118.735369, 34.142224], [-118.729211, 34.138448], [-118.727286, 34.137956], [-118.724149, 34.138101], [-118.724141, 34.136247], [-118.719809, 34.136279], [-118.719812, 34.132608], [-118.719809, 34.132071], [-118.720344, 34.131955], [-118.72076, 34.131814], [-118.721064, 34.131411], [-118.720797, 34.13116], [-118.720809, 34.130844], [-118.720159, 34.129858], [-118.720146, 34.128971], [-118.71979, 34.128972], [-118.719776, 34.125342], [-118.724099, 34.125329], [-118.724108, 34.127779], [-118.724115, 34.128934], [-118.724035, 34.128934], [-118.724029, 34.128978], [-118.723845, 34.128968], [-118.723876, 34.131552], [-118.726042, 34.131538], [-118.72846, 34.131509], [-118.728469, 34.132593], [-118.734814, 34.132595], [-118.736757, 34.131193], [-118.738424, 34.132761], [-118.756593, 34.140832], [-118.760221, 34.13912], [-118.769831, 34.134629], [-118.787406, 34.136312], [-118.80042, 34.13935], [-118.792807, 34.146042]]]}}, {"type": "Feature", "properties": {"name": "Chula Vista"}, "geometry": {"type": "MultiPolygon", "coordinates": [[[[-117.123994, 32.646356], [-117.098473, 32.654131], [-117.087118, 32.660311], [-117.068061, 32.652589], [-117.061163, 32.647819], [-117.062501, 32.640364], [-117.056709, 32.640149], [-117.05136, 32.643612], [-117.035027, 32.656434], [-117.036892, 32.65859], [-117.041267, 32.664131], [-117.027314, 32.663124], [-117.017416, 32.658332], [-117.012655, 32.657041], [-117.008605, 32.655547], [-116.998533, 32.660162], [-116.980038, 32.66726], [-116.988222, 32.664099], [-116.988585, 32.677857], [-116.977833, 32.671608], [-116.960628, 32.678077], [-116.940804, 32.681625], [-116.93663, 32.665162], [-116.939047, 32.65482], [-116.937532, 32.647754], [-116.93473, 32.643167], [-116.934035, 32.633706], [-116.932775, 32.623197], [-116.93292, 32.608188], [-116.930048, 32.601354], [-117.001047, 32.581824], [-117.035537, 32.587505], [-117.046977, 32.5874], [-117.058125, 32.590372], [-117.079537, 32.591126], [-117.092468, 32.601567], [-117.101562, 32.61207], [-117.123994, 32.646356]]], [[[-117.023131, 32.598509], [-117.017661, 32.598444], [-117.007799, 32.598297], [-116.99915, 32.602541], [-116.999629, 32.610621], [-117.011527, 32.607769], [-117.010722, 32.605846], [-117.023082, 32.605984], [-117.023131, 32.598509]]]]}}, {"type": "Feature", "properties": {"name": "Walnut Creek"}, "geometry": {"type": "MultiPolygon", "coordinates": [[[[-122.100011, 37.917398], [-122.096498, 37.92075], [-122.089522, 37.921425], [-122.073508, 37.926336], [-122.060742, 37.931719], [-122.060565, 37.921795], [-122.058474, 37.920792], [-122.054256, 37.917949], [-122.051981, 37.917619], [-122.049821, 37.923359], [-122.047483, 37.929336], [-122.047616, 37.933422], [-122.053919, 37.930072], [-122.04688, 37.934066], [-122.035129, 37.93347], [-122.017453, 37.935607], [-121.985312, 37.934343], [-121.980614, 37.922953], [-121.991149, 37.912373], [-122.002476, 37.91092], [-122.007212, 37.901962], [-122.002432, 37.891505], [-122.020163, 37.866467], [-122.028605, 37.865835], [-122.040902, 37.869666], [-122.051592, 37.881664], [-122.066668, 37.875597], [-122.05322, 37.863345], [-122.061659, 37.845866], [-122.078048, 37.857244], [-122.089646, 37.879805], [-122.078961, 37.880635], [-122.070744, 37.881455], [-122.061249, 37.890345], [-122.077822, 37.895783], [-122.080985, 37.898113], [-122.074679, 37.899932], [-122.082065, 37.904447], [-122.071449, 37.904187], [-122.076818, 37.911364], [-122.099055, 37.910208], [-122.100011, 37.917398]]], [[[-122.049874, 37.887329], [-122.049916, 37.88534], [-122.049145, 37.884231], [-122.049004, 37.883304], [-122.048554, 37.882863], [-122.046564, 37.88356], [-122.045961, 37.880863], [-122.03828, 37.879962], [-122.037401, 37.879538], [-122.031651, 37.879471], [-122.031513, 37.881568], [-122.019529, 37.886091], [-122.022927, 37.885889], [-122.025587, 37.889841], [-122.024868, 37.890884], [-122.02655, 37.891894], [-122.028826, 37.8921], [-122.032781, 37.894182], [-122.034995, 37.895371], [-122.036562, 37.893358], [-122.036585, 37.893371], [-122.040587, 37.891815], [-122.039836, 37.890432], [-122.03523, 37.888195], [-122.037137, 37.886518], [-122.037711, 37.887884], [-122.041917, 37.889812], [-122.04225, 37.891999], [-122.042825, 37.891136], [-122.046273, 37.891724], [-122.046427, 37.890957], [-122.046856, 37.891075], [-122.049287, 37.891318], [-122.051927, 37.888515], [-122.049874, 37.887329]]], [[[-122.051348, 37.908368], [-122.050182, 37.907612], [-122.049578, 37.906967], [-122.049212, 37.906524], [-122.048246, 37.906733], [-122.046811, 37.905738], [-122.046205, 37.90555], [-122.044299, 37.906562], [-122.043705, 37.905474], [-122.041527, 37.904621], [-122.040986, 37.904632], [-122.039607, 37.905516], [-122.038686, 37.905271], [-122.036826, 37.903036], [-122.038312, 37.902051], [-122.039032, 37.901266], [-122.035154, 37.899458], [-122.033855, 37.898765], [-122.033351, 37.902011], [-122.033373, 37.903424], [-122.033459, 37.904259], [-122.026636, 37.902482], [-122.025923, 37.911039], [-122.027469, 37.910519], [-122.027345, 37.909075], [-122.030618, 37.910251], [-122.032592, 37.9112], [-122.033569, 37.910296], [-122.03449, 37.910796], [-122.036318, 37.908994], [-122.037704, 37.909944], [-122.038897, 37.908112], [-122.037537, 37.907263], [-122.038681, 37.905624], [-122.050338, 37.908683], [-122.051348, 37.908368]]], [[[-122.04762, 37.896165], [-122.046337, 37.894393], [-122.043602, 37.894284], [-122.043733, 37.893782], [-122.04304, 37.89364], [-122.043126, 37.895112], [-122.042216, 37.894555], [-122.039631, 37.89576], [-122.04176, 37.89848], [-122.042498, 37.897801], [-122.046704, 37.89751], [-122.04762, 37.896165]]]]}}, {"type": "Feature", "properties": {"name": "Westlake Village"}, "geometry": {"type": "Polygon", "coordinates": [[[-118.856473, 34.126765], [-118.833456, 34.140882], [-118.826082, 34.145408], [-118.820951, 34.148554], [-118.81488, 34.152266], [-118.806404, 34.157472], [-118.789376, 34.167911], [-118.788889, 34.168214], [-118.791269, 34.154764], [-118.792807, 34.146042], [-118.80042, 34.13935], [-118.808834, 34.131965], [-118.833798, 34.118046], [-118.847649, 34.11032], [-118.853954, 34.111912], [-118.853524, 34.112943], [-118.851947, 34.113256], [-118.852898, 34.114891], [-118.850664, 34.11666], [-118.850846, 34.117941], [-118.85194, 34.119863], [-118.856191, 34.12355], [-118.856473, 34.126765]]]}}, {"type": "Feature", "properties": {"name": "Oakland"}, "geometry": {"type": "MultiPolygon", "coordinates": [[[[-122.342253, 37.805558], [-122.316108, 37.827338], [-122.290059, 37.829874], [-122.278343, 37.828522], [-122.281963, 37.837181], [-122.286247, 37.850505], [-122.27746, 37.847564], [-122.268965, 37.851616], [-122.253346, 37.85383], [-122.234305, 37.853607], [-122.244166, 37.861497], [-122.24691, 37.885355], [-122.21764, 37.87225], [-122.21238, 37.857234], [-122.195348, 37.842626], [-122.185647, 37.831726], [-122.181224, 37.819341], [-122.175957, 37.802699], [-122.164802, 37.804473], [-122.15667, 37.796478], [-122.133176, 37.777674], [-122.123283, 37.76031], [-122.115091, 37.735279], [-122.130491, 37.73277], [-122.140243, 37.736051], [-122.160502, 37.737607], [-122.170401, 37.727756], [-122.186459, 37.727589], [-122.192905, 37.716726], [-122.21248, 37.708971], [-122.247912, 37.728375], [-122.2265, 37.74808], [-122.236488, 37.771696], [-122.253958, 37.786779], [-122.284396, 37.793597], [-122.334168, 37.801272], [-122.342253, 37.805558]]], [[[-122.24939, 37.822846], [-122.245205, 37.819394], [-122.244206, 37.819034], [-122.243742, 37.818931], [-122.243662, 37.818847], [-122.241683, 37.818437], [-122.23931, 37.817841], [-122.236205, 37.817144], [-122.235251, 37.817008], [-122.23507, 37.816849], [-122.234659, 37.816799], [-122.233296, 37.816492], [-122.229736, 37.815646], [-122.227109, 37.815045], [-122.225234, 37.814605], [-122.224011, 37.81435], [-122.221609, 37.813701], [-122.220211, 37.813407], [-122.215174, 37.812276], [-122.214183, 37.813047], [-122.213246, 37.814625], [-122.213172, 37.815784], [-122.212751, 37.816127], [-122.210178, 37.818613], [-122.214119, 37.821089], [-122.214391, 37.821245], [-122.219642, 37.824511], [-122.221724, 37.826732], [-122.222161, 37.82724], [-122.224456, 37.830256], [-122.225391, 37.831283], [-122.227353, 37.832391], [-122.232494, 37.831686], [-122.241087, 37.830439], [-122.243358, 37.829833], [-122.24768, 37.826241], [-122.249295, 37.823722], [-122.24939, 37.822846]]]]}}, {"type": "Feature", "properties": {"name": "Diamond Bar"}, "geometry": {"type": "Polygon", "coordinates": [[[-117.860896, 33.997071], [-117.860662, 33.998092], [-117.859795, 33.999092], [-117.861413, 34.000774], [-117.859923, 34.001459], [-117.858588, 34.000071], [-117.85592, 34.003001], [-117.846502, 34.007329], [-117.843797, 34.008604], [-117.842444, 34.009518], [-117.838756, 34.007916], [-117.841741, 34.006471], [-117.840252, 34.006475], [-117.841684, 34.005126], [-117.84022, 34.001928], [-117.835668, 34.002172], [-117.831769, 34.003946], [-117.828717, 34.005963], [-117.824613, 34.009631], [-117.823874, 34.012191], [-117.823368, 34.010831], [-117.820224, 34.013914], [-117.8202, 34.029703], [-117.821482, 34.03121], [-117.818321, 34.034422], [-117.810878, 34.029426], [-117.810712, 34.029319], [-117.810248, 34.030149], [-117.810044, 34.03048], [-117.809752, 34.030908], [-117.801335, 34.042687], [-117.798119, 34.040512], [-117.796761, 34.039082], [-117.794731, 34.037792], [-117.79377, 34.037407], [-117.792479, 34.037076], [-117.785177, 34.032428], [-117.785171, 34.026135], [-117.782526, 34.026005], [-117.782033, 34.025854], [-117.781671, 34.025691], [-117.767654, 34.019386], [-117.767227, 34.013567], [-117.767046, 34.011193], [-117.767525, 34.004695], [-117.769999, 34.004718], [-117.77975, 34.004804], [-117.78517, 34.004625], [-117.79111, 33.994677], [-117.802539, 33.975551], [-117.802889, 33.975547], [-117.81663, 33.97537], [-117.816616, 33.974054], [-117.820044, 33.97127], [-117.830459, 33.962814], [-117.832674, 33.962829], [-117.837368, 33.962842], [-117.837336, 33.96102], [-117.853954, 33.960679], [-117.854851, 33.960661], [-117.855095, 33.974843], [-117.855225, 33.980442], [-117.85512, 33.980949], [-117.85514, 33.981254], [-117.855219, 33.990159], [-117.859062, 33.992961], [-117.863831, 33.996444], [-117.860896, 33.997071]]]}}, {"type": "Feature", "properties": {"name": "Ferndale"}, "geometry": {"type": "Polygon", "coordinates": [[[-124.269475, 40.588036], [-124.266046, 40.588053], [-124.262202, 40.58803], [-124.262347, 40.591705], [-124.255238, 40.591751], [-124.255163, 40.589128], [-124.25465, 40.572708], [-124.254623, 40.571739], [-124.25481, 40.562518], [-124.260381, 40.56248], [-124.260549, 40.569687], [-124.269095, 40.569813], [-124.269196, 40.573432], [-124.269358, 40.577723], [-124.269475, 40.588036]]]}}, {"type": "Feature", "properties": {"name": "Isleton"}, "geometry": {"type": "MultiPolygon", "coordinates": [[[[-121.596136, 38.156781], [-121.592568, 38.160653], [-121.587473, 38.157821], [-121.591588, 38.157646], [-121.592807, 38.154974], [-121.596136, 38.156781]]], [[[-121.619941, 38.156558], [-121.616375, 38.163764], [-121.609957, 38.163853], [-121.605684, 38.16447], [-121.602679, 38.165486], [-121.599712, 38.167164], [-121.597291, 38.167599], [-121.59301, 38.165533], [-121.611132, 38.157276], [-121.612149, 38.159969], [-121.617028, 38.158149], [-121.618323, 38.15651], [-121.619941, 38.156558]]]]}}, {"type": "Feature", "properties": {"name": "Porterville"}, "geometry": {"type": "MultiPolygon", "coordinates": [[[[-118.967216, 36.05354], [-118.967216, 36.053916], [-118.966288, 36.053732], [-118.965303, 36.052826], [-118.964488, 36.052309], [-118.963867, 36.052063], [-118.963868, 36.0514], [-118.965963, 36.0514], [-118.967217, 36.051407], [-118.967216, 36.05354]]], [[[-118.968833, 36.056891], [-118.967682, 36.056903], [-118.967681, 36.056738], [-118.968222, 36.056736], [-118.968833, 36.056726], [-118.968833, 36.056891]]], [[[-118.981246, 36.059329], [-118.98111, 36.05933], [-118.981111, 36.05922], [-118.981246, 36.059219], [-118.981246, 36.059329]]], [[[-119.084561, 36.029431], [-119.062739, 36.03679], [-119.053324, 36.033145], [-119.048891, 36.029438], [-119.044391, 36.029496], [-119.041693, 36.051295], [-119.044152, 36.060898], [-119.051164, 36.055009], [-119.066417, 36.060021], [-119.075257, 36.080348], [-119.070785, 36.091495], [-119.055321, 36.094751], [-119.049128, 36.105536], [-119.043519, 36.105208], [-119.035907, 36.11636], [-119.027808, 36.09923], [-119.022151, 36.08928], [-119.017796, 36.096397], [-119.010947, 36.083883], [-118.990642, 36.08384], [-118.979552, 36.073827], [-118.96835, 36.069547], [-118.992897, 36.069395], [-118.995035, 36.063346], [-119.007721, 36.058519], [-119.002496, 36.054257], [-118.992696, 36.052352], [-118.972769, 36.053305], [-118.971278, 36.051342], [-118.977654, 36.033198], [-118.990122, 36.04402], [-119.002147, 36.051004], [-119.024167, 36.040354], [-119.039265, 36.040391], [-119.053382, 36.021061], [-119.084561, 36.029431]]], [[[-119.066327, 36.080306], [-119.061773, 36.08032], [-119.061898, 36.087575], [-119.066369, 36.087571], [-119.066327, 36.080306]]], [[[-119.058076, 36.058576], [-119.052952, 36.058579], [-119.052918, 36.0651], [-119.052919, 36.06584], [-119.053029, 36.065931], [-119.057441, 36.065931], [-119.058015, 36.065806], [-119.058038, 36.065806], [-119.058076, 36.058576]]], [[[-119.028067, 36.089214], [-119.025894, 36.089221], [-119.027458, 36.090616], [-119.029398, 36.090599], [-119.028067, 36.089214]]], [[[-119.024216, 36.079122], [-119.023154, 36.079088], [-119.023155, 36.080099], [-119.024205, 36.080146], [-119.024216, 36.079122]]], [[[-119.004096, 36.070478], [-118.999692, 36.070452], [-118.999723, 36.072898], [-118.999793, 36.072935], [-119.004112, 36.072959], [-119.004096, 36.070478]]], [[[-119.026737, 36.096351], [-119.028075, 36.09721], [-119.028249, 36.098483], [-119.030855, 36.098566], [-119.03273, 36.09993], [-119.036383, 36.099969], [-119.035152, 36.098197], [-119.038712, 36.098232], [-119.039421, 36.098121], [-119.037222, 36.09571], [-119.035766, 36.095701], [-119.032604, 36.092451], [-119.031136, 36.092627], [-119.033104, 36.093409], [-119.035099, 36.095461], [-119.033896, 36.09646], [-119.032875, 36.096463], [-119.034097, 36.098159], [-119.031224, 36.09818], [-119.031218, 36.096372], [-119.026737, 36.096351]]], [[[-119.097191, 36.025931], [-119.095963, 36.025904], [-119.095937, 36.029538], [-119.089119, 36.02944], [-119.089178, 36.022214], [-119.09656, 36.022242], [-119.097236, 36.022707], [-119.097191, 36.025931]]], [[[-119.098155, 36.017813], [-119.097425, 36.018988], [-119.095347, 36.018954], [-119.094681, 36.017137], [-119.090916, 36.016007], [-119.091018, 36.015009], [-119.080088, 36.015013], [-119.080087, 36.01472], [-119.080084, 36.007765], [-119.09817, 36.007741], [-119.098155, 36.017813]]]]}}, {"type": "Feature", "properties": {"name": "Sacramento"}, "geometry": {"type": "MultiPolygon", "coordinates": [[[[-121.56012, 38.656339], [-121.557876, 38.685603], [-121.477105, 38.669996], [-121.422228, 38.658033], [-121.404045, 38.639788], [-121.370274, 38.643607], [-121.366306, 38.641892], [-121.415282, 38.618168], [-121.420059, 38.581383], [-121.405235, 38.570699], [-121.382639, 38.564114], [-121.370354, 38.52966], [-121.362835, 38.51816], [-121.395153, 38.500672], [-121.422066, 38.503234], [-121.445145, 38.510459], [-121.449409, 38.524923], [-121.453368, 38.533697], [-121.464712, 38.533461], [-121.468776, 38.522477], [-121.469706, 38.51761], [-121.459275, 38.496013], [-121.427758, 38.478774], [-121.404981, 38.444781], [-121.444991, 38.441479], [-121.44636, 38.459636], [-121.475089, 38.459734], [-121.494642, 38.458525], [-121.506085, 38.470948], [-121.547328, 38.481289], [-121.553569, 38.512305], [-121.530976, 38.52897], [-121.520965, 38.566205], [-121.525725, 38.604294], [-121.547215, 38.599737], [-121.53736, 38.630927], [-121.555269, 38.649134], [-121.56012, 38.656339]]], [[[-121.502708, 38.646628], [-121.502559, 38.641997], [-121.493233, 38.641979], [-121.493202, 38.637727], [-121.489341, 38.63918], [-121.48416, 38.640024], [-121.47781, 38.640786], [-121.477773, 38.641962], [-121.475488, 38.645825], [-121.475492, 38.649568], [-121.475014, 38.649568], [-121.475003, 38.649866], [-121.47613, 38.655234], [-121.476392, 38.656552], [-121.482197, 38.656483], [-121.484065, 38.656303], [-121.493267, 38.656229], [-121.49323, 38.649433], [-121.502702, 38.649312], [-121.502708, 38.646628]]]]}}, {"type": "Feature", "properties": {"name": "Williams"}, "geometry": {"type": "Polygon", "coordinates": [[[-122.175876, 39.152789], [-122.173615, 39.153431], [-122.171904, 39.154267], [-122.159801, 39.161805], [-122.156504, 39.163637], [-122.156903, 39.164908], [-122.154738, 39.165796], [-122.160348, 39.174322], [-122.13253, 39.174245], [-122.129881, 39.174224], [-122.132646, 39.173172], [-122.132691, 39.144983], [-122.11608, 39.145032], [-122.116145, 39.13758], [-122.111629, 39.137585], [-122.111605, 39.123123], [-122.132812, 39.123029], [-122.132791, 39.126626], [-122.13351, 39.129004], [-122.136023, 39.134048], [-122.136402, 39.138262], [-122.144039, 39.149651], [-122.146456, 39.148697], [-122.144638, 39.147653], [-122.142886, 39.145045], [-122.14684, 39.145089], [-122.14686, 39.14247], [-122.151577, 39.142468], [-122.151509, 39.145159], [-122.151488, 39.147295], [-122.157408, 39.147327], [-122.157417, 39.145159], [-122.161343, 39.145184], [-122.161322, 39.148102], [-122.161329, 39.150309], [-122.162336, 39.15029], [-122.162695, 39.1525], [-122.165692, 39.152487], [-122.171441, 39.152526], [-122.177359, 39.152593], [-122.175876, 39.152789]]]}}, {"type": "Feature", "properties": {"name": "Visalia"}, "geometry": {"type": "MultiPolygon", "coordinates": [[[[-119.414424, 36.341699], [-119.403589, 36.35636], [-119.385776, 36.370847], [-119.367782, 36.352832], [-119.350178, 36.363606], [-119.336559, 36.363772], [-119.318772, 36.363735], [-119.29913, 36.363649], [-119.294269, 36.365284], [-119.288548, 36.368183], [-119.285169, 36.356573], [-119.27896, 36.35265], [-119.269298, 36.348423], [-119.261046, 36.34775], [-119.243127, 36.342854], [-119.233816, 36.326914], [-119.242834, 36.323492], [-119.247495, 36.307445], [-119.256269, 36.305739], [-119.278527, 36.298117], [-119.28718, 36.297989], [-119.296378, 36.291456], [-119.313444, 36.285531], [-119.305464, 36.277036], [-119.309839, 36.273733], [-119.31336, 36.26943], [-119.322465, 36.285585], [-119.327113, 36.289263], [-119.343719, 36.291011], [-119.353854, 36.294575], [-119.358412, 36.301809], [-119.360753, 36.309056], [-119.379, 36.31031], [-119.371573, 36.304918], [-119.380911, 36.305425], [-119.39508, 36.316249], [-119.403474, 36.327686], [-119.399006, 36.330827], [-119.39928, 36.336626], [-119.414424, 36.341699]]], [[[-119.385524, 36.330875], [-119.382692, 36.330883], [-119.382721, 36.32822], [-119.379177, 36.328683], [-119.38077, 36.327395], [-119.36997, 36.327496], [-119.368271, 36.327917], [-119.367646, 36.329164], [-119.367659, 36.336888], [-119.370682, 36.336865], [-119.370681, 36.338249], [-119.381108, 36.338181], [-119.381092, 36.334447], [-119.385579, 36.334449], [-119.385524, 36.330875]]], [[[-119.380463, 36.323585], [-119.378179, 36.32359], [-119.378167, 36.321769], [-119.376564, 36.321771], [-119.376552, 36.31995], [-119.381032, 36.319942], [-119.380984, 36.31272], [-119.367535, 36.313324], [-119.366832, 36.315017], [-119.363448, 36.316373], [-119.358586, 36.316354], [-119.358615, 36.327096], [-119.366272, 36.326544], [-119.368067, 36.324894], [-119.368744, 36.32623], [-119.371604, 36.326795], [-119.381071, 36.326595], [-119.380463, 36.323585]]], [[[-119.350651, 36.29889], [-119.349405, 36.298897], [-119.349463, 36.301492], [-119.350685, 36.301483], [-119.350651, 36.29889]]], [[[-119.350028, 36.349234], [-119.347687, 36.349218], [-119.347693, 36.351993], [-119.349992, 36.352004], [-119.350028, 36.349234]]], [[[-119.347478, 36.329562], [-119.346689, 36.329758], [-119.345236, 36.329337], [-119.345263, 36.330953], [-119.347502, 36.330982], [-119.347478, 36.329562]]], [[[-119.345459, 36.351073], [-119.342169, 36.351053], [-119.342164, 36.349876], [-119.341095, 36.349919], [-119.341081, 36.351048], [-119.341128, 36.352777], [-119.341109, 36.352873], [-119.345466, 36.35289], [-119.345459, 36.351073]]], [[[-119.337444, 36.349121], [-119.332019, 36.349142], [-119.331945, 36.349142], [-119.332024, 36.352726], [-119.337445, 36.35276], [-119.337444, 36.349121]]], [[[-119.310141, 36.297788], [-119.308825, 36.297768], [-119.30882, 36.296342], [-119.308458, 36.296555], [-119.30783, 36.295902], [-119.307044, 36.296182], [-119.306489, 36.297077], [-119.306494, 36.297732], [-119.308435, 36.297761], [-119.308439, 36.298392], [-119.310061, 36.298416], [-119.310141, 36.297788]]], [[[-119.260707, 36.330969], [-119.258585, 36.330954], [-119.257752, 36.331212], [-119.256747, 36.330833], [-119.254831, 36.33289], [-119.254843, 36.333719], [-119.256401, 36.33373], [-119.256399, 36.333238], [-119.258982, 36.331757], [-119.260706, 36.331352], [-119.260706, 36.331192], [-119.260707, 36.330969]]], [[[-119.251035, 36.340159], [-119.247564, 36.340181], [-119.247538, 36.338379], [-119.249686, 36.338367], [-119.249674, 36.334612], [-119.245379, 36.334582], [-119.245328, 36.342281], [-119.245852, 36.342178], [-119.24796, 36.342067], [-119.251056, 36.342042], [-119.251035, 36.340159]]], [[[-119.421437, 36.31251], [-119.395606, 36.3126], [-119.388419, 36.301695], [-119.386325, 36.298221], [-119.403275, 36.297986], [-119.419166, 36.297913], [-119.419176, 36.298724], [-119.421283, 36.298718], [-119.421437, 36.31251]]], [[[-119.474822, 36.305125], [-119.465854, 36.305079], [-119.465478, 36.297825], [-119.474367, 36.297889], [-119.474822, 36.305125]]]]}}, {"type": "Feature", "properties": {"name": "Redding"}, "geometry": {"type": "MultiPolygon", "coordinates": [[[[-122.293294, 40.473771], [-122.292948, 40.474285], [-122.29275, 40.474804], [-122.292769, 40.475737], [-122.293117, 40.47659], [-122.293202, 40.477493], [-122.293215, 40.478935], [-122.289089, 40.478955], [-122.287292, 40.476587], [-122.277322, 40.476596], [-122.274211, 40.47593], [-122.274174, 40.469976], [-122.278313, 40.468926], [-122.285235, 40.470353], [-122.293276, 40.472433], [-122.293294, 40.473771]]], [[[-122.450382, 40.587322], [-122.448659, 40.607009], [-122.413858, 40.621067], [-122.418268, 40.631229], [-122.409141, 40.639268], [-122.3926, 40.623269], [-122.374998, 40.639107], [-122.355028, 40.656438], [-122.33099, 40.673147], [-122.333097, 40.654503], [-122.330357, 40.629181], [-122.320398, 40.614609], [-122.320761, 40.571167], [-122.302936, 40.574601], [-122.295701, 40.549297], [-122.299148, 40.537317], [-122.276586, 40.534889], [-122.276679, 40.493347], [-122.301196, 40.487549], [-122.316509, 40.505552], [-122.314564, 40.518356], [-122.336092, 40.534715], [-122.343302, 40.544303], [-122.353664, 40.534627], [-122.363504, 40.508372], [-122.365972, 40.495191], [-122.389233, 40.506283], [-122.387242, 40.516619], [-122.405185, 40.5029], [-122.436882, 40.495254], [-122.412185, 40.514222], [-122.391044, 40.519508], [-122.406752, 40.531614], [-122.441493, 40.528682], [-122.432438, 40.545581], [-122.432177, 40.556447], [-122.43836, 40.566896], [-122.450382, 40.587322]]], [[[-122.375091, 40.551427], [-122.369029, 40.551352], [-122.368805, 40.549707], [-122.366617, 40.550371], [-122.365092, 40.550113], [-122.363945, 40.556303], [-122.364324, 40.55803], [-122.362561, 40.558165], [-122.362542, 40.558813], [-122.364528, 40.558777], [-122.36527, 40.561477], [-122.364319, 40.561593], [-122.36445, 40.562219], [-122.365419, 40.562395], [-122.365446, 40.563772], [-122.369636, 40.56374], [-122.369625, 40.561504], [-122.373064, 40.561177], [-122.374145, 40.5609], [-122.373255, 40.555681], [-122.375648, 40.552317], [-122.375091, 40.551427]]]]}}, {"type": "Feature", "properties": {"name": "Thousand Oaks"}, "geometry": {"type": "MultiPolygon", "coordinates": [[[[-118.911435, 34.171963], [-118.910094, 34.171914], [-118.910073, 34.172299], [-118.909243, 34.171879], [-118.91017, 34.171055], [-118.911007, 34.170928], [-118.911435, 34.171963]]], [[[-119.000841, 34.17073], [-118.99222, 34.177211], [-118.986346, 34.183396], [-118.974862, 34.183104], [-118.964312, 34.19886], [-118.957794, 34.200567], [-118.920658, 34.225816], [-118.910227, 34.227049], [-118.897284, 34.234615], [-118.888641, 34.238285], [-118.865911, 34.246112], [-118.830357, 34.249917], [-118.829094, 34.245975], [-118.835154, 34.232587], [-118.820201, 34.226778], [-118.811509, 34.223932], [-118.800457, 34.223023], [-118.786623, 34.216809], [-118.778603, 34.213146], [-118.787521, 34.175596], [-118.789376, 34.167911], [-118.833456, 34.140882], [-118.862524, 34.126556], [-118.858661, 34.136513], [-118.865551, 34.144693], [-118.8693, 34.154669], [-118.883958, 34.162153], [-118.907446, 34.174233], [-118.912887, 34.176621], [-118.915734, 34.16544], [-118.928757, 34.171432], [-118.947, 34.154268], [-118.962441, 34.156727], [-118.989189, 34.147646], [-118.986163, 34.156281], [-118.990931, 34.15865], [-118.999791, 34.16466], [-119.000841, 34.17073]]], [[[-118.95004, 34.18663], [-118.949199, 34.179949], [-118.949154, 34.179597], [-118.94588, 34.17976], [-118.94064, 34.178451], [-118.938582, 34.1786], [-118.938559, 34.183901], [-118.938555, 34.18801], [-118.93972, 34.188165], [-118.94217, 34.187776], [-118.943823, 34.18675], [-118.943274, 34.187307], [-118.942496, 34.187729], [-118.942832, 34.188304], [-118.942293, 34.190026], [-118.950692, 34.191748], [-118.95004, 34.18663]]], [[[-118.938623, 34.171385], [-118.936319, 34.172171], [-118.935928, 34.173008], [-118.937783, 34.173439], [-118.937788, 34.172376], [-118.938615, 34.172376], [-118.938623, 34.171385]]], [[[-118.934669, 34.173561], [-118.934519, 34.17348], [-118.933542, 34.173375], [-118.932567, 34.17314], [-118.932569, 34.174166], [-118.935132, 34.174135], [-118.934669, 34.173561]]], [[[-118.933952, 34.176202], [-118.933629, 34.174536], [-118.932161, 34.175112], [-118.932155, 34.176458], [-118.933129, 34.17646], [-118.933125, 34.177376], [-118.934161, 34.177376], [-118.933952, 34.176202]]], [[[-118.912079, 34.204491], [-118.912501, 34.20197], [-118.910254, 34.202218], [-118.910247, 34.203015], [-118.906961, 34.203699], [-118.905963, 34.201964], [-118.904329, 34.202093], [-118.901092, 34.201422], [-118.900451, 34.19943], [-118.902753, 34.200874], [-118.906616, 34.200988], [-118.906646, 34.198947], [-118.908498, 34.198389], [-118.908907, 34.196486], [-118.907099, 34.195086], [-118.90931, 34.192576], [-118.909161, 34.18971], [-118.902264, 34.188748], [-118.901465, 34.186201], [-118.900344, 34.186704], [-118.897818, 34.185163], [-118.895683, 34.185919], [-118.894183, 34.185112], [-118.892604, 34.186158], [-118.893929, 34.188761], [-118.893936, 34.193187], [-118.890446, 34.197119], [-118.890261, 34.199818], [-118.89337, 34.199054], [-118.894748, 34.199223], [-118.897359, 34.200688], [-118.900466, 34.20328], [-118.90352, 34.204654], [-118.909387, 34.205825], [-118.909966, 34.207103], [-118.912796, 34.204904], [-118.912079, 34.204491]]], [[[-118.868442, 34.166017], [-118.865045, 34.165417], [-118.864645, 34.166797], [-118.86151, 34.166535], [-118.861128, 34.168382], [-118.859697, 34.168667], [-118.861626, 34.170606], [-118.860903, 34.17169], [-118.86195, 34.172362], [-118.861565, 34.174301], [-118.863672, 34.174435], [-118.866905, 34.175845], [-118.86838, 34.175653], [-118.868442, 34.166017]]]]}}, {"type": "Feature", "properties": {"name": "Redwood City"}, "geometry": {"type": "MultiPolygon", "coordinates": [[[[-122.262329, 37.484462], [-122.261913, 37.486038], [-122.259592, 37.486084], [-122.258509, 37.485188], [-122.257141, 37.484106], [-122.261119, 37.483772], [-122.261403, 37.484397], [-122.261771, 37.484424], [-122.261815, 37.483925], [-122.262284, 37.483954], [-122.262235, 37.484455], [-122.262329, 37.484462]]], [[[-122.28766, 37.470477], [-122.276287, 37.470628], [-122.275357, 37.458955], [-122.266532, 37.456091], [-122.262964, 37.462626], [-122.255396, 37.462906], [-122.258702, 37.466615], [-122.261437, 37.474064], [-122.253802, 37.481455], [-122.255691, 37.484091], [-122.24424, 37.49407], [-122.240936, 37.500322], [-122.251095, 37.517782], [-122.264598, 37.523554], [-122.265697, 37.534076], [-122.259625, 37.540376], [-122.249364, 37.549193], [-122.229047, 37.551255], [-122.196593, 37.537196], [-122.186572, 37.517568], [-122.173044, 37.496217], [-122.179191, 37.489361], [-122.178497, 37.486989], [-122.190023, 37.485822], [-122.186013, 37.478015], [-122.202044, 37.482916], [-122.212102, 37.477151], [-122.217246, 37.477545], [-122.217261, 37.473263], [-122.217738, 37.46429], [-122.226124, 37.459513], [-122.231608, 37.448758], [-122.260262, 37.447453], [-122.266623, 37.454113], [-122.269627, 37.455466], [-122.276543, 37.459072], [-122.279416, 37.46034], [-122.291136, 37.469493], [-122.28766, 37.470477]]], [[[-122.257736, 37.47411], [-122.257928, 37.473215], [-122.255011, 37.471832], [-122.254941, 37.470941], [-122.252656, 37.471747], [-122.25297, 37.47334], [-122.254368, 37.472954], [-122.254798, 37.473987], [-122.251707, 37.474177], [-122.251906, 37.47253], [-122.250639, 37.473152], [-122.25073, 37.473473], [-122.250763, 37.474245], [-122.25085, 37.474568], [-122.251012, 37.474754], [-122.251387, 37.47505], [-122.251057, 37.475308], [-122.254687, 37.477546], [-122.255933, 37.477481], [-122.259363, 37.474325], [-122.257736, 37.47411]]], [[[-122.250324, 37.472347], [-122.247461, 37.470069], [-122.246528, 37.470432], [-122.249281, 37.473178], [-122.250324, 37.472347]]]]}}, {"type": "Feature", "properties": {"name": "Pasadena"}, "geometry": {"type": "MultiPolygon", "coordinates": [[[[-118.198208, 34.236789], [-118.182627, 34.222604], [-118.167245, 34.211755], [-118.163976, 34.201481], [-118.168623, 34.185446], [-118.162993, 34.181449], [-118.131889, 34.176931], [-118.116425, 34.169616], [-118.097803, 34.169138], [-118.102439, 34.184923], [-118.100416, 34.189805], [-118.088772, 34.169531], [-118.08188, 34.173509], [-118.078668, 34.164384], [-118.077444, 34.177645], [-118.068113, 34.166692], [-118.080451, 34.145737], [-118.083733, 34.140462], [-118.094293, 34.135245], [-118.100517, 34.141422], [-118.110021, 34.137175], [-118.113818, 34.135871], [-118.129064, 34.122648], [-118.132834, 34.117345], [-118.141995, 34.11953], [-118.150271, 34.124037], [-118.172804, 34.124771], [-118.18604, 34.133833], [-118.183236, 34.139621], [-118.184561, 34.145401], [-118.189764, 34.169094], [-118.181622, 34.179703], [-118.179333, 34.187678], [-118.175043, 34.198441], [-118.170238, 34.204482], [-118.177675, 34.214162], [-118.184816, 34.221005], [-118.198208, 34.236789]]], [[[-118.17172, 34.189287], [-118.168578, 34.189193], [-118.169303, 34.192416], [-118.170559, 34.190675], [-118.170609, 34.190122], [-118.17172, 34.189287]]]]}}, {"type": "Feature", "properties": {"name": "Goleta"}, "geometry": {"type": "Polygon", "coordinates": [[[-119.921877, 34.435866], [-119.911398, 34.433101], [-119.901074, 34.437192], [-119.900442, 34.44129], [-119.894239, 34.442691], [-119.888088, 34.441711], [-119.885263, 34.441862], [-119.868538, 34.441965], [-119.856036, 34.445687], [-119.847255, 34.450757], [-119.842349, 34.451141], [-119.838708, 34.455052], [-119.830529, 34.453691], [-119.823187, 34.458514], [-119.81999, 34.456344], [-119.815412, 34.448682], [-119.815674, 34.444395], [-119.811203, 34.442684], [-119.805873, 34.437253], [-119.807475, 34.429809], [-119.81373, 34.430648], [-119.816722, 34.435018], [-119.821774, 34.429545], [-119.827176, 34.423744], [-119.830662, 34.426493], [-119.829058, 34.427078], [-119.830784, 34.429323], [-119.830748, 34.43156], [-119.840424, 34.437611], [-119.841265, 34.432963], [-119.859591, 34.430468], [-119.865031, 34.422786], [-119.869805, 34.419345], [-119.876663, 34.420943], [-119.882139, 34.422806], [-119.884917, 34.421684], [-119.891473, 34.41971], [-119.912882131649, 34.429232751956], [-119.92186334091, 34.4335516183348], [-119.921877, 34.435866]]]}}, {"type": "Feature", "properties": {"name": "Seal Beach"}, "geometry": {"type": "Polygon", "coordinates": [[[-118.114635, 33.744606], [-118.113046, 33.74709], [-118.105849, 33.750665], [-118.098095, 33.75516], [-118.092045, 33.759675], [-118.093628, 33.768096], [-118.097057, 33.774192], [-118.096705, 33.779085], [-118.09323, 33.785805], [-118.091993, 33.785859], [-118.089483, 33.784308], [-118.086335, 33.775396], [-118.079754, 33.774798], [-118.07212, 33.77825], [-118.0759, 33.78058], [-118.07618, 33.785938], [-118.072155, 33.78757], [-118.07201, 33.78752], [-118.067625, 33.784949], [-118.05604, 33.781222], [-118.04751, 33.781206], [-118.041727, 33.781167], [-118.042935, 33.774743], [-118.042457, 33.774036], [-118.042952, 33.767047], [-118.043005, 33.758759], [-118.041914, 33.749684], [-118.041873, 33.739784], [-118.0417, 33.729937], [-118.054783, 33.729909], [-118.070572, 33.729758], [-118.076544, 33.725495], [-118.081974, 33.728388], [-118.08256, 33.727882], [-118.0778, 33.72463], [-118.086966950658, 33.7296245069553], [-118.092780190038, 33.7329388286478], [-118.097474, 33.737066], [-118.113647, 33.742282], [-118.114635, 33.744606]]]}}, {"type": "Feature", "properties": {"name": "Needles"}, "geometry": {"type": "MultiPolygon", "coordinates": [[[[-114.662022, 34.875004], [-114.662102, 34.894956], [-114.645033, 34.895007], [-114.64448, 34.89955], [-114.644561, 34.924331], [-114.633251687981, 34.924331], [-114.633247775239, 34.9235049223196], [-114.633247477172, 34.9234419930033], [-114.633237, 34.92123], [-114.630552, 34.911852], [-114.63062508738, 34.9108200061884], [-114.630877, 34.907263], [-114.635425, 34.895192], [-114.636725, 34.889107], [-114.636768, 34.885705], [-114.635176, 34.875003], [-114.63512634918, 34.8748708687888], [-114.634382, 34.87289], [-114.630682, 34.866352], [-114.630314500681, 34.8659915312926], [-114.623939, 34.859738], [-114.619878, 34.856873], [-114.604255, 34.849573], [-114.602354216847, 34.8484057228386], [-114.600653, 34.847361], [-114.598631673246, 34.8458516908239], [-114.598554132905, 34.8457937920465], [-114.592339, 34.841153], [-114.591724351818, 34.8405401408609], [-114.586842, 34.835672], [-114.581126, 34.826115], [-114.576452, 34.8153], [-114.575030131017, 34.8080856950277], [-114.574569, 34.805746], [-114.57101, 34.794294], [-114.565923421575, 34.7858793495056], [-114.561515335368, 34.7785871185235], [-114.564358, 34.778422], [-114.591617, 34.778648], [-114.59143, 34.749388], [-114.600379, 34.749382], [-114.644038, 34.749265], [-114.644319, 34.777548], [-114.644606, 34.852307], [-114.645542, 34.853229], [-114.649966, 34.855029], [-114.662302, 34.862916], [-114.662022, 34.875004]]], [[[-114.618085, 34.851514], [-114.61762, 34.85144], [-114.613947, 34.851413], [-114.613918, 34.853154], [-114.61807, 34.853184], [-114.618085, 34.851514]]]]}}, {"type": "Feature", "properties": {"name": "Reedley"}, "geometry": {"type": "MultiPolygon", "coordinates": [[[[-119.453363, 36.676785], [-119.451726, 36.67677], [-119.450862, 36.673656], [-119.448529, 36.673665], [-119.448576, 36.662325], [-119.451837, 36.662463], [-119.452111, 36.667564], [-119.453483, 36.6699], [-119.453363, 36.676785]]], [[[-119.469982, 36.604848], [-119.465672, 36.607012], [-119.464962, 36.611284], [-119.457698, 36.61545], [-119.450898, 36.618705], [-119.448759, 36.614069], [-119.446381, 36.614789], [-119.448754, 36.618711], [-119.444294, 36.622309], [-119.441003, 36.618681], [-119.442817, 36.611409], [-119.439775, 36.609751], [-119.430848, 36.611348], [-119.426241, 36.60594], [-119.421935, 36.604082], [-119.426406, 36.598696], [-119.43092, 36.600482], [-119.430934, 36.596856], [-119.426426, 36.595001], [-119.421994, 36.593294], [-119.416587, 36.589588], [-119.419605, 36.588131], [-119.422055, 36.586001], [-119.421522, 36.582361], [-119.427283, 36.580997], [-119.430782, 36.58246], [-119.440659, 36.58729], [-119.44251, 36.585469], [-119.444286, 36.575199], [-119.448801, 36.578793], [-119.453227, 36.578511], [-119.457544, 36.575262], [-119.45778, 36.577885], [-119.46632, 36.576381], [-119.467929, 36.575849], [-119.469369, 36.575129], [-119.466595, 36.582694], [-119.466578, 36.586723], [-119.460435, 36.588132], [-119.464822, 36.589494], [-119.469851, 36.59373], [-119.468843, 36.599128], [-119.461943, 36.602174], [-119.469913, 36.602603], [-119.469982, 36.604848]]]]}}, {"type": "Feature", "properties": {"name": "Huntington Park"}, "geometry": {"type": "Polygon", "coordinates": [[[-118.239021, 33.989403], [-118.237511, 33.989228], [-118.230269, 33.990678], [-118.22381, 33.996213], [-118.223652, 33.992923], [-118.222621, 33.991567], [-118.215051, 33.991552], [-118.212766, 33.989674], [-118.210536, 33.983758], [-118.204156, 33.988957], [-118.200949, 33.988237], [-118.194459, 33.987639], [-118.19005, 33.987187], [-118.189452, 33.983882], [-118.190708, 33.981966], [-118.197411, 33.982654], [-118.202581, 33.982569], [-118.202556, 33.979687], [-118.20624, 33.979572], [-118.203786, 33.975775], [-118.199735, 33.971559], [-118.202027, 33.970644], [-118.19493, 33.963621], [-118.196652, 33.962052], [-118.204748, 33.962885], [-118.210864, 33.963523], [-118.211465, 33.96691], [-118.211102, 33.969377], [-118.217621, 33.972539], [-118.221174, 33.973789], [-118.223774, 33.974061], [-118.227707, 33.974446], [-118.230558, 33.974758], [-118.235324, 33.974746], [-118.23765, 33.977166], [-118.238953, 33.9804], [-118.239021, 33.989403]]]}}, {"type": "Feature", "properties": {"name": "Upland"}, "geometry": {"type": "Polygon", "coordinates": [[[-117.699629, 34.106825], [-117.692308, 34.124683], [-117.686799, 34.138122], [-117.683264, 34.150488], [-117.674005, 34.152314], [-117.670412, 34.1469], [-117.661055, 34.150553], [-117.636916, 34.150577], [-117.633842, 34.14308], [-117.629894, 34.13627], [-117.627038, 34.132571], [-117.625195, 34.132574], [-117.62197, 34.126693], [-117.620054, 34.1216], [-117.621265, 34.121588], [-117.622508, 34.123021], [-117.623261, 34.121962], [-117.623451, 34.121565], [-117.624897, 34.118548], [-117.62705, 34.118003], [-117.628477, 34.114362], [-117.62751, 34.111699], [-117.628327, 34.108298], [-117.628536, 34.106614], [-117.628538, 34.099427], [-117.628572, 34.092558], [-117.633343, 34.093224], [-117.633298, 34.087076], [-117.641455, 34.087082], [-117.646165, 34.087482], [-117.660736, 34.087434], [-117.680888, 34.087374], [-117.680922, 34.09237], [-117.689622, 34.093925], [-117.689631, 34.096744], [-117.704356, 34.09529], [-117.699629, 34.106825]]]}}, {"type": "Feature", "properties": {"name": "West Covina"}, "geometry": {"type": "MultiPolygon", "coordinates": [[[[-117.967144, 34.063462], [-117.959959, 34.068179], [-117.95658, 34.075309], [-117.944489, 34.082963], [-117.942993, 34.092493], [-117.938561, 34.08996], [-117.936143, 34.086777], [-117.929046, 34.084736], [-117.916563, 34.084655], [-117.90331, 34.079148], [-117.89231, 34.077208], [-117.874187, 34.073451], [-117.863317, 34.070574], [-117.862444, 34.067796], [-117.869173, 34.059234], [-117.864158, 34.052148], [-117.881657, 34.044906], [-117.895722, 34.027488], [-117.884246, 34.016372], [-117.874044, 34.014509], [-117.873904, 34.011611], [-117.887681, 34.002874], [-117.883114, 34.004131], [-117.886822, 34.010172], [-117.890186, 34.013644], [-117.910754, 34.020423], [-117.915522, 34.029938], [-117.917508, 34.034266], [-117.926636, 34.039777], [-117.922842, 34.04323], [-117.914668, 34.05027], [-117.92562, 34.048554], [-117.934286, 34.05046], [-117.948203, 34.049505], [-117.961435, 34.050898], [-117.963574, 34.060807], [-117.967144, 34.063462]]], [[[-117.874666, 34.059949], [-117.873891, 34.059397], [-117.873561, 34.059035], [-117.872463, 34.057652], [-117.8719, 34.05801], [-117.87172, 34.058417], [-117.872622, 34.059191], [-117.871986, 34.060354], [-117.872216, 34.060718], [-117.873328, 34.058874], [-117.874497, 34.059966], [-117.875177, 34.060153], [-117.874666, 34.059949]]]]}}, {"type": "Feature", "properties": {"name": "Moorpark"}, "geometry": {"type": "Polygon", "coordinates": [[[-118.920515, 34.295773], [-118.91228, 34.302107], [-118.909707, 34.307828], [-118.865938, 34.307862], [-118.858697, 34.30062], [-118.849569, 34.303589], [-118.844018, 34.307825], [-118.833282, 34.302717], [-118.82261, 34.300737], [-118.820693, 34.302559], [-118.820774, 34.301805], [-118.821043, 34.299543], [-118.822438, 34.295051], [-118.821196, 34.29156], [-118.824249, 34.287614], [-118.826928, 34.288271], [-118.831114, 34.28754], [-118.832432, 34.286567], [-118.838308, 34.290628], [-118.843327, 34.291512], [-118.853855, 34.286434], [-118.848608, 34.277903], [-118.857773, 34.275048], [-118.851435, 34.267768], [-118.851339, 34.266627], [-118.856565, 34.263609], [-118.862867, 34.263507], [-118.86525, 34.262733], [-118.866018, 34.26087], [-118.890172, 34.260795], [-118.912811, 34.26075], [-118.913071, 34.268134], [-118.909823, 34.269784], [-118.907182, 34.269933], [-118.916691, 34.278846], [-118.90989, 34.281595], [-118.910659, 34.288514], [-118.920492, 34.289644], [-118.920515, 34.295773]]]}}, {"type": "Feature", "properties": {"name": "Palm Springs"}, "geometry": {"type": "Polygon", "coordinates": [[[-116.683942, 33.888037], [-116.66911, 33.914654], [-116.673762, 33.918098], [-116.653443, 33.922251], [-116.632317, 33.903133], [-116.632671, 33.898784], [-116.583775, 33.874533], [-116.605919, 33.900638], [-116.583471, 33.921169], [-116.575215, 33.931916], [-116.545312, 33.917598], [-116.52222, 33.894507], [-116.493477, 33.867515], [-116.493209, 33.830344], [-116.488558, 33.815879], [-116.475461, 33.797732], [-116.469411, 33.788679], [-116.475443, 33.78688], [-116.479889, 33.787084], [-116.484264, 33.792004], [-116.484236, 33.785018], [-116.475538, 33.772494], [-116.482184, 33.761386], [-116.482801, 33.759821], [-116.477644, 33.746737], [-116.460053, 33.714079], [-116.460147, 33.641589], [-116.494841, 33.626914], [-116.530281, 33.699645], [-116.512871, 33.728742], [-116.521614, 33.761515], [-116.563061, 33.772279], [-116.563085, 33.8122], [-116.580242, 33.830341], [-116.615048, 33.859197], [-116.667289, 33.859085], [-116.683942, 33.888037]]]}}, {"type": "Feature", "properties": {"name": "Dublin"}, "geometry": {"type": "Polygon", "coordinates": [[[-121.987797, 37.709318], [-121.968619, 37.709677], [-121.960986, 37.708444], [-121.960231, 37.710596], [-121.952924, 37.707648], [-121.954255, 37.710793], [-121.953554, 37.714209], [-121.95096, 37.715574], [-121.955109, 37.719718], [-121.943695, 37.722722], [-121.940195, 37.723484], [-121.929372, 37.726078], [-121.925823, 37.726848], [-121.917374, 37.728897], [-121.910459, 37.730393], [-121.881567, 37.737328], [-121.850727, 37.744942], [-121.850608, 37.734061], [-121.841613, 37.730956], [-121.832547, 37.723743], [-121.833381, 37.701209], [-121.849667, 37.701585], [-121.855044, 37.70141], [-121.86664, 37.701521], [-121.872187, 37.70257], [-121.888118, 37.701865], [-121.905137, 37.701974], [-121.907178, 37.7021], [-121.920518, 37.701999], [-121.923303, 37.702837], [-121.932818, 37.699196], [-121.937114, 37.69876], [-121.954963, 37.69884], [-121.959277, 37.698954], [-121.965163, 37.697964], [-121.968715, 37.697842], [-121.97263, 37.698578], [-121.977329, 37.699939], [-121.983211, 37.699919], [-121.987511, 37.702044], [-121.987797, 37.709318]]]}}, {"type": "Feature", "properties": {"name": "La Ca\u00f1ada Flintridge"}, "geometry": {"type": "Polygon", "coordinates": [[[-118.231247, 34.218904], [-118.226997, 34.224465], [-118.226617, 34.229107], [-118.224839, 34.237837], [-118.221679, 34.242733], [-118.217519, 34.233857], [-118.204195, 34.237235], [-118.194766, 34.23338], [-118.18887, 34.222654], [-118.181857, 34.22018], [-118.183731, 34.218418], [-118.17984, 34.215328], [-118.174596, 34.21121], [-118.175709, 34.207686], [-118.170238, 34.204482], [-118.168028, 34.201111], [-118.173679, 34.197016], [-118.177531, 34.194114], [-118.178847, 34.188241], [-118.179047, 34.187267], [-118.181252, 34.186664], [-118.175595, 34.185119], [-118.181622, 34.179703], [-118.187426, 34.179229], [-118.189294, 34.178345], [-118.189525, 34.179077], [-118.190823, 34.18008], [-118.19236, 34.18045], [-118.201791, 34.183714], [-118.208103, 34.187572], [-118.212643, 34.195061], [-118.215007, 34.203536], [-118.218014, 34.205595], [-118.222051, 34.209221], [-118.22692, 34.216502], [-118.231247, 34.218904]]]}}, {"type": "Feature", "properties": {"name": "Stanton"}, "geometry": {"type": "Polygon", "coordinates": [[[-118.016428, 33.806221], [-118.01068, 33.806368], [-118.011806, 33.809982], [-118.010714, 33.811081], [-118.008563, 33.811831], [-118.005784, 33.813675], [-117.997661, 33.813751], [-117.993324, 33.815609], [-117.984571, 33.815682], [-117.975787, 33.81396], [-117.980151, 33.810283], [-117.975743, 33.810777], [-117.97195, 33.811396], [-117.971927, 33.80769], [-117.975294, 33.80727], [-117.967576, 33.80678], [-117.971928, 33.806606], [-117.973486, 33.805667], [-117.975648, 33.803799], [-117.976447, 33.803058], [-117.975662, 33.804845], [-117.977987, 33.805708], [-117.980092, 33.803483], [-117.977283, 33.803051], [-117.984435, 33.800605], [-117.988556, 33.795667], [-117.991773, 33.792962], [-117.990689, 33.791114], [-117.98746, 33.788403], [-117.984126, 33.788424], [-117.982369, 33.787528], [-117.984085, 33.784788], [-117.986779, 33.782131], [-117.989495, 33.78409], [-117.988397, 33.781131], [-117.9894, 33.773746], [-117.992875, 33.77373], [-117.992883, 33.774727], [-117.998804, 33.781064], [-117.997164, 33.787445], [-117.992994, 33.784721], [-117.99498, 33.786149], [-117.999088, 33.788338], [-118.001559, 33.791954], [-118.011048, 33.799187], [-118.010887, 33.804153], [-118.016428, 33.806221]]]}}, {"type": "Feature", "properties": {"name": "Tehachapi"}, "geometry": {"type": "MultiPolygon", "coordinates": [[[[-118.477006, 35.112479], [-118.472662, 35.113463], [-118.467764, 35.11901], [-118.465701, 35.120147], [-118.467786, 35.120625], [-118.469879, 35.123699], [-118.472776, 35.124281], [-118.470115, 35.128004], [-118.467614, 35.131693], [-118.469072, 35.136833], [-118.475657, 35.14136], [-118.471667, 35.146276], [-118.469546, 35.147717], [-118.469963, 35.144646], [-118.471343, 35.143547], [-118.469368, 35.14308], [-118.467424, 35.141265], [-118.459229, 35.139616], [-118.453674, 35.146703], [-118.453484, 35.149204], [-118.449414, 35.157991], [-118.427583, 35.154001], [-118.431384, 35.150212], [-118.41394, 35.149947], [-118.419033, 35.138793], [-118.419002, 35.128587], [-118.407209, 35.126681], [-118.396556, 35.120349], [-118.409448, 35.124383], [-118.414271, 35.124583], [-118.427562, 35.116923], [-118.432455, 35.109711], [-118.43668, 35.109677], [-118.439979, 35.116869], [-118.445507, 35.113309], [-118.450124, 35.109743], [-118.458218, 35.114447], [-118.461327, 35.109528], [-118.476908, 35.109433], [-118.477006, 35.112479]]], [[[-118.466438, 35.120744], [-118.459922, 35.120718], [-118.461081, 35.121432], [-118.46119, 35.124126], [-118.466374, 35.123964], [-118.466438, 35.120744]]], [[[-118.465647, 35.124439], [-118.459926, 35.124456], [-118.460121, 35.12796], [-118.461713, 35.128086], [-118.465131, 35.127941], [-118.465647, 35.124439]]], [[[-118.592783, 35.123492], [-118.574842, 35.123522], [-118.574889, 35.121997], [-118.573399, 35.121981], [-118.57348, 35.123528], [-118.557268, 35.123597], [-118.557294, 35.116468], [-118.553152, 35.11647], [-118.553049, 35.109205], [-118.55745, 35.109131], [-118.557466, 35.098276], [-118.575132, 35.098357], [-118.575128, 35.109015], [-118.583858, 35.108965], [-118.583735, 35.116568], [-118.593072, 35.116238], [-118.592783, 35.123492]]]]}}, {"type": "Feature", "properties": {"name": "Davis"}, "geometry": {"type": "Polygon", "coordinates": [[[-121.793756, 38.556005], [-121.786144, 38.561111], [-121.777004, 38.560944], [-121.767883, 38.568133], [-121.767201, 38.568747], [-121.765538, 38.571948], [-121.758243, 38.575555], [-121.746954, 38.573437], [-121.745567, 38.568967], [-121.736793, 38.560801], [-121.730582, 38.574677], [-121.712716, 38.574686], [-121.712453, 38.563904], [-121.699252, 38.560329], [-121.693959, 38.556752], [-121.689666, 38.554426], [-121.687766, 38.55408], [-121.675818, 38.548206], [-121.694375, 38.548287], [-121.69446, 38.543275], [-121.694553, 38.538605], [-121.702465, 38.543229], [-121.708605, 38.542321], [-121.710794, 38.541482], [-121.713436, 38.54146], [-121.713474, 38.539073], [-121.721212, 38.534921], [-121.724225, 38.535914], [-121.728134, 38.536069], [-121.731478, 38.538902], [-121.730445, 38.5369], [-121.732588, 38.536352], [-121.73464, 38.53755], [-121.737513, 38.537868], [-121.738594, 38.537704], [-121.739212, 38.539494], [-121.743454, 38.540063], [-121.746249, 38.540923], [-121.752807, 38.546224], [-121.761796, 38.546362], [-121.768187, 38.546463], [-121.776326, 38.546545], [-121.78935, 38.546714], [-121.793756, 38.556005]]]}}, {"type": "Feature", "properties": {"name": "Alturas"}, "geometry": {"type": "MultiPolygon", "coordinates": [[[[-120.55977, 41.476762], [-120.554922, 41.476709], [-120.557099, 41.47105], [-120.559725, 41.468695], [-120.55977, 41.476762]]], [[[-120.573009, 41.482597], [-120.57311, 41.484483], [-120.575344, 41.488767], [-120.569525, 41.488733], [-120.565818, 41.487316], [-120.564043, 41.487314], [-120.56423, 41.494569], [-120.564176, 41.50576], [-120.55951, 41.505785], [-120.559514, 41.501909], [-120.556837, 41.501847], [-120.540232, 41.501681], [-120.53512, 41.501821], [-120.535126, 41.498586], [-120.535207, 41.490902], [-120.525501, 41.490732], [-120.525499, 41.488896], [-120.525518, 41.487379], [-120.526736, 41.487382], [-120.535131, 41.48747], [-120.534982, 41.48551], [-120.534981, 41.482937], [-120.535252, 41.480008], [-120.549643, 41.480111], [-120.554533, 41.479957], [-120.558622, 41.480059], [-120.563068, 41.479944], [-120.561581, 41.47732], [-120.561472, 41.476783], [-120.562224, 41.47685], [-120.563989, 41.479944], [-120.563985, 41.477539], [-120.571517, 41.480386], [-120.575721, 41.480512], [-120.573009, 41.482597]]]]}}, {"type": "Feature", "properties": {"name": "Sebastopol"}, "geometry": {"type": "Polygon", "coordinates": [[[-122.848161, 38.397454], [-122.843057, 38.398952], [-122.845367, 38.405229], [-122.843672, 38.406948], [-122.840065, 38.408706], [-122.841777, 38.41123], [-122.840761, 38.412731], [-122.836633, 38.406884], [-122.832659, 38.406923], [-122.830553, 38.408426], [-122.82819, 38.409395], [-122.827493, 38.408951], [-122.825459, 38.408516], [-122.821174, 38.410209], [-122.817115, 38.409319], [-122.812416, 38.409056], [-122.81277, 38.405422], [-122.812475, 38.40473], [-122.815776, 38.403471], [-122.815559, 38.40157], [-122.815612, 38.401193], [-122.818214, 38.400841], [-122.816393, 38.396675], [-122.816658, 38.393977], [-122.816495, 38.391954], [-122.80634, 38.390333], [-122.812727, 38.388402], [-122.814547, 38.388483], [-122.815932, 38.389134], [-122.817256, 38.390345], [-122.824774, 38.387522], [-122.821998, 38.386779], [-122.822725, 38.38603], [-122.824744, 38.385587], [-122.824807, 38.385499], [-122.827567, 38.385], [-122.827669, 38.387407], [-122.830395, 38.390262], [-122.83157, 38.392935], [-122.829749, 38.39587], [-122.834838, 38.395109], [-122.838605, 38.397045], [-122.848161, 38.397454]]]}}, {"type": "Feature", "properties": {"name": "Wildomar"}, "geometry": {"type": "Polygon", "coordinates": [[[-117.310973, 33.612592], [-117.310725, 33.614949], [-117.310159, 33.615186], [-117.308673, 33.616765], [-117.308496, 33.616657], [-117.306597, 33.615513], [-117.303904, 33.618452], [-117.301284, 33.621454], [-117.299245, 33.623719], [-117.291316, 33.632652], [-117.290618, 33.633158], [-117.290654, 33.634296], [-117.291097, 33.641055], [-117.291254, 33.641574], [-117.293339, 33.645377], [-117.296376, 33.652477], [-117.292607, 33.653873], [-117.291963, 33.654046], [-117.287708, 33.655665], [-117.287816, 33.656077], [-117.274618, 33.655939], [-117.257757, 33.655976], [-117.253856, 33.655948], [-117.254391, 33.654826], [-117.25345, 33.654517], [-117.253461, 33.648627], [-117.240394, 33.648663], [-117.24034, 33.654337], [-117.240319, 33.655821], [-117.232058, 33.656058], [-117.22339, 33.655965], [-117.22352, 33.643489], [-117.223518, 33.641493], [-117.223438, 33.626957], [-117.206115, 33.627015], [-117.206039, 33.612926], [-117.206036, 33.611887], [-117.206326, 33.603365], [-117.206335, 33.602975], [-117.213769, 33.597813], [-117.224956, 33.590086], [-117.232654, 33.584761], [-117.241371, 33.578727], [-117.244828, 33.576318], [-117.251595, 33.580344], [-117.255736, 33.58282], [-117.255145, 33.583494], [-117.256979, 33.584629], [-117.257542, 33.58395], [-117.257892, 33.584106], [-117.259319, 33.585019], [-117.258704, 33.585713], [-117.260463, 33.586811], [-117.260952, 33.585935], [-117.265651, 33.583799], [-117.268325, 33.583942], [-117.291467, 33.585142], [-117.300612, 33.587114], [-117.304686, 33.596589], [-117.303901, 33.59769], [-117.310849, 33.597731], [-117.310858, 33.598971], [-117.310973, 33.612592]]]}}, {"type": "Feature", "properties": {"name": "La Mirada"}, "geometry": {"type": "Polygon", "coordinates": [[[-118.037973, 33.915228], [-118.036493, 33.915234], [-118.036519, 33.917], [-118.029196, 33.917027], [-118.023862, 33.917068], [-118.018971, 33.917096], [-118.014842, 33.917115], [-118.014459, 33.918615], [-118.017537, 33.920591], [-118.023227, 33.924131], [-118.015934, 33.925881], [-118.011812, 33.926766], [-118.006269, 33.928034], [-118.005252, 33.928268], [-118.003513, 33.923077], [-117.997433, 33.924475], [-117.994399, 33.924505], [-117.994342, 33.918541], [-117.992335, 33.918563], [-117.991689, 33.917335], [-117.985504, 33.917379], [-117.976563, 33.917418], [-117.97657, 33.913692], [-117.976571, 33.911205], [-117.976581, 33.909762], [-117.976575, 33.906406], [-117.976593, 33.90281], [-117.984349, 33.902764], [-117.985403, 33.902586], [-117.985327, 33.895603], [-117.9877, 33.895494], [-117.989683, 33.895494], [-117.994136, 33.895513], [-117.994119, 33.892498], [-117.994044, 33.889379], [-117.994057, 33.888218], [-117.999234, 33.888182], [-117.999393, 33.888175], [-118.002855, 33.888161], [-118.002793, 33.882665], [-118.002754, 33.880894], [-118.011474, 33.880846], [-118.011378, 33.873488], [-118.011383, 33.873431], [-118.028782, 33.873322], [-118.028888, 33.882629], [-118.028965, 33.887924], [-118.028943, 33.888032], [-118.029065, 33.897823], [-118.029115, 33.902526], [-118.034224, 33.90249], [-118.03426, 33.903986], [-118.037878, 33.904281], [-118.037894, 33.906126], [-118.037954, 33.913005], [-118.037973, 33.915228]]]}}, {"type": "Feature", "properties": {"name": "Fowler"}, "geometry": {"type": "Polygon", "coordinates": [[[-119.695797, 36.619955], [-119.691219, 36.619962], [-119.691205, 36.627193], [-119.693449, 36.627186], [-119.693428, 36.63081], [-119.691208, 36.630849], [-119.691205, 36.631998], [-119.688599, 36.632033], [-119.68826, 36.630952], [-119.686754, 36.630952], [-119.686766, 36.632387], [-119.68847, 36.632418], [-119.688452, 36.634009], [-119.692816, 36.634436], [-119.691113, 36.634442], [-119.688379, 36.635646], [-119.691149, 36.636136], [-119.690288, 36.638227], [-119.682173, 36.638232], [-119.682147, 36.639992], [-119.677753, 36.639919], [-119.677784, 36.636442], [-119.673243, 36.63637], [-119.668719, 36.637243], [-119.668794, 36.639949], [-119.673189, 36.639954], [-119.67316, 36.641759], [-119.664213, 36.641736], [-119.664227, 36.634489], [-119.659764, 36.634463], [-119.659823, 36.630838], [-119.664305, 36.630849], [-119.664262, 36.63351], [-119.666695, 36.6336], [-119.66666, 36.630864], [-119.668459, 36.630974], [-119.668463, 36.624954], [-119.670772, 36.6249], [-119.66521, 36.619911], [-119.669801, 36.619917], [-119.667777, 36.617945], [-119.664389, 36.617929], [-119.664415, 36.614708], [-119.662168, 36.61264], [-119.65994, 36.613284], [-119.660439, 36.612268], [-119.657702, 36.61197], [-119.657723, 36.609147], [-119.649845, 36.609035], [-119.64988, 36.60542], [-119.649156, 36.605419], [-119.649476, 36.601326], [-119.649994, 36.601468], [-119.649768, 36.60127], [-119.650747, 36.601108], [-119.652527, 36.601971], [-119.656418, 36.60189], [-119.657577, 36.602799], [-119.657553, 36.605377], [-119.664403, 36.605362], [-119.664404, 36.60785], [-119.668852, 36.61228], [-119.677321, 36.620004], [-119.686674, 36.619977], [-119.686801, 36.613615], [-119.691264, 36.613594], [-119.691232, 36.616311], [-119.69574, 36.616309], [-119.695797, 36.619955]]]}}, {"type": "Feature", "properties": {"name": "San Luis Obispo"}, "geometry": {"type": "Polygon", "coordinates": [[[-120.719116, 35.264494], [-120.709332, 35.262408], [-120.708054, 35.266437], [-120.699914, 35.272082], [-120.684105, 35.275871], [-120.676999, 35.279579], [-120.674656, 35.284912], [-120.678251, 35.289427], [-120.688488, 35.292138], [-120.68926, 35.29496], [-120.697908, 35.311075], [-120.694406, 35.308622], [-120.680363, 35.301544], [-120.675915, 35.30058], [-120.674377, 35.298212], [-120.666729, 35.301475], [-120.658321, 35.29827], [-120.653115, 35.29603], [-120.6422, 35.293066], [-120.643361, 35.289025], [-120.64039, 35.273736], [-120.635648, 35.271186], [-120.631334, 35.265515], [-120.631118, 35.262713], [-120.62824, 35.254071], [-120.620486, 35.249908], [-120.623584, 35.243208], [-120.635789, 35.241372], [-120.631309, 35.239556], [-120.627497, 35.237376], [-120.631295, 35.235895], [-120.639967, 35.239931], [-120.647417, 35.243147], [-120.647665, 35.24683], [-120.664752, 35.250488], [-120.66491, 35.244032], [-120.662413, 35.235787], [-120.675733, 35.237689], [-120.678706, 35.238912], [-120.683227, 35.240765], [-120.684859, 35.235237], [-120.686892, 35.236606], [-120.684586, 35.242451], [-120.683494, 35.247216], [-120.691381, 35.249504], [-120.707643, 35.243893], [-120.719116, 35.264494]]]}}, {"type": "Feature", "properties": {"name": "Claremont"}, "geometry": {"type": "MultiPolygon", "coordinates": [[[[-117.750735, 34.121642], [-117.743917, 34.12155], [-117.741916, 34.126421], [-117.741698, 34.147249], [-117.733227, 34.150906], [-117.728871, 34.15814], [-117.724548, 34.165396], [-117.715704, 34.158103], [-117.702906, 34.154268], [-117.684295, 34.155851], [-117.682572, 34.159757], [-117.684765, 34.157935], [-117.697896, 34.165252], [-117.678501, 34.161993], [-117.683264, 34.150488], [-117.686799, 34.138122], [-117.692308, 34.124683], [-117.699629, 34.106825], [-117.7049, 34.093953], [-117.708645, 34.085299], [-117.710092, 34.081981], [-117.719254, 34.079521], [-117.727997, 34.079477], [-117.727997, 34.085072], [-117.727989, 34.087147], [-117.732343, 34.090326], [-117.732408, 34.098724], [-117.736801, 34.103394], [-117.736816, 34.107094], [-117.738985, 34.110743], [-117.741163, 34.10811], [-117.74534, 34.110815], [-117.748541, 34.1126], [-117.750051, 34.109636], [-117.750769, 34.120674], [-117.750735, 34.121642]]], [[[-117.738038, 34.121673], [-117.732177, 34.121678], [-117.732209, 34.124168], [-117.733345, 34.124154], [-117.733362, 34.125864], [-117.730508, 34.127228], [-117.729006, 34.127491], [-117.72912, 34.12413], [-117.729969, 34.121558], [-117.726818, 34.121567], [-117.726787, 34.127903], [-117.737637, 34.128943], [-117.737727, 34.125306], [-117.7366, 34.123412], [-117.736434, 34.123364], [-117.736448, 34.122767], [-117.737255, 34.122769], [-117.738038, 34.121673]]], [[[-117.705205, 34.142172], [-117.70375, 34.140648], [-117.702795, 34.141551], [-117.701648, 34.145332], [-117.702306, 34.146209], [-117.70074, 34.148614], [-117.701983, 34.148865], [-117.703916, 34.146307], [-117.704223, 34.143836], [-117.707228, 34.142353], [-117.705205, 34.142172]]]]}}, {"type": "Feature", "properties": {"name": "Coachella"}, "geometry": {"type": "MultiPolygon", "coordinates": [[[[-116.203238, 33.649359], [-116.198966, 33.649321], [-116.198634, 33.642058], [-116.202952, 33.64209], [-116.203238, 33.649359]]], [[[-116.216453, 33.70035], [-116.20311, 33.70038], [-116.19906, 33.700386], [-116.190285, 33.70036], [-116.185946, 33.700242], [-116.181551, 33.700402], [-116.181576, 33.709693], [-116.181576, 33.714962], [-116.18167, 33.722252], [-116.17288, 33.729478], [-116.167235, 33.727269], [-116.160795, 33.724007], [-116.157436, 33.718513], [-116.154176, 33.714932], [-116.129304, 33.729447], [-116.078245, 33.729288], [-116.078273, 33.69953], [-116.094517, 33.697937], [-116.078303, 33.685725], [-116.094367, 33.671565], [-116.120635, 33.671171], [-116.146709, 33.667758], [-116.138049, 33.66393], [-116.133682, 33.660322], [-116.129309, 33.656672], [-116.116282, 33.652975], [-116.111768, 33.649387], [-116.124869, 33.645707], [-116.127136, 33.642107], [-116.135205, 33.642098], [-116.140702, 33.644978], [-116.142176, 33.648852], [-116.146891, 33.648854], [-116.1598, 33.656708], [-116.164136, 33.653039], [-116.181777, 33.656562], [-116.199077, 33.663754], [-116.203431, 33.665546], [-116.205543, 33.667279], [-116.207764, 33.669161], [-116.203364, 33.672744], [-116.21211, 33.681768], [-116.213215, 33.683586], [-116.212173, 33.685494], [-116.216471, 33.693187], [-116.216453, 33.70035]]]]}}, {"type": "Feature", "properties": {"name": "Lathrop"}, "geometry": {"type": "Polygon", "coordinates": [[[-121.413967, 37.803347], [-121.410292, 37.805731], [-121.397688, 37.806261], [-121.384814, 37.811601], [-121.382606, 37.816089], [-121.378199, 37.820236], [-121.369894, 37.821504], [-121.360446, 37.819335], [-121.348659, 37.821524], [-121.339382, 37.822055], [-121.335217, 37.813346], [-121.326868, 37.809012], [-121.320043, 37.815117], [-121.315768, 37.818517], [-121.317893, 37.821967], [-121.310088, 37.826182], [-121.312543, 37.832117], [-121.317474, 37.840864], [-121.282199, 37.855648], [-121.274914, 37.857533], [-121.262532, 37.821577], [-121.263901, 37.797314], [-121.270546, 37.797098], [-121.283735, 37.78533], [-121.306199, 37.784862], [-121.321247, 37.774143], [-121.308014, 37.767285], [-121.309539, 37.76033], [-121.322068, 37.767554], [-121.330453, 37.772285], [-121.340036, 37.781239], [-121.350412, 37.788311], [-121.362057, 37.789428], [-121.388318, 37.804503], [-121.405286, 37.801494], [-121.413967, 37.803347]]]}}, {"type": "Feature", "properties": {"name": "Adelanto"}, "geometry": {"type": "MultiPolygon", "coordinates": [[[[-117.338094, 34.579901], [-117.33486, 34.579949], [-117.33486, 34.578955], [-117.335786, 34.578977], [-117.338079, 34.578957], [-117.338094, 34.579901]]], [[[-117.34325, 34.574911], [-117.339941, 34.575523], [-117.338244, 34.575596], [-117.335579, 34.576111], [-117.335833, 34.575205], [-117.336741, 34.575797], [-117.337762, 34.575428], [-117.339865, 34.575443], [-117.339381, 34.574211], [-117.341401, 34.575111], [-117.34325, 34.574911]]], [[[-117.344869, 34.585269], [-117.338892, 34.585141], [-117.334427, 34.585064], [-117.334481, 34.58388], [-117.338871, 34.583918], [-117.344381, 34.583968], [-117.344869, 34.585269]]], [[[-117.507381, 34.5795], [-117.485112, 34.58686], [-117.471767, 34.601664], [-117.480899, 34.616391], [-117.489768, 34.631139], [-117.489338, 34.651531], [-117.439868, 34.660557], [-117.436055, 34.623331], [-117.400774, 34.623111], [-117.400771, 34.659918], [-117.369218, 34.659649], [-117.361303, 34.657255], [-117.360218, 34.647605], [-117.383056, 34.645422], [-117.391856, 34.63046], [-117.389899, 34.615827], [-117.40083, 34.60119], [-117.400737, 34.579312], [-117.398485, 34.572045], [-117.37686, 34.572155], [-117.374068, 34.560933], [-117.374122, 34.559545], [-117.36409, 34.557221], [-117.399376, 34.543133], [-117.3994, 34.535823], [-117.399415, 34.521345], [-117.399542, 34.50668], [-117.417087, 34.50671], [-117.434751, 34.506625], [-117.486263, 34.506978], [-117.475333, 34.517739], [-117.459809, 34.521134], [-117.434663, 34.517547], [-117.430299, 34.528408], [-117.408158, 34.528517], [-117.434693, 34.535714], [-117.464094, 34.535777], [-117.503613, 34.528763], [-117.50677, 34.557513], [-117.507381, 34.5795]]]]}}, {"type": "Feature", "properties": {"name": "Villa Park"}, "geometry": {"type": "Polygon", "coordinates": [[[-117.827163, 33.814584], [-117.822499, 33.814662], [-117.822772, 33.815165], [-117.823229, 33.817629], [-117.819954, 33.817723], [-117.820001, 33.819545], [-117.823868, 33.819471], [-117.825164, 33.822022], [-117.825898, 33.82309], [-117.826261, 33.823666], [-117.824201, 33.823716], [-117.824282, 33.826838], [-117.821491, 33.82602], [-117.81844, 33.825396], [-117.814925, 33.824814], [-117.81212, 33.825318], [-117.808509, 33.828519], [-117.806349, 33.82975], [-117.805055, 33.830168], [-117.803345, 33.829865], [-117.80146, 33.830735], [-117.801518, 33.831914], [-117.801088, 33.831939], [-117.800887, 33.831556], [-117.799665, 33.830957], [-117.798873, 33.830845], [-117.798429, 33.830811], [-117.797581, 33.830354], [-117.797804, 33.830032], [-117.795916, 33.829082], [-117.793738, 33.826337], [-117.793625, 33.824526], [-117.796042, 33.823337], [-117.795986, 33.822514], [-117.79613, 33.821256], [-117.796027, 33.820333], [-117.795923, 33.818261], [-117.795747, 33.817706], [-117.798165, 33.817987], [-117.800904, 33.818136], [-117.800886, 33.814475], [-117.798847, 33.813123], [-117.798888, 33.813084], [-117.800834, 33.81307], [-117.800872, 33.811595], [-117.800885, 33.810901], [-117.804769, 33.810793], [-117.805128, 33.8103], [-117.808909, 33.810564], [-117.808868, 33.80705], [-117.813199, 33.803873], [-117.815703, 33.80226], [-117.816078, 33.802333], [-117.81797, 33.802344], [-117.818009, 33.805976], [-117.820253, 33.805964], [-117.820274, 33.80232], [-117.821682, 33.802315], [-117.821885, 33.802315], [-117.821933, 33.808077], [-117.821961, 33.810418], [-117.819799, 33.810441], [-117.819817, 33.812259], [-117.821986, 33.812214], [-117.821992, 33.812561], [-117.823273, 33.813825], [-117.827153, 33.813835], [-117.827163, 33.814584]]]}}, {"type": "Feature", "properties": {"name": "Imperial"}, "geometry": {"type": "Polygon", "coordinates": [[[-115.594961, 32.825526], [-115.588381, 32.847383], [-115.587179, 32.845576], [-115.585467, 32.847381], [-115.586179, 32.846696], [-115.578784, 32.84018], [-115.5784, 32.843427], [-115.581147, 32.843713], [-115.582852, 32.844588], [-115.580032, 32.847402], [-115.578647, 32.854747], [-115.576368, 32.856577], [-115.572113, 32.861908], [-115.573505, 32.865622], [-115.574081, 32.863193], [-115.574843, 32.861898], [-115.578194, 32.865553], [-115.586297, 32.876394], [-115.578647, 32.869161], [-115.564564, 32.861903], [-115.56144, 32.858261], [-115.559659, 32.85469], [-115.561346, 32.852595], [-115.552718, 32.847382], [-115.56147, 32.840089], [-115.564233, 32.832858], [-115.550827, 32.829209], [-115.552814, 32.825443], [-115.535699, 32.818364], [-115.557089, 32.818301], [-115.562427, 32.825465], [-115.566447, 32.825592], [-115.562824, 32.821727], [-115.561528, 32.818345], [-115.59496, 32.818287], [-115.594961, 32.825526]]]}}, {"type": "Feature", "properties": {"name": "Plymouth"}, "geometry": {"type": "Polygon", "coordinates": [[[-120.890273, 38.481155], [-120.890241, 38.482923], [-120.885041, 38.482916], [-120.882239, 38.484861], [-120.880959, 38.483818], [-120.880992, 38.479361], [-120.877798, 38.479346], [-120.877682, 38.481841], [-120.877355, 38.482992], [-120.872088, 38.482143], [-120.867364, 38.480089], [-120.867373, 38.471965], [-120.862373, 38.471402], [-120.862715, 38.472961], [-120.862693, 38.479112], [-120.858101, 38.479112], [-120.858107, 38.480605], [-120.857642, 38.497244], [-120.852985, 38.497217], [-120.853053, 38.486322], [-120.846404, 38.48631], [-120.844888, 38.483335], [-120.841885, 38.482632], [-120.841898, 38.482176], [-120.841918, 38.478973], [-120.839587, 38.478961], [-120.839528, 38.481165], [-120.838739, 38.481272], [-120.839043, 38.482445], [-120.833663, 38.482706], [-120.829455, 38.482508], [-120.829583, 38.478521], [-120.828497, 38.477758], [-120.831389, 38.474077], [-120.835337, 38.473613], [-120.834453, 38.470815], [-120.837424, 38.470434], [-120.839625, 38.473025], [-120.840694, 38.475449], [-120.841764, 38.475464], [-120.841976, 38.476127], [-120.842141, 38.471984], [-120.85009, 38.47189], [-120.850347, 38.470637], [-120.851179, 38.470624], [-120.853533, 38.46825], [-120.853569, 38.464597], [-120.856486, 38.464505], [-120.855995, 38.46546], [-120.854058, 38.468284], [-120.868478, 38.468344], [-120.868631, 38.467635], [-120.873611, 38.466937], [-120.874312, 38.468373], [-120.881279, 38.468472], [-120.881047, 38.474393], [-120.882701, 38.475862], [-120.885636, 38.475977], [-120.885566, 38.479311], [-120.890319, 38.479234], [-120.890273, 38.481155]]]}}, {"type": "Feature", "properties": {"name": "California City"}, "geometry": {"type": "Polygon", "coordinates": [[[-118.134616, 35.111045], [-118.049081, 35.18397], [-117.950172, 35.170499], [-117.897486, 35.18446], [-117.862598, 35.199265], [-117.844723, 35.242962], [-117.782521, 35.241849], [-117.768998, 35.253877], [-117.754638, 35.258584], [-117.747632, 35.265875], [-117.720853, 35.272606], [-117.690739, 35.275073], [-117.684662, 35.277445], [-117.658249, 35.274894], [-117.65157, 35.272181], [-117.649325, 35.273862], [-117.631245, 35.182788], [-117.649017, 35.156881], [-117.719684, 35.141334], [-117.735985, 35.17051], [-117.755696, 35.126553], [-117.790779, 35.155622], [-117.825894, 35.14097], [-117.844149, 35.140842], [-117.914861, 35.130547], [-117.929281, 35.111398], [-117.935308, 35.088001], [-117.935269, 35.072703], [-117.970854, 35.043331], [-117.952252, 35.014825], [-117.9721, 35.014157], [-118.006629, 35.014519], [-118.042533, 35.014719], [-118.062956, 35.025414], [-118.056773, 35.110944], [-118.117724, 35.110778], [-118.134616, 35.111045]]]}}, {"type": "Feature", "properties": {"name": "Monterey Park"}, "geometry": {"type": "Polygon", "coordinates": [[[-118.168222, 34.046611], [-118.168026, 34.048353], [-118.169259, 34.060929], [-118.169259, 34.06229], [-118.165103, 34.062298], [-118.152801, 34.062316], [-118.145141, 34.060071], [-118.140523, 34.062224], [-118.135506, 34.062587], [-118.135089, 34.066121], [-118.134366, 34.069745], [-118.122915, 34.069775], [-118.116764, 34.06979], [-118.109247, 34.069841], [-118.107464, 34.071558], [-118.107402, 34.069857], [-118.107296, 34.062569], [-118.108089, 34.05987], [-118.108044, 34.052714], [-118.106566, 34.04667], [-118.1035, 34.047208], [-118.100155, 34.044976], [-118.101686, 34.042822], [-118.103645, 34.039683], [-118.093476, 34.035639], [-118.098305, 34.035234], [-118.103631, 34.032075], [-118.107685, 34.026994], [-118.115135, 34.033698], [-118.12504, 34.033605], [-118.134168, 34.033546], [-118.140893, 34.033494], [-118.146471, 34.033445], [-118.147435, 34.033436], [-118.15093, 34.034502], [-118.153405, 34.035674], [-118.15728, 34.03626], [-118.161914, 34.044214], [-118.169594, 34.044197], [-118.168222, 34.046611]]]}}, {"type": "Feature", "properties": {"name": "Auburn"}, "geometry": {"type": "MultiPolygon", "coordinates": [[[[-121.094903, 38.954774], [-121.093622, 38.956563], [-121.069839, 38.95657], [-121.069885, 38.953306], [-121.075193, 38.953295], [-121.074834, 38.95242], [-121.079599, 38.952308], [-121.079581, 38.951582], [-121.079383, 38.949334], [-121.088947, 38.949412], [-121.088908, 38.952977], [-121.094978, 38.953036], [-121.094903, 38.954774]]], [[[-121.102941, 38.869815], [-121.098299, 38.869927], [-121.098834, 38.882527], [-121.09857, 38.886176], [-121.08949, 38.889585], [-121.087218, 38.891936], [-121.089166, 38.898862], [-121.087459, 38.902129], [-121.084544, 38.904876], [-121.085915, 38.909594], [-121.084989, 38.911888], [-121.083467, 38.916845], [-121.077138, 38.91607], [-121.079732, 38.920401], [-121.075065, 38.925008], [-121.076529, 38.928364], [-121.076285, 38.933241], [-121.072906, 38.931613], [-121.070423, 38.927814], [-121.067762, 38.922283], [-121.071329, 38.923514], [-121.071817, 38.921514], [-121.070211, 38.92037], [-121.064714, 38.918823], [-121.067432, 38.915202], [-121.065961, 38.913484], [-121.060368, 38.917833], [-121.058953, 38.909209], [-121.054653, 38.911449], [-121.055894, 38.908091], [-121.053663, 38.892568], [-121.060517, 38.887217], [-121.065425, 38.884484], [-121.069066, 38.880556], [-121.06798, 38.873104], [-121.062856, 38.866994], [-121.069646, 38.858069], [-121.075938, 38.86691], [-121.080388, 38.869082], [-121.086636, 38.865813], [-121.095182, 38.85945], [-121.102049, 38.861732], [-121.102941, 38.869815]]], [[[-121.089652, 38.872736], [-121.088802, 38.873509], [-121.088802, 38.873605], [-121.086284, 38.873893], [-121.086265, 38.873229], [-121.085098, 38.873894], [-121.086021, 38.874367], [-121.086054, 38.874603], [-121.085671, 38.87592], [-121.085673, 38.876411], [-121.085892, 38.876869], [-121.089643, 38.876428], [-121.089652, 38.872736]]], [[[-121.112188, 38.889189], [-121.109422, 38.888738], [-121.108505, 38.889934], [-121.106262, 38.890385], [-121.105493, 38.890343], [-121.10474, 38.890547], [-121.103368, 38.890412], [-121.102076, 38.890546], [-121.100739, 38.889746], [-121.100335, 38.889672], [-121.100458, 38.888347], [-121.102317, 38.889303], [-121.103476, 38.889101], [-121.103876, 38.887747], [-121.107206, 38.887386], [-121.110536, 38.88599], [-121.112314, 38.886233], [-121.112188, 38.889189]]]]}}, {"type": "Feature", "properties": {"name": "Buena Park"}, "geometry": {"type": "Polygon", "coordinates": [[[-118.03736, 33.85366], [-118.02852, 33.85881], [-118.011383, 33.873431], [-118.002754, 33.880894], [-117.999393, 33.888175], [-117.994044, 33.889379], [-117.989683, 33.895494], [-117.9844, 33.89552], [-117.976452, 33.878611], [-117.98509, 33.87357], [-117.982147, 33.86634], [-117.985039, 33.859972], [-117.98066, 33.864536], [-117.976562, 33.859106], [-117.984911, 33.858705], [-117.984875, 33.856641], [-117.980577, 33.853841], [-117.980504, 33.846796], [-117.980499, 33.844973], [-117.984803, 33.839468], [-117.990253, 33.835777], [-117.997901, 33.835713], [-118.006628, 33.833782], [-118.010976, 33.831975], [-118.01417, 33.826527], [-118.01742, 33.824459], [-118.01508, 33.82405], [-118.010956, 33.822874], [-118.013856, 33.820938], [-118.01475, 33.819181], [-118.017315, 33.814277], [-118.02806, 33.80983], [-118.019514, 33.817166], [-118.019597, 33.825435], [-118.019607, 33.826341], [-118.021711, 33.831891], [-118.03276, 33.838209], [-118.035062, 33.8406], [-118.032804, 33.841822], [-118.028588, 33.846323], [-118.03729, 33.8508], [-118.03736, 33.85366]]]}}, {"type": "Feature", "properties": {"name": "Hanford"}, "geometry": {"type": "MultiPolygon", "coordinates": [[[[-119.642608, 36.294159], [-119.641167, 36.294159], [-119.641223, 36.292238], [-119.642608, 36.292238], [-119.642608, 36.294159]]], [[[-119.678635, 36.293354], [-119.677386, 36.293383], [-119.677327, 36.291037], [-119.67849, 36.291105], [-119.678772, 36.293316], [-119.678635, 36.293354]]], [[[-119.691008, 36.353544], [-119.673056, 36.37175], [-119.655048, 36.371838], [-119.640361, 36.365716], [-119.638535, 36.371926], [-119.636007, 36.366334], [-119.625069, 36.35643], [-119.626213, 36.349898], [-119.623475, 36.342531], [-119.62169, 36.330616], [-119.615285, 36.327965], [-119.610013, 36.327957], [-119.600925, 36.331951], [-119.603066, 36.324769], [-119.619043, 36.321815], [-119.624472, 36.322534], [-119.627959, 36.322508], [-119.623428, 36.313448], [-119.620798, 36.305756], [-119.632479, 36.31336], [-119.636941, 36.310746], [-119.641435, 36.302274], [-119.647081, 36.298463], [-119.645923, 36.291288], [-119.636943, 36.284174], [-119.63696, 36.27683], [-119.654859, 36.260759], [-119.657155, 36.294689], [-119.661888, 36.294778], [-119.663346, 36.290866], [-119.662653, 36.291126], [-119.662112, 36.298297], [-119.672784, 36.30017], [-119.682789, 36.304446], [-119.681952, 36.313493], [-119.686507, 36.311262], [-119.689038, 36.313537], [-119.689842, 36.318222], [-119.683218, 36.324447], [-119.684112, 36.330037], [-119.691008, 36.353544]]], [[[-119.637002, 36.329028], [-119.63175, 36.328873], [-119.63178, 36.327968], [-119.627952, 36.327965], [-119.627956, 36.331656], [-119.632307, 36.331683], [-119.632319, 36.334418], [-119.637006, 36.334596], [-119.637002, 36.329028]]]]}}, {"type": "Feature", "properties": {"name": "Paramount"}, "geometry": {"type": "Polygon", "coordinates": [[[-118.187961, 33.896215], [-118.186962, 33.902358], [-118.187787, 33.903569], [-118.186257, 33.904797], [-118.185125, 33.904835], [-118.179689, 33.912264], [-118.178685, 33.91871], [-118.176183, 33.917989], [-118.169281, 33.91477], [-118.172936, 33.913138], [-118.168843, 33.91223], [-118.164551, 33.912576], [-118.160149, 33.910427], [-118.158572, 33.911405], [-118.156237, 33.917044], [-118.149222, 33.913704], [-118.15344, 33.907342], [-118.149325, 33.905388], [-118.147022, 33.904312], [-118.146602, 33.90412], [-118.145874, 33.90379], [-118.142932, 33.902467], [-118.142741, 33.889334], [-118.146971, 33.88918], [-118.146958, 33.88018], [-118.151315, 33.881987], [-118.154715, 33.881984], [-118.168702, 33.881962], [-118.177427, 33.881952], [-118.186688, 33.885443], [-118.187907, 33.886307], [-118.186443, 33.892534], [-118.184103, 33.889136], [-118.180836, 33.891415], [-118.179945, 33.892729], [-118.181593, 33.892623], [-118.182374, 33.896212], [-118.186117, 33.894736], [-118.187961, 33.896215]]]}}, {"type": "Feature", "properties": {"name": "Hidden Hills"}, "geometry": {"type": "Polygon", "coordinates": [[[-118.674241, 34.168268], [-118.668152, 34.168195], [-118.668153, 34.17675], [-118.667411, 34.176747], [-118.658589, 34.176749], [-118.658595, 34.175672], [-118.658618, 34.171419], [-118.658629, 34.16944], [-118.654264, 34.169427], [-118.654281, 34.165722], [-118.645534, 34.165696], [-118.645553, 34.161985], [-118.641975, 34.161975], [-118.639735, 34.159091], [-118.641269, 34.158325], [-118.645428, 34.156561], [-118.644535, 34.1584], [-118.646941, 34.157488], [-118.647556, 34.158456], [-118.649948, 34.159174], [-118.649951, 34.157851], [-118.651041, 34.158315], [-118.654351, 34.158325], [-118.654306, 34.161026], [-118.655394, 34.161409], [-118.655403, 34.158333], [-118.658676, 34.158344], [-118.658687, 34.15465], [-118.664372, 34.154655], [-118.66638, 34.152179], [-118.667522, 34.152177], [-118.667512, 34.154658], [-118.674213, 34.154664], [-118.674241, 34.168268]]]}}, {"type": "Feature", "properties": {"name": "Dorris"}, "geometry": {"type": "Polygon", "coordinates": [[[-121.930673, 41.966876], [-121.921313, 41.967053], [-121.921338, 41.9716], [-121.913327, 41.971566], [-121.913371, 41.974527], [-121.912493, 41.974541], [-121.912362, 41.971046], [-121.911505, 41.971496], [-121.9115, 41.967323], [-121.911659, 41.967255], [-121.911369, 41.966689], [-121.911485, 41.959894], [-121.912297, 41.960002], [-121.91711, 41.959897], [-121.919895, 41.960092], [-121.921291, 41.96011], [-121.921256, 41.958824], [-121.92631, 41.958803], [-121.926426, 41.956502], [-121.930623, 41.956508], [-121.930673, 41.966876]]]}}, {"type": "Feature", "properties": {"name": "Huntington Beach"}, "geometry": {"type": "MultiPolygon", "coordinates": [[[[-118.082629, 33.728209], [-118.076544, 33.725495], [-118.064948, 33.729826], [-118.0417, 33.729937], [-118.0419, 33.74429], [-118.035585, 33.754606], [-118.024555, 33.753903], [-118.015796, 33.750886], [-118.00691, 33.73735], [-117.998203, 33.741027], [-117.993847, 33.73706], [-117.98927, 33.73383], [-117.98567, 33.730305], [-117.98073, 33.73025], [-117.989023, 33.726578], [-117.980648, 33.72291], [-117.97178, 33.71576], [-117.98043, 33.70849], [-117.98012, 33.686783], [-117.971351, 33.686808], [-117.958412, 33.686845], [-117.94044, 33.68681], [-117.945128, 33.67462], [-117.94674, 33.666703], [-117.950844, 33.652302], [-117.953927, 33.643734], [-117.957061, 33.631773], [-117.965047927353, 33.6340009289084], [-118.000593, 33.654319], [-118.008062896469, 33.6602828943589], [-118.014504485708, 33.6654257979969], [-118.032168876103, 33.6798936913107], [-118.026731, 33.682711], [-118.023511, 33.685458], [-118.020527, 33.689117], [-118.016437, 33.692783], [-118.015042, 33.697646], [-118.028648, 33.699984], [-118.038656, 33.70779], [-118.043993, 33.706582], [-118.052063, 33.710367], [-118.060247, 33.711674], [-118.064729779048, 33.7116005700546], [-118.079438, 33.725317], [-118.082629, 33.728209]]], [[[-118.041214, 33.709614], [-118.041195, 33.708603], [-118.039696, 33.708626], [-118.039722, 33.710274], [-118.041223, 33.710252], [-118.041214, 33.709614]]]]}}, {"type": "Feature", "properties": {"name": "Palm Desert"}, "geometry": {"type": "Polygon", "coordinates": [[[-116.425505, 33.714138], [-116.408148, 33.732986], [-116.405385, 33.732196], [-116.395597, 33.732507], [-116.391462, 33.734251], [-116.391186, 33.73605], [-116.391202, 33.746935], [-116.391158, 33.757904], [-116.390788, 33.772567], [-116.388156, 33.787243], [-116.396855, 33.801823], [-116.388192, 33.804944], [-116.355126, 33.785326], [-116.325534, 33.767736], [-116.301956, 33.7592], [-116.30376, 33.754862], [-116.303815, 33.750409], [-116.303864, 33.738121], [-116.303886, 33.72901], [-116.31556, 33.728965], [-116.330087, 33.728977], [-116.338787, 33.743518], [-116.347536, 33.731177], [-116.356335, 33.728883], [-116.360664, 33.721392], [-116.356927, 33.716011], [-116.356363, 33.714839], [-116.360998, 33.714256], [-116.364592, 33.712975], [-116.365476, 33.712211], [-116.373649, 33.711654], [-116.373542, 33.704865], [-116.373053, 33.684912], [-116.37291, 33.683553], [-116.375742, 33.670713], [-116.38195, 33.684889], [-116.388814, 33.683711], [-116.38781, 33.680273], [-116.388502, 33.675067], [-116.391003, 33.675667], [-116.406031, 33.677898], [-116.407846, 33.676054], [-116.408071, 33.670993], [-116.40913, 33.670674], [-116.42539, 33.670681], [-116.412309, 33.684946], [-116.408073, 33.685016], [-116.408012, 33.690509], [-116.410312, 33.691405], [-116.408024, 33.69957], [-116.425505, 33.714138]]]}}, {"type": "Feature", "properties": {"name": "Los Alamitos"}, "geometry": {"type": "Polygon", "coordinates": [[[-118.093029, 33.786121], [-118.087263, 33.795243], [-118.086228, 33.796879], [-118.084744, 33.80291], [-118.08424, 33.803416], [-118.081525, 33.806145], [-118.072833, 33.814856], [-118.071839, 33.815351], [-118.071814, 33.815363], [-118.069526, 33.816503], [-118.068758, 33.817362], [-118.067447, 33.817538], [-118.06317, 33.819681], [-118.063019, 33.817529], [-118.063031, 33.815037], [-118.063052, 33.810423], [-118.058836, 33.810407], [-118.058133, 33.810404], [-118.054468, 33.810392], [-118.05447, 33.81031], [-118.05455, 33.81031], [-118.05445, 33.80315], [-118.050755, 33.80315], [-118.041468, 33.803075], [-118.03709, 33.80305], [-118.037108, 33.801613], [-118.037122, 33.800709], [-118.032768, 33.800701], [-118.032806, 33.795671], [-118.034976, 33.795667], [-118.037085, 33.79452], [-118.03711, 33.792097], [-118.041331, 33.792118], [-118.04151, 33.792119], [-118.041517, 33.791592], [-118.041661, 33.790861], [-118.041698, 33.784969], [-118.041727, 33.781167], [-118.04332, 33.78119], [-118.04751, 33.781206], [-118.05268, 33.78122], [-118.05604, 33.781222], [-118.067643, 33.781321], [-118.067625, 33.784949], [-118.071874, 33.784965], [-118.07201, 33.78752], [-118.07201, 33.78757], [-118.072, 33.79241], [-118.07196, 33.79947], [-118.07196, 33.80019], [-118.072096, 33.803029], [-118.08014, 33.80307], [-118.08126, 33.80268], [-118.08192, 33.80168], [-118.085614, 33.797507], [-118.086559, 33.795238], [-118.08925, 33.787257], [-118.089243, 33.785021], [-118.091993, 33.785859], [-118.093029, 33.786121]]]}}, {"type": "Feature", "properties": {"name": "Santa Maria"}, "geometry": {"type": "MultiPolygon", "coordinates": [[[[-120.409003, 34.916429], [-120.397469, 34.91236], [-120.397469, 34.909977], [-120.399818, 34.909977], [-120.399835, 34.911501], [-120.397672, 34.91218], [-120.409223, 34.912208], [-120.409003, 34.916429]]], [[[-120.506034, 34.951611], [-120.493692, 34.950029], [-120.481885, 34.945394], [-120.473532, 34.942983], [-120.460629, 34.940837], [-120.459793, 34.953338], [-120.453559, 34.956986], [-120.453233, 34.978787], [-120.452352, 34.989161], [-120.435455, 34.986745], [-120.403508, 34.969754], [-120.361245, 34.946466], [-120.364888, 34.939431], [-120.371882, 34.944881], [-120.382269, 34.950796], [-120.391583, 34.959556], [-120.400079, 34.956231], [-120.409089, 34.945604], [-120.416364, 34.937748], [-120.417561, 34.909009], [-120.421194, 34.896192], [-120.422275, 34.895362], [-120.424065, 34.901618], [-120.435846, 34.906589], [-120.444085, 34.903959], [-120.444962, 34.898978], [-120.436382, 34.896588], [-120.436225, 34.89014], [-120.436514, 34.879609], [-120.4457, 34.879391], [-120.465009, 34.885578], [-120.474621, 34.890929], [-120.485919, 34.900321], [-120.489624, 34.909052], [-120.4758, 34.918855], [-120.473893, 34.920814], [-120.489925, 34.934966], [-120.508444, 34.948343], [-120.506034, 34.951611]]]]}}, {"type": "Feature", "properties": {"name": "El Centro"}, "geometry": {"type": "Polygon", "coordinates": [[[-115.594989, 32.792859], [-115.586137, 32.796568], [-115.578684, 32.799908], [-115.578642, 32.8111], [-115.59496, 32.818287], [-115.561528, 32.818345], [-115.556375, 32.805802], [-115.555344, 32.8038], [-115.551616, 32.80385], [-115.550314, 32.806336], [-115.54847, 32.803838], [-115.539832, 32.807494], [-115.535695, 32.803806], [-115.518446, 32.796292], [-115.518396, 32.792823], [-115.5254, 32.789763], [-115.52628, 32.766934], [-115.534938, 32.759707], [-115.535211, 32.754206], [-115.544151, 32.766938], [-115.544545, 32.763298], [-115.543317, 32.756035], [-115.547574, 32.759247], [-115.552117, 32.766966], [-115.55431, 32.766974], [-115.556441, 32.768174], [-115.558586, 32.767886], [-115.561028, 32.769945], [-115.559987, 32.767467], [-115.560939, 32.766978], [-115.560609, 32.756079], [-115.564558, 32.75245], [-115.564612, 32.745193], [-115.568979, 32.752473], [-115.569398, 32.766968], [-115.578176, 32.770656], [-115.586273, 32.76334], [-115.586252, 32.77407], [-115.594989, 32.792859]]]}}, {"type": "Feature", "properties": {"name": "Los Altos"}, "geometry": {"type": "MultiPolygon", "coordinates": [[[[-122.12824, 37.39661], [-122.12241, 37.404261], [-122.117622, 37.404279], [-122.11344, 37.40127], [-122.101116, 37.395307], [-122.096002, 37.388637], [-122.095983, 37.384675], [-122.089808, 37.383899], [-122.090519, 37.381353], [-122.09319, 37.379648], [-122.09594, 37.37372], [-122.09603, 37.366898], [-122.089161, 37.365937], [-122.080596, 37.366175], [-122.07786, 37.3651], [-122.07781, 37.35902], [-122.06866, 37.35676], [-122.063014, 37.35955], [-122.06346, 37.35292], [-122.063638, 37.346968], [-122.0624, 37.33754], [-122.06478, 37.33491], [-122.068181, 37.335453], [-122.06882, 37.333099], [-122.07171, 37.330906], [-122.075824, 37.333354], [-122.078843, 37.33517], [-122.083166, 37.336886], [-122.091622, 37.341595], [-122.085855, 37.348849], [-122.09702, 37.35994], [-122.099911, 37.358815], [-122.099826, 37.360782], [-122.104676, 37.365836], [-122.111823, 37.364457], [-122.11552, 37.36564], [-122.11864, 37.36632], [-122.123123, 37.369318], [-122.119486, 37.372154], [-122.120476, 37.378629], [-122.124109, 37.38489], [-122.128339, 37.392209], [-122.12824, 37.39661]]], [[[-122.089036, 37.362614], [-122.08698, 37.362668], [-122.08697, 37.36298], [-122.086976, 37.363268], [-122.089064, 37.363297], [-122.089036, 37.362614]]]]}}, {"type": "Feature", "properties": {"name": "Murrieta"}, "geometry": {"type": "Polygon", "coordinates": [[[-117.28005, 33.566237], [-117.265651, 33.583799], [-117.258704, 33.585713], [-117.257542, 33.58395], [-117.255736, 33.58282], [-117.241371, 33.578727], [-117.213769, 33.597813], [-117.206036, 33.611887], [-117.191075, 33.612228], [-117.171072, 33.612315], [-117.171057, 33.641534], [-117.16566, 33.634244], [-117.149789, 33.62694], [-117.154188, 33.61072], [-117.154147, 33.605016], [-117.149824, 33.598001], [-117.136695, 33.597772], [-117.121846, 33.597978], [-117.118529, 33.598088], [-117.124926, 33.59204], [-117.133114, 33.581478], [-117.138576, 33.560771], [-117.140609, 33.551218], [-117.150487, 33.543699], [-117.15972, 33.541426], [-117.169068, 33.539167], [-117.19002, 33.513428], [-117.2102, 33.527832], [-117.222857, 33.537248], [-117.233395, 33.546315], [-117.241544, 33.544276], [-117.246024, 33.552635], [-117.245542, 33.560259], [-117.25406, 33.554508], [-117.256208, 33.568076], [-117.265215, 33.566682], [-117.265106, 33.559576], [-117.278101, 33.566095], [-117.28005, 33.566237]]]}}, {"type": "Feature", "properties": {"name": "Chowchilla"}, "geometry": {"type": "MultiPolygon", "coordinates": [[[[-120.165177, 37.090505], [-120.165024, 37.09836], [-120.161524, 37.098328], [-120.161541, 37.100889], [-120.164832, 37.100914], [-120.164469, 37.110375], [-120.147158, 37.110019], [-120.147171, 37.085717], [-120.159551, 37.085461], [-120.165415, 37.085512], [-120.165177, 37.090505]]], [[[-120.292862, 37.119989], [-120.291295, 37.124358], [-120.281927, 37.122095], [-120.278806, 37.12276], [-120.274836, 37.125314], [-120.270829, 37.127158], [-120.266071, 37.126349], [-120.265358, 37.127146], [-120.259584, 37.127112], [-120.256586, 37.128009], [-120.255489, 37.12896], [-120.255991, 37.129558], [-120.251005, 37.133184], [-120.24587, 37.133764], [-120.238524, 37.13661], [-120.234243, 37.134549], [-120.227354, 37.135903], [-120.220167, 37.13776], [-120.220447, 37.113264], [-120.226056, 37.11291], [-120.228984, 37.10911], [-120.217298, 37.099833], [-120.220011, 37.094739], [-120.220394, 37.09104], [-120.238593, 37.083963], [-120.24767, 37.091042], [-120.252189, 37.094569], [-120.247596, 37.098262], [-120.256744, 37.099894], [-120.258898, 37.100157], [-120.261173, 37.098779], [-120.265827, 37.099265], [-120.270224, 37.103918], [-120.273699, 37.102968], [-120.273838, 37.10405], [-120.278567, 37.105513], [-120.292833, 37.105476], [-120.292862, 37.119989]]]]}}, {"type": "Feature", "properties": {"name": "Placentia"}, "geometry": {"type": "MultiPolygon", "coordinates": [[[[-117.884827, 33.85391], [-117.88213, 33.86326], [-117.879761, 33.871167], [-117.876958, 33.880973], [-117.874209, 33.882262], [-117.8666, 33.88541], [-117.86544, 33.88931], [-117.874127, 33.890432], [-117.875783, 33.898156], [-117.868098, 33.903712], [-117.863877, 33.907404], [-117.855059, 33.905954], [-117.846031, 33.906118], [-117.843485, 33.909045], [-117.842413, 33.910146], [-117.842948, 33.906274], [-117.84005, 33.9066], [-117.842162, 33.903305], [-117.845824, 33.903857], [-117.84445, 33.88839], [-117.837963, 33.89013], [-117.831541, 33.885593], [-117.834322, 33.876984], [-117.831486, 33.874246], [-117.82609, 33.8706], [-117.81626, 33.87222], [-117.818388, 33.868011], [-117.818433, 33.862044], [-117.82593, 33.860884], [-117.828349, 33.862132], [-117.831262, 33.864233], [-117.8392, 33.868162], [-117.848006, 33.868539], [-117.865298, 33.868656], [-117.862451, 33.865002], [-117.870331, 33.862025], [-117.869397, 33.859422], [-117.875446, 33.856026], [-117.884827, 33.85391]]], [[[-117.83436, 33.879913], [-117.834389, 33.882748], [-117.837294, 33.882717], [-117.841564, 33.882672], [-117.84159, 33.87979], [-117.83967, 33.87987], [-117.83727, 33.87989], [-117.83436, 33.879913]]]]}}, {"type": "Feature", "properties": {"name": "Vernon"}, "geometry": {"type": "MultiPolygon", "coordinates": [[[[-118.239708, 34.014713], [-118.222797, 34.014943], [-118.219926, 34.014956], [-118.217282, 34.015636], [-118.212698, 34.014295], [-118.208166, 34.015006], [-118.207199, 34.013085], [-118.205502, 34.012816], [-118.205362, 34.01276], [-118.205339, 34.01275], [-118.205292, 34.012732], [-118.205214, 34.012701], [-118.205173, 34.012685], [-118.20506, 34.014519], [-118.202822, 34.013965], [-118.201538, 34.013755], [-118.192125, 34.012921], [-118.192447, 34.011465], [-118.193474, 34.009516], [-118.182043, 34.00565], [-118.181835, 34.005499], [-118.176978, 34.002939], [-118.174207, 34.001471], [-118.17416, 34.000909], [-118.172131, 34.000129], [-118.170122, 33.999547], [-118.17139, 33.996922], [-118.175109, 33.998102], [-118.177772, 33.997015], [-118.177826, 33.995611], [-118.175967, 33.99255], [-118.177351, 33.991105], [-118.172554, 33.986482], [-118.174156, 33.98631], [-118.175569, 33.986709], [-118.178426, 33.989502], [-118.178072, 33.98995], [-118.183371, 33.993066], [-118.184471, 33.994266], [-118.185857, 33.993937], [-118.185803, 33.994433], [-118.191126, 33.994973], [-118.199693, 33.996279], [-118.203431, 33.99667], [-118.204327, 33.996653], [-118.204661, 33.996646], [-118.204512, 33.989559], [-118.204156, 33.988957], [-118.204027, 33.983094], [-118.210536, 33.983758], [-118.212612, 33.984194], [-118.212766, 33.989674], [-118.215002, 33.989675], [-118.215051, 33.991552], [-118.21938, 33.991572], [-118.222621, 33.991567], [-118.223621, 33.991563], [-118.223652, 33.992923], [-118.223632, 33.996216], [-118.22381, 33.996213], [-118.229687, 33.995692], [-118.230269, 33.990678], [-118.230284, 33.989214], [-118.237511, 33.989228], [-118.237918, 33.989393], [-118.238396, 33.99429], [-118.239205, 34.003918], [-118.239708, 34.014713]]], [[[-118.207668, 34.006884], [-118.204816, 34.006379], [-118.204714, 34.002074], [-118.204609, 34.009032], [-118.207701, 34.008962], [-118.207668, 34.006884]]]]}}, {"type": "Feature", "properties": {"name": "Bradbury"}, "geometry": {"type": "Polygon", "coordinates": [[[-117.985867, 34.155165], [-117.984873, 34.156811], [-117.983, 34.15753], [-117.977558, 34.155903], [-117.977525, 34.165107], [-117.959558, 34.16516], [-117.959637, 34.152038], [-117.951279, 34.150741], [-117.951284, 34.143688], [-117.951559, 34.143688], [-117.955522, 34.14368], [-117.960038, 34.143671], [-117.966602, 34.143728], [-117.966595, 34.144983], [-117.967009, 34.146097], [-117.966854, 34.147408], [-117.967212, 34.147652], [-117.968057, 34.147165], [-117.968307, 34.146356], [-117.969023, 34.146096], [-117.968999, 34.143706], [-117.97538, 34.143658], [-117.975381, 34.146914], [-117.980208, 34.146869], [-117.981966, 34.147786], [-117.982042, 34.149446], [-117.98218, 34.149488], [-117.982593, 34.149536], [-117.982793, 34.149582], [-117.983172, 34.149914], [-117.9834, 34.150445], [-117.983418, 34.150527], [-117.983665, 34.151514], [-117.985425, 34.151549], [-117.985425, 34.151608], [-117.985168, 34.151606], [-117.98517, 34.152599], [-117.98523, 34.153879], [-117.985867, 34.155165]]]}}, {"type": "Feature", "properties": {"name": "Torrance"}, "geometry": {"type": "Polygon", "coordinates": [[[-118.391679, 33.811039], [-118.386407, 33.815225], [-118.384304, 33.81893], [-118.379745, 33.816518], [-118.374426, 33.819611], [-118.374832, 33.83721], [-118.377093, 33.848594], [-118.378219, 33.854993], [-118.372797, 33.858262], [-118.365412, 33.858276], [-118.353627, 33.858316], [-118.358953, 33.86373], [-118.352461, 33.865526], [-118.352509, 33.874317], [-118.344886, 33.876877], [-118.326488, 33.882821], [-118.313487, 33.881945], [-118.30912, 33.872944], [-118.309148, 33.865608], [-118.30915, 33.858348], [-118.309122, 33.838207], [-118.309009, 33.830242], [-118.308991, 33.823317], [-118.308924, 33.817038], [-118.308804, 33.811039], [-118.308871, 33.807213], [-118.311704, 33.807645], [-118.327941, 33.806862], [-118.325943, 33.803326], [-118.328111, 33.798239], [-118.326257, 33.789546], [-118.32868, 33.787257], [-118.323149, 33.785865], [-118.325015, 33.783094], [-118.328544, 33.785214], [-118.331677, 33.785441], [-118.334719, 33.781427], [-118.351054, 33.795205], [-118.367772, 33.804189], [-118.383109, 33.804229], [-118.391679, 33.811039]]]}}, {"type": "Feature", "properties": {"name": "Berkeley"}, "geometry": {"type": "Polygon", "coordinates": [[[-122.325193, 37.874276], [-122.308502, 37.87088], [-122.308351, 37.882115], [-122.30018, 37.882822], [-122.296238, 37.883474], [-122.29028, 37.883025], [-122.286092, 37.882326], [-122.28185, 37.885025], [-122.282409, 37.891171], [-122.286963, 37.892809], [-122.285895, 37.898801], [-122.277282, 37.901721], [-122.27108, 37.905824], [-122.267643, 37.904246], [-122.261386, 37.901451], [-122.256929, 37.899841], [-122.253771, 37.89622], [-122.249145, 37.891128], [-122.24691, 37.885355], [-122.245156, 37.869737], [-122.244733, 37.865788], [-122.244274, 37.861427], [-122.244505, 37.859129], [-122.234761, 37.85779], [-122.241914, 37.851909], [-122.25096, 37.851159], [-122.253346, 37.85383], [-122.258367, 37.853196], [-122.26225, 37.852696], [-122.269409, 37.848107], [-122.271236, 37.846465], [-122.276188, 37.847734], [-122.277841, 37.847515], [-122.281863, 37.847776], [-122.286247, 37.850505], [-122.292324, 37.849264], [-122.30116157341, 37.8473623994842], [-122.316944, 37.858809], [-122.325193, 37.874276]]]}}, {"type": "Feature", "properties": {"name": "Bell"}, "geometry": {"type": "Polygon", "coordinates": [[[-118.20624, 33.979572], [-118.203958, 33.979841], [-118.202556, 33.979687], [-118.202584, 33.980112], [-118.202581, 33.982569], [-118.197536, 33.982064], [-118.197411, 33.982654], [-118.196715, 33.982582], [-118.190708, 33.981966], [-118.189743, 33.982021], [-118.186395, 33.981673], [-118.181914, 33.981215], [-118.180772, 33.981102], [-118.179629, 33.980987], [-118.177351, 33.980756], [-118.176188, 33.980639], [-118.172172, 33.980281], [-118.170045, 33.980149], [-118.17071, 33.982952], [-118.172554, 33.986482], [-118.177351, 33.991105], [-118.175967, 33.99255], [-118.177826, 33.995611], [-118.177772, 33.997015], [-118.175109, 33.998102], [-118.17139, 33.996922], [-118.170122, 33.999547], [-118.166589, 33.998447], [-118.160402, 33.995028], [-118.15207, 33.992216], [-118.152812, 33.990696], [-118.155353, 33.991333], [-118.159034, 33.991282], [-118.160791, 33.991848], [-118.16167, 33.987268], [-118.166465, 33.987764], [-118.170248, 33.988156], [-118.169347, 33.986619], [-118.167615, 33.981526], [-118.167323, 33.979539], [-118.167049, 33.979358], [-118.167126, 33.977389], [-118.167413, 33.974687], [-118.167185, 33.970128], [-118.165711, 33.968163], [-118.167559, 33.966479], [-118.169094, 33.963786], [-118.169484, 33.96615], [-118.171116, 33.966331], [-118.171522, 33.967404], [-118.178057, 33.967778], [-118.178009, 33.968098], [-118.185928, 33.968934], [-118.18576, 33.970063], [-118.188009, 33.970304], [-118.187894, 33.969149], [-118.190138, 33.969385], [-118.192031, 33.968421], [-118.194059, 33.969229], [-118.193979, 33.969783], [-118.194338, 33.970408], [-118.199526, 33.970954], [-118.199735, 33.971559], [-118.202692, 33.971862], [-118.203786, 33.975775], [-118.206174, 33.976323], [-118.20624, 33.979572]]]}}, {"type": "Feature", "properties": {"name": "Glendora"}, "geometry": {"type": "MultiPolygon", "coordinates": [[[[-117.890052, 34.14718], [-117.890042, 34.160165], [-117.885653, 34.165106], [-117.881541, 34.172106], [-117.864103, 34.172142], [-117.855765, 34.179308], [-117.850682, 34.165028], [-117.846265, 34.157824], [-117.841875, 34.157825], [-117.841921, 34.16144], [-117.838964, 34.162793], [-117.836609, 34.155898], [-117.825705, 34.160084], [-117.837549, 34.161532], [-117.837731, 34.16841], [-117.8466, 34.172216], [-117.844718, 34.177589], [-117.811909, 34.179631], [-117.793842, 34.168075], [-117.802727, 34.16513], [-117.811503, 34.157835], [-117.811695, 34.143189], [-117.820298, 34.126861], [-117.8202, 34.120128], [-117.822375, 34.117564], [-117.823978, 34.115738], [-117.825481, 34.113923], [-117.828842, 34.113915], [-117.837641, 34.106739], [-117.855077, 34.106746], [-117.863797, 34.106668], [-117.872508, 34.106157], [-117.877779, 34.105584], [-117.881488, 34.1067], [-117.882562, 34.107444], [-117.881477, 34.108453], [-117.881448, 34.114055], [-117.88139, 34.118115], [-117.880357, 34.121439], [-117.879482, 34.124341], [-117.877169, 34.125104], [-117.879173, 34.12683], [-117.881367, 34.127062], [-117.881346, 34.129949], [-117.886629, 34.132784], [-117.889906, 34.135859], [-117.890052, 34.14718]]], [[[-117.884843, 34.148708], [-117.883458, 34.146874], [-117.881267, 34.146895], [-117.881306, 34.14258], [-117.879127, 34.143299], [-117.879114, 34.146901], [-117.878617, 34.146899], [-117.878216, 34.148735], [-117.880402, 34.14875], [-117.881375, 34.150595], [-117.885044, 34.150506], [-117.884843, 34.148708]]], [[[-117.880872, 34.129575], [-117.877677, 34.129538], [-117.877572, 34.129954], [-117.880027, 34.130504], [-117.880864, 34.129993], [-117.880872, 34.129575]]], [[[-117.823612, 34.15428], [-117.822784, 34.154275], [-117.822796, 34.155032], [-117.822794, 34.157897], [-117.823622, 34.157893], [-117.823612, 34.15428]]]]}}, {"type": "Feature", "properties": {"name": "Laguna Niguel"}, "geometry": {"type": "Polygon", "coordinates": [[[-117.739173, 33.512817], [-117.738257, 33.532475], [-117.734677, 33.540309], [-117.726111, 33.539657], [-117.720219, 33.549984], [-117.718546, 33.55563], [-117.718929, 33.558724], [-117.715931, 33.566014], [-117.713918, 33.571106], [-117.705719, 33.570086], [-117.700836, 33.56977], [-117.694138, 33.563173], [-117.691851, 33.558835], [-117.687627, 33.557641], [-117.685911, 33.557448], [-117.681708, 33.559909], [-117.680428, 33.560796], [-117.679135, 33.561263], [-117.676376, 33.566176], [-117.672571, 33.568492], [-117.673278, 33.555051], [-117.673789, 33.544629], [-117.676539, 33.541541], [-117.679605, 33.544117], [-117.681597, 33.543078], [-117.683612, 33.538039], [-117.683489, 33.531424], [-117.682615, 33.524964], [-117.679175, 33.51784], [-117.679874, 33.511991], [-117.677756, 33.508919], [-117.677542, 33.506139], [-117.684179, 33.493138], [-117.693233, 33.489359], [-117.700054, 33.491228], [-117.707467, 33.488849], [-117.713767, 33.491001], [-117.720155, 33.494649], [-117.729873, 33.496868], [-117.733257, 33.49814], [-117.733213, 33.502813], [-117.736051, 33.505522], [-117.735632, 33.507121], [-117.736537, 33.511324], [-117.739173, 33.512817]]]}}, {"type": "Feature", "properties": {"name": "Camarillo"}, "geometry": {"type": "MultiPolygon", "coordinates": [[[[-119.10942, 34.221861], [-119.101973, 34.228254], [-119.095979, 34.23493], [-119.098069, 34.242336], [-119.091867, 34.248708], [-119.08008, 34.251863], [-119.074448, 34.250924], [-119.079239, 34.249906], [-119.083816, 34.235649], [-119.077613, 34.231487], [-119.079702, 34.235011], [-119.07245, 34.231759], [-119.068502, 34.235169], [-119.074129, 34.239074], [-119.071597, 34.239033], [-119.063958, 34.238913], [-119.054871, 34.241954], [-119.049955, 34.24136], [-119.044559, 34.237983], [-119.039996, 34.238953], [-119.037922, 34.24571], [-119.034186, 34.245976], [-119.031312, 34.240974], [-119.027915, 34.24245], [-119.017475, 34.244839], [-119.01103, 34.24455], [-119.002656, 34.245346], [-118.997354, 34.24496], [-118.967354, 34.23736], [-118.970969, 34.230459], [-118.989039, 34.213517], [-118.975839, 34.201357], [-118.964981, 34.201901], [-118.957834, 34.200504], [-118.964312, 34.19886], [-119.015241, 34.20544], [-119.034584, 34.205382], [-119.096005, 34.209883], [-119.096076, 34.220887], [-119.10942, 34.221861]]], [[[-119.055536, 34.235473], [-119.054623, 34.232852], [-119.053094, 34.233218], [-119.052262, 34.234474], [-119.054383, 34.240549], [-119.055173, 34.237112], [-119.055536, 34.235473]]], [[[-119.048438, 34.237022], [-119.044649, 34.237673], [-119.045135, 34.239095], [-119.047282, 34.238033], [-119.047708, 34.238941], [-119.048997, 34.238617], [-119.048438, 34.237022]]]]}}, {"type": "Feature", "properties": {"name": "Walnut"}, "geometry": {"type": "Polygon", "coordinates": [[[-117.895722, 34.027488], [-117.889565, 34.029617], [-117.888921, 34.043481], [-117.881657, 34.044906], [-117.875169, 34.048238], [-117.867024, 34.046604], [-117.862794, 34.051975], [-117.852456, 34.053469], [-117.854952, 34.059065], [-117.850843, 34.058801], [-117.851241, 34.060997], [-117.846889, 34.062424], [-117.845454, 34.058512], [-117.842943, 34.058048], [-117.840455, 34.058028], [-117.834366, 34.059814], [-117.825032, 34.060348], [-117.829047, 34.05662], [-117.832959, 34.042033], [-117.826542, 34.041533], [-117.824606, 34.037615], [-117.825095, 34.035172], [-117.825806, 34.033021], [-117.833835, 34.028403], [-117.836489, 34.026657], [-117.841704, 34.019436], [-117.848303, 34.016701], [-117.851926, 34.014132], [-117.858702, 34.009841], [-117.869335, 34.003979], [-117.87279, 34.002645], [-117.873892, 34.009873], [-117.86933, 34.011633], [-117.86788, 34.015693], [-117.87279, 34.015498], [-117.87481, 34.013989], [-117.880053, 34.013416], [-117.883596, 34.014875], [-117.88677, 34.015455], [-117.888177, 34.017456], [-117.89454, 34.024922], [-117.895722, 34.027488]]]}}, {"type": "Feature", "properties": {"name": "La Mesa"}, "geometry": {"type": "MultiPolygon", "coordinates": [[[[-117.053453, 32.760912], [-117.051133, 32.766014], [-117.040424, 32.768826], [-117.040257, 32.771375], [-117.047071, 32.773679], [-117.048626, 32.77475], [-117.049593, 32.777229], [-117.044286, 32.780058], [-117.039826, 32.782112], [-117.031923, 32.788787], [-117.037399, 32.791476], [-117.010809, 32.791338], [-117.005947, 32.794307], [-117.002175, 32.794666], [-116.991224, 32.79506], [-116.985995, 32.790423], [-116.984572, 32.787451], [-116.987204, 32.783004], [-116.988193, 32.778453], [-116.991465, 32.777119], [-116.994514, 32.778216], [-117.001503, 32.776773], [-116.998519, 32.774853], [-116.997148, 32.774299], [-117.001309, 32.768976], [-116.992558, 32.769686], [-116.98357, 32.774008], [-116.985626, 32.76905], [-116.989145, 32.768994], [-116.992607, 32.764455], [-116.99919, 32.764422], [-116.99695, 32.761723], [-117.002039, 32.761467], [-117.003636, 32.751958], [-117.012224, 32.754742], [-117.015197, 32.750437], [-117.027024, 32.747178], [-117.042837, 32.744918], [-117.049273, 32.74396], [-117.053482, 32.755769], [-117.053453, 32.760912]]], [[[-116.992215, 32.77801], [-116.991426, 32.778105], [-116.991548, 32.778681], [-116.99189, 32.77862], [-116.992154, 32.778746], [-116.992215, 32.77801]]]]}}, {"type": "Feature", "properties": {"name": "La Puente"}, "geometry": {"type": "Polygon", "coordinates": [[[-117.985504, 34.046636], [-117.982541, 34.051079], [-117.9781, 34.054488], [-117.973848, 34.056383], [-117.972609, 34.052312], [-117.970237, 34.050569], [-117.96734, 34.049291], [-117.96557, 34.047136], [-117.963119, 34.04532], [-117.965342, 34.038664], [-117.962131, 34.036311], [-117.953749, 34.038259], [-117.952163, 34.040671], [-117.949593, 34.042161], [-117.951314, 34.043447], [-117.950475, 34.045743], [-117.951408, 34.048414], [-117.948203, 34.049505], [-117.94249, 34.051819], [-117.946461, 34.048221], [-117.947347, 34.045556], [-117.94703, 34.041935], [-117.946821, 34.042352], [-117.945893, 34.042809], [-117.945162, 34.041817], [-117.940806, 34.03653], [-117.941008, 34.034532], [-117.938008, 34.033828], [-117.943306, 34.028093], [-117.944625, 34.025527], [-117.936905, 34.022638], [-117.937099, 34.017699], [-117.931741, 34.018232], [-117.921063, 34.016312], [-117.925188, 34.009031], [-117.929577, 34.009739], [-117.937883, 34.011095], [-117.944307, 34.013194], [-117.954034, 34.020083], [-117.957563, 34.026257], [-117.968786, 34.034569], [-117.976768, 34.040408], [-117.98267, 34.044688], [-117.985504, 34.046636]]]}}, {"type": "Feature", "properties": {"name": "King City"}, "geometry": {"type": "MultiPolygon", "coordinates": [[[[-121.147248, 36.20713], [-121.145231, 36.20942], [-121.140297, 36.21101], [-121.14027, 36.212331], [-121.139643, 36.215269], [-121.137931, 36.216244], [-121.141142, 36.217603], [-121.142121, 36.220954], [-121.13628, 36.2246], [-121.130541, 36.228855], [-121.129206, 36.228884], [-121.128938, 36.231644], [-121.128616, 36.234488], [-121.126995, 36.234626], [-121.125156, 36.232765], [-121.123432, 36.23304], [-121.121475, 36.235297], [-121.11022, 36.2274], [-121.112872, 36.224736], [-121.117951, 36.221742], [-121.119733, 36.220594], [-121.11602, 36.215812], [-121.112648, 36.215433], [-121.116175, 36.21254], [-121.116724, 36.211401], [-121.116342, 36.210866], [-121.112262, 36.203001], [-121.108461, 36.200934], [-121.108897, 36.200216], [-121.111361, 36.199315], [-121.114659, 36.201159], [-121.118003, 36.20169], [-121.124505, 36.195985], [-121.123423, 36.194555], [-121.126321, 36.191959], [-121.128366, 36.19339], [-121.128173, 36.195242], [-121.126125, 36.197711], [-121.12953, 36.19896], [-121.130701, 36.19998], [-121.139869, 36.20319], [-121.144303, 36.204101], [-121.145291, 36.205917], [-121.147248, 36.20713]]], [[[-121.165714, 36.243649], [-121.166092, 36.241866], [-121.165109, 36.239363], [-121.162878, 36.232359], [-121.158207, 36.233113], [-121.155773, 36.22996], [-121.156802, 36.229678], [-121.155371, 36.226287], [-121.155808, 36.224406], [-121.152413, 36.225122], [-121.151536, 36.219117], [-121.152013, 36.21736], [-121.151365, 36.214019], [-121.158924, 36.214032], [-121.16319, 36.22242], [-121.167787, 36.243568], [-121.165714, 36.243649]]]]}}, {"type": "Feature", "properties": {"name": "Cudahy"}, "geometry": {"type": "Polygon", "coordinates": [[[-118.202027, 33.970644], [-118.199526, 33.970954], [-118.194338, 33.970408], [-118.193979, 33.969783], [-118.194059, 33.969229], [-118.192031, 33.968421], [-118.190138, 33.969385], [-118.187894, 33.969149], [-118.188009, 33.970304], [-118.18576, 33.970063], [-118.185928, 33.968934], [-118.178009, 33.968098], [-118.178057, 33.967778], [-118.171522, 33.967404], [-118.171116, 33.966331], [-118.169484, 33.96615], [-118.169094, 33.963786], [-118.169157, 33.96358], [-118.16954, 33.962479], [-118.170249, 33.955684], [-118.170255, 33.955338], [-118.170285, 33.954103], [-118.172955, 33.954369], [-118.173152, 33.95632], [-118.177924, 33.956825], [-118.179522, 33.957918], [-118.179757, 33.956485], [-118.178438, 33.956347], [-118.179653, 33.955099], [-118.183934, 33.955538], [-118.18528, 33.955637], [-118.187369, 33.957302], [-118.192782, 33.961622], [-118.19493, 33.963621], [-118.199897, 33.967792], [-118.202027, 33.970644]]]}}, {"type": "Feature", "properties": {"name": "Orland"}, "geometry": {"type": "Polygon", "coordinates": [[[-122.210663, 39.754687], [-122.205584, 39.754685], [-122.205043, 39.758313], [-122.201428, 39.758277], [-122.2014, 39.761784], [-122.199182, 39.76177], [-122.196781, 39.760866], [-122.196691, 39.754483], [-122.192299, 39.754435], [-122.192056, 39.75996], [-122.189478, 39.759178], [-122.190319, 39.754638], [-122.187495, 39.752987], [-122.1856, 39.753775], [-122.183417, 39.752644], [-122.181851, 39.752741], [-122.181767, 39.754282], [-122.180305, 39.755453], [-122.17723, 39.754575], [-122.170966, 39.754362], [-122.170923, 39.750842], [-122.166255, 39.750792], [-122.166353, 39.747173], [-122.162126, 39.74704], [-122.162126, 39.743729], [-122.159482, 39.74368], [-122.159566, 39.734462], [-122.160979, 39.733185], [-122.172376, 39.737737], [-122.178067, 39.737727], [-122.178093, 39.736389], [-122.18494, 39.736381], [-122.184907, 39.738215], [-122.187426, 39.738195], [-122.188389, 39.740113], [-122.191468, 39.740145], [-122.192301, 39.735984], [-122.194564, 39.736071], [-122.195173, 39.733138], [-122.196458, 39.732957], [-122.196709, 39.736665], [-122.196842, 39.738826], [-122.200116, 39.738761], [-122.200168, 39.736736], [-122.20535, 39.736744], [-122.205263, 39.738447], [-122.202943, 39.740431], [-122.205305, 39.740594], [-122.205209, 39.747371], [-122.205688, 39.748547], [-122.208917, 39.749646], [-122.208941, 39.747419], [-122.210473, 39.747422], [-122.210663, 39.752776], [-122.210663, 39.754687]]]}}, {"type": "Feature", "properties": {"name": "Irwindale"}, "geometry": {"type": "Polygon", "coordinates": [[[-118.007342, 34.105566], [-118.000499, 34.108536], [-118.004142, 34.114002], [-117.999498, 34.116846], [-117.991483, 34.119681], [-117.987829, 34.121377], [-117.98193, 34.126649], [-117.974647, 34.125018], [-117.967695, 34.132065], [-117.956418, 34.13609], [-117.945231, 34.137501], [-117.942795, 34.136819], [-117.939373, 34.135637], [-117.934356, 34.140799], [-117.929355, 34.133579], [-117.938152, 34.121643], [-117.928625, 34.108797], [-117.925363, 34.106965], [-117.929794, 34.098081], [-117.936741, 34.093055], [-117.936777, 34.091925], [-117.939126, 34.092415], [-117.950766, 34.091963], [-117.954778, 34.092343], [-117.954757, 34.095997], [-117.94298, 34.099749], [-117.94901, 34.106785], [-117.96056, 34.106842], [-117.972526, 34.106608], [-117.978042, 34.106651], [-117.984548, 34.092212], [-117.989136, 34.079742], [-117.997935, 34.077734], [-117.998926, 34.087265], [-117.996639, 34.09655], [-118.007342, 34.105566]]]}}, {"type": "Feature", "properties": {"name": "Maricopa"}, "geometry": {"type": "Polygon", "coordinates": [[[-119.419875, 35.043978], [-119.414802, 35.048834], [-119.411476, 35.050433], [-119.406924, 35.054722], [-119.408743, 35.05489], [-119.412313, 35.051715], [-119.412256, 35.050788], [-119.413871, 35.051045], [-119.413981, 35.054658], [-119.410905, 35.054678], [-119.4105, 35.065343], [-119.400605, 35.06553], [-119.398712, 35.063739], [-119.392985, 35.06396], [-119.392779, 35.054615], [-119.404702, 35.054816], [-119.406595, 35.052864], [-119.406592, 35.051175], [-119.403631, 35.051127], [-119.402213, 35.051104], [-119.402301, 35.040071], [-119.397839, 35.040026], [-119.397858, 35.036354], [-119.406748, 35.036449], [-119.406733, 35.040134], [-119.420553, 35.040321], [-119.419875, 35.043978]]]}}, {"type": "Feature", "properties": {"name": "Palos Verdes Estates"}, "geometry": {"type": "Polygon", "coordinates": [[[-118.428162, 33.774345], [-118.42442, 33.777811], [-118.423407, 33.782015], [-118.419839827393, 33.7850433998504], [-118.417521, 33.787012], [-118.406997, 33.79145], [-118.40714575325, 33.7934829610792], [-118.407426, 33.797313], [-118.405378, 33.799733], [-118.393997, 33.804183], [-118.393971529621, 33.804258334305], [-118.390526, 33.804248], [-118.383109, 33.804229], [-118.378132, 33.804217], [-118.374417, 33.804213], [-118.367772, 33.804189], [-118.361701, 33.804173], [-118.355388, 33.798856], [-118.351054, 33.795205], [-118.367143, 33.795205], [-118.367495, 33.794149], [-118.368844, 33.794154], [-118.369231, 33.79516], [-118.371697, 33.794707], [-118.377941, 33.795003], [-118.378538, 33.795466], [-118.380885, 33.793555], [-118.384209, 33.793424], [-118.384789, 33.791085], [-118.384762, 33.791079], [-118.38711, 33.781771], [-118.392356, 33.781765], [-118.403696, 33.781753], [-118.403702, 33.781359], [-118.40368, 33.772511], [-118.40367, 33.765841], [-118.403673, 33.764249], [-118.414633, 33.762807], [-118.417871739077, 33.7623811279848], [-118.417944, 33.762559], [-118.421926, 33.763425], [-118.421731, 33.76592], [-118.42368, 33.766244], [-118.424459, 33.767216], [-118.421731, 33.768934], [-118.421848, 33.770975], [-118.423819, 33.772516], [-118.426837, 33.772401], [-118.428162, 33.774345]]]}}, {"type": "Feature", "properties": {"name": "Imperial Beach"}, "geometry": {"type": "Polygon", "coordinates": [[[-117.132494, 32.576547], [-117.132476846109, 32.579572], [-117.1324520457, 32.5839454238282], [-117.132442521753, 32.5856249225421], [-117.131689, 32.585592], [-117.122199, 32.588834], [-117.121756, 32.588984], [-117.118919, 32.591023], [-117.118546, 32.591287], [-117.116999, 32.591339], [-117.114654, 32.590432], [-117.114423, 32.58999], [-117.114385, 32.589902], [-117.114218, 32.58974], [-117.113807, 32.589664], [-117.113422, 32.589686], [-117.113292, 32.589662], [-117.110299, 32.589577], [-117.108197, 32.588017], [-117.108104, 32.587878], [-117.107783, 32.587791], [-117.107474, 32.587747], [-117.107127, 32.587727], [-117.106919, 32.587737], [-117.105568, 32.587552], [-117.105547, 32.583803], [-117.103848, 32.583787], [-117.103839, 32.58227], [-117.103841, 32.576517], [-117.101242, 32.576503], [-117.10126, 32.572847], [-117.10125, 32.569179], [-117.101381, 32.56918], [-117.099574, 32.567933], [-117.101306, 32.56687], [-117.101435, 32.558265], [-117.118752, 32.558216], [-117.11888026983, 32.5348611943716], [-117.123668, 32.534435], [-117.125888, 32.551079], [-117.128632, 32.555319], [-117.133064, 32.566786], [-117.132494, 32.576547]]]}}, {"type": "Feature", "properties": {"name": "Newport Beach"}, "geometry": {"type": "MultiPolygon", "coordinates": [[[[-117.945269, 33.647794], [-117.94175, 33.647824], [-117.941745, 33.643285], [-117.943627, 33.643334], [-117.945125, 33.643342], [-117.945269, 33.647794]]], [[[-117.955711, 33.635182], [-117.953595, 33.634761], [-117.954097, 33.632996], [-117.956214, 33.633417], [-117.955711, 33.635182]]], [[[-117.957569309186, 33.629726043973], [-117.948678, 33.632468], [-117.942964, 33.624965], [-117.942751, 33.637427], [-117.934026, 33.633378], [-117.928092, 33.631614], [-117.920907, 33.627488], [-117.917574, 33.625171], [-117.905918, 33.631227], [-117.899232, 33.637953], [-117.898157, 33.644711], [-117.892609, 33.650296], [-117.887106, 33.655833], [-117.88324, 33.665397], [-117.878625, 33.659619], [-117.865795, 33.671281], [-117.862803, 33.657568], [-117.860062, 33.64687], [-117.85596, 33.63777], [-117.834857, 33.62872], [-117.821452, 33.620138], [-117.81136, 33.61015], [-117.796922, 33.604629], [-117.78797, 33.59662], [-117.790802, 33.59615], [-117.799771, 33.603663], [-117.804309, 33.599807], [-117.806657, 33.588771], [-117.812916, 33.582207], [-117.816336, 33.575859], [-117.821435, 33.57233], [-117.828739903357, 33.5644582520913], [-117.840088, 33.573894], [-117.858475592387, 33.5827508737065], [-117.870749, 33.59093], [-117.879306364697, 33.5943115455812], [-117.902483, 33.601647], [-117.928019, 33.607187], [-117.940591, 33.620021], [-117.957569309186, 33.629726043973]]]]}}, {"type": "Feature", "properties": {"name": "Monterey"}, "geometry": {"type": "MultiPolygon", "coordinates": [[[[-121.849792, 36.583982], [-121.848964, 36.583942], [-121.847093, 36.583438], [-121.846302, 36.584999], [-121.836966, 36.581715], [-121.835217, 36.581961], [-121.83403, 36.581347], [-121.832327, 36.581758], [-121.831653, 36.581813], [-121.829105, 36.581412], [-121.827795, 36.581337], [-121.83025, 36.585823], [-121.826962, 36.585695], [-121.829191, 36.587471], [-121.825414, 36.589896], [-121.819137, 36.58498], [-121.814814, 36.581997], [-121.812059, 36.582342], [-121.809923, 36.582274], [-121.808541, 36.577039], [-121.806774, 36.576272], [-121.808309, 36.576367], [-121.808288, 36.575021], [-121.808291, 36.5715], [-121.812262, 36.572438], [-121.817243, 36.572899], [-121.820874, 36.574191], [-121.825027, 36.577708], [-121.829458, 36.57694], [-121.830028, 36.576192], [-121.833262, 36.577049], [-121.83476, 36.576709], [-121.835484, 36.574638], [-121.837245, 36.573808], [-121.838278, 36.574607], [-121.836684, 36.579174], [-121.849833, 36.582845], [-121.849792, 36.583982]]], [[[-121.926762, 36.600835], [-121.922139, 36.601537], [-121.920994, 36.608997], [-121.90989, 36.614708], [-121.905769, 36.616704], [-121.897524, 36.612265], [-121.891964137389, 36.6079898888162], [-121.889552973134, 36.6020522394199], [-121.887168, 36.600937], [-121.875821, 36.602257], [-121.858356390804, 36.6119685560637], [-121.860346, 36.607088], [-121.855871, 36.602713], [-121.851058, 36.597615], [-121.848124, 36.591973], [-121.851688, 36.592162], [-121.858178, 36.590196], [-121.861874, 36.58658], [-121.854545, 36.588054], [-121.854093, 36.583431], [-121.85288, 36.579796], [-121.853614, 36.578337], [-121.861587, 36.574198], [-121.866703, 36.584416], [-121.861959, 36.585655], [-121.868029, 36.586143], [-121.876712, 36.59156], [-121.874258, 36.584811], [-121.87303, 36.581732], [-121.872472, 36.580567], [-121.87241, 36.580162], [-121.873752, 36.578562], [-121.869523, 36.575159], [-121.87401, 36.575692], [-121.892395, 36.580393], [-121.907324, 36.577789], [-121.912627, 36.575442], [-121.917839, 36.581255], [-121.920986, 36.588781], [-121.920776, 36.591668], [-121.921215, 36.595828], [-121.926762, 36.600835]]], [[[-121.862473, 36.581657], [-121.861637, 36.58363], [-121.860474, 36.583039], [-121.86137, 36.581786], [-121.859763, 36.581603], [-121.858182, 36.582593], [-121.859104, 36.58296], [-121.858246, 36.584192], [-121.859939, 36.584968], [-121.860497, 36.585191], [-121.861045, 36.585365], [-121.863813, 36.582429], [-121.862473, 36.581657]]]]}}, {"type": "Feature", "properties": {"name": "South San Francisco"}, "geometry": {"type": "MultiPolygon", "coordinates": [[[[-122.47076, 37.649406], [-122.466853, 37.650255], [-122.456786, 37.649986], [-122.452222, 37.649347], [-122.452999, 37.654619], [-122.457209, 37.65548], [-122.463414, 37.662349], [-122.461806, 37.665697], [-122.453381, 37.670722], [-122.449911, 37.669521], [-122.44719, 37.666344], [-122.444615, 37.665485], [-122.433785, 37.670399], [-122.431983, 37.669126], [-122.427449, 37.667195], [-122.426301, 37.668747], [-122.418849, 37.673326], [-122.414201, 37.670947], [-122.412682, 37.671642], [-122.410035, 37.670652], [-122.407342, 37.667184], [-122.404449, 37.667534], [-122.396348, 37.669001], [-122.39195, 37.671708], [-122.380995, 37.667855], [-122.380044, 37.647721], [-122.389313, 37.640193], [-122.403661, 37.635538], [-122.411311, 37.635537], [-122.416622, 37.639388], [-122.423435, 37.640472], [-122.439865, 37.636688], [-122.445197, 37.634974], [-122.448097, 37.635199], [-122.459041, 37.640516], [-122.464132, 37.638791], [-122.47076, 37.649406]]], [[[-122.449979, 37.647776], [-122.448341, 37.64598], [-122.444711, 37.643173], [-122.443405, 37.643743], [-122.440811, 37.644877], [-122.440107, 37.64355], [-122.439924, 37.643216], [-122.434548, 37.646059], [-122.433304, 37.64522], [-122.431679, 37.647609], [-122.434101, 37.6463], [-122.437421, 37.650911], [-122.437195, 37.652297], [-122.436156, 37.654247], [-122.43739, 37.65408], [-122.437956, 37.654348], [-122.438941, 37.65419], [-122.43943, 37.654302], [-122.440011, 37.653527], [-122.440419, 37.653513], [-122.440883, 37.652962], [-122.441145, 37.652414], [-122.441135, 37.651286], [-122.442387, 37.649401], [-122.446032, 37.647759], [-122.446578, 37.647712], [-122.447404, 37.647056], [-122.448555, 37.647393], [-122.449148, 37.648432], [-122.450034, 37.64819], [-122.449979, 37.647776]]], [[[-122.434166, 37.639529], [-122.434265, 37.640467], [-122.432898, 37.640128], [-122.426566, 37.643104], [-122.429454, 37.645098], [-122.429768, 37.645525], [-122.432564, 37.644198], [-122.432381, 37.643957], [-122.432916, 37.643763], [-122.43253, 37.643246], [-122.433845, 37.642635], [-122.434163, 37.641113], [-122.435357, 37.640914], [-122.434166, 37.639529]]]]}}, {"type": "Feature", "properties": {"name": "Aliso Viejo"}, "geometry": {"type": "Polygon", "coordinates": [[[-117.757171, 33.585643], [-117.75145, 33.59103], [-117.747085, 33.599067], [-117.744078, 33.601747], [-117.739841, 33.606861], [-117.735898, 33.608488], [-117.735595, 33.602303], [-117.732533, 33.600054], [-117.725699, 33.606025], [-117.722755, 33.599705], [-117.724254, 33.605372], [-117.719633, 33.603641], [-117.716417, 33.597616], [-117.711897, 33.589474], [-117.710661, 33.585076], [-117.708922, 33.580411], [-117.705422, 33.574842], [-117.700836, 33.56977], [-117.705719, 33.570086], [-117.713918, 33.571106], [-117.715931, 33.566014], [-117.718929, 33.558724], [-117.718546, 33.55563], [-117.722731, 33.549239], [-117.72762, 33.54451], [-117.730002, 33.550167], [-117.733602, 33.549817], [-117.737244, 33.548392], [-117.736948, 33.555722], [-117.738226, 33.558675], [-117.74003, 33.562381], [-117.741999, 33.565817], [-117.740857, 33.572017], [-117.743352, 33.574166], [-117.745441, 33.580096], [-117.747148, 33.58255], [-117.755256, 33.586436], [-117.757171, 33.585643]]]}}, {"type": "Feature", "properties": {"name": "Montebello"}, "geometry": {"type": "Polygon", "coordinates": [[[-118.14416, 34.033463], [-118.137918, 34.033501], [-118.130099, 34.033578], [-118.117973, 34.033672], [-118.111586, 34.030505], [-118.104456, 34.030264], [-118.099086, 34.032267], [-118.095008, 34.035112], [-118.10365, 34.038233], [-118.106517, 34.040403], [-118.100272, 34.044762], [-118.094857, 34.043183], [-118.094454, 34.046023], [-118.093856, 34.04287], [-118.09044, 34.040434], [-118.083892, 34.038201], [-118.082301, 34.03491], [-118.077894, 34.0356], [-118.073085, 34.030736], [-118.07361, 34.027476], [-118.085787, 34.018785], [-118.092119, 34.012961], [-118.096201, 34.007662], [-118.096555, 34.004129], [-118.103724, 33.999011], [-118.109779, 33.993807], [-118.114334, 33.988921], [-118.115765, 33.983418], [-118.119972, 33.975491], [-118.122811, 33.974409], [-118.134025, 33.985816], [-118.12846, 33.985689], [-118.127169, 33.991961], [-118.128902, 33.999055], [-118.129822, 34.002419], [-118.127569, 34.008047], [-118.127074, 34.010915], [-118.126999, 34.013185], [-118.130894, 34.014856], [-118.136938, 34.020022], [-118.142447, 34.023385], [-118.142911, 34.024652], [-118.142824, 34.024983], [-118.143049, 34.026886], [-118.144109, 34.032334], [-118.14416, 34.033463]]]}}, {"type": "Feature", "properties": {"name": "Dinuba"}, "geometry": {"type": "Polygon", "coordinates": [[[-119.439468, 36.546272], [-119.430443, 36.546238], [-119.430275, 36.546238], [-119.430312, 36.542572], [-119.423951, 36.542515], [-119.424015, 36.538934], [-119.421065, 36.538925], [-119.417286, 36.538882], [-119.41276, 36.538856], [-119.412664, 36.538859], [-119.412673, 36.546105], [-119.412809, 36.546106], [-119.417316, 36.546143], [-119.417311, 36.556978], [-119.412779, 36.556979], [-119.412797, 36.558305], [-119.412914, 36.5588], [-119.412968, 36.560598], [-119.403869, 36.56049], [-119.403845, 36.56416], [-119.399607, 36.564102], [-119.399638, 36.567736], [-119.397473, 36.56774], [-119.397433, 36.571309], [-119.392628, 36.571243], [-119.392726, 36.567595], [-119.39217, 36.566356], [-119.386266, 36.563804], [-119.376969, 36.563802], [-119.376944, 36.559841], [-119.373022, 36.558201], [-119.373029, 36.556142], [-119.376978, 36.55621], [-119.376941, 36.552599], [-119.373156, 36.552672], [-119.373158, 36.546989], [-119.372036, 36.546331], [-119.367737, 36.546361], [-119.36772, 36.545639], [-119.367847, 36.541897], [-119.369793, 36.541889], [-119.369843, 36.538304], [-119.372075, 36.538291], [-119.372204, 36.53112], [-119.376814, 36.531085], [-119.379599, 36.531067], [-119.379628, 36.529146], [-119.381345, 36.529222], [-119.381346, 36.527494], [-119.390402, 36.527753], [-119.390411, 36.526339], [-119.394942, 36.526409], [-119.394938, 36.527699], [-119.403867, 36.52785], [-119.403845, 36.531495], [-119.417236, 36.531634], [-119.421084, 36.531679], [-119.422318, 36.531692], [-119.430443, 36.531764], [-119.439622, 36.531822], [-119.439468, 36.546272]]]}}, {"type": "Feature", "properties": {"name": "Culver City"}, "geometry": {"type": "Polygon", "coordinates": [[[-118.448472, 33.993359], [-118.437575, 33.996036], [-118.430327, 33.999446], [-118.42598, 33.99807], [-118.420052, 33.998965], [-118.420518, 34.004862], [-118.419628, 34.011319], [-118.412762, 34.015263], [-118.40546, 34.016854], [-118.400608, 34.021472], [-118.394706, 34.025002], [-118.384206, 34.030214], [-118.375919, 34.032417], [-118.373643, 34.030421], [-118.376643, 34.026008], [-118.377569, 34.022436], [-118.38089, 34.020121], [-118.374079, 34.014851], [-118.388187, 34.007804], [-118.382714, 34.000401], [-118.388007, 33.988911], [-118.378938, 33.988993], [-118.385676, 33.978513], [-118.392628, 33.979744], [-118.398363, 33.983205], [-118.395267, 33.984232], [-118.401239, 33.986386], [-118.407709, 33.992031], [-118.404812, 33.994714], [-118.400448, 34.001436], [-118.405889, 33.999236], [-118.414231, 34.003433], [-118.419381, 33.997755], [-118.430047, 33.996428], [-118.430182, 33.990125], [-118.437174, 33.995276], [-118.447178, 33.990759], [-118.448472, 33.993359]]]}}, {"type": "Feature", "properties": {"name": "San Gabriel"}, "geometry": {"type": "MultiPolygon", "coordinates": [[[[-118.120919, 34.106126], [-118.115852, 34.11307], [-118.108566, 34.114266], [-118.107461, 34.113383], [-118.106371, 34.113827], [-118.105018, 34.113428], [-118.099812, 34.113467], [-118.091194, 34.115308], [-118.08988, 34.114683], [-118.091037, 34.114107], [-118.091019, 34.113478], [-118.086628, 34.108101], [-118.088591, 34.10623], [-118.090364, 34.105215], [-118.088113, 34.104881], [-118.084998, 34.103953], [-118.082211, 34.106366], [-118.081378, 34.113513], [-118.081273, 34.105604], [-118.07722, 34.104881], [-118.07721, 34.103407], [-118.077894, 34.098965], [-118.081467, 34.099445], [-118.082241, 34.09366], [-118.083744, 34.098443], [-118.086086, 34.096523], [-118.087998, 34.098677], [-118.089098, 34.097318], [-118.087934, 34.095555], [-118.087282, 34.09517], [-118.087221, 34.091744], [-118.088011, 34.089928], [-118.083512, 34.08045], [-118.087906, 34.076481], [-118.087191, 34.074863], [-118.087099, 34.072368], [-118.090606, 34.072333], [-118.099538, 34.072329], [-118.100373, 34.071495], [-118.107464, 34.071558], [-118.108255, 34.076419], [-118.108298, 34.079321], [-118.108313, 34.085164], [-118.108397, 34.095443], [-118.112733, 34.09411], [-118.113066, 34.096065], [-118.113502, 34.097534], [-118.112989, 34.101707], [-118.115762, 34.105696], [-118.115171, 34.106113], [-118.115676, 34.106519], [-118.121095, 34.105275], [-118.120919, 34.106126]]], [[[-118.09033, 34.102237], [-118.089727, 34.102241], [-118.089708, 34.100195], [-118.089207, 34.100014], [-118.0897, 34.099532], [-118.08731, 34.099489], [-118.086349, 34.099082], [-118.085527, 34.099081], [-118.084947, 34.100474], [-118.082287, 34.100513], [-118.082288, 34.102399], [-118.084491, 34.102487], [-118.084735, 34.10303], [-118.087354, 34.102983], [-118.089742, 34.102925], [-118.089732, 34.102378], [-118.09033, 34.102237]]], [[[-118.081183, 34.102374], [-118.080695, 34.101901], [-118.080522, 34.101658], [-118.080433, 34.101353], [-118.080452, 34.099921], [-118.079535, 34.099913], [-118.07955, 34.102678], [-118.081247, 34.102679], [-118.081183, 34.102374]]]]}}, {"type": "Feature", "properties": {"name": "San Carlos"}, "geometry": {"type": "MultiPolygon", "coordinates": [[[[-122.300544, 37.49992], [-122.293844, 37.497643], [-122.291677, 37.498873], [-122.288337, 37.498749], [-122.285967, 37.499276], [-122.284613, 37.502353], [-122.287637, 37.504877], [-122.288585, 37.507417], [-122.284447, 37.509731], [-122.278294, 37.513117], [-122.273025, 37.510195], [-122.267399, 37.514185], [-122.26498, 37.521272], [-122.261067, 37.520434], [-122.25922, 37.51938], [-122.25438, 37.515444], [-122.248605, 37.518148], [-122.248554, 37.512677], [-122.246858, 37.505555], [-122.238665, 37.498487], [-122.24054, 37.497775], [-122.245134, 37.495112], [-122.244309, 37.493156], [-122.247672, 37.489909], [-122.253323, 37.486213], [-122.256812, 37.483847], [-122.258465, 37.482722], [-122.262969, 37.481649], [-122.264919, 37.482946], [-122.267408, 37.482199], [-122.274073, 37.482135], [-122.278936, 37.478864], [-122.276712, 37.47516], [-122.281909, 37.476687], [-122.291664, 37.486575], [-122.292879, 37.488763], [-122.290671, 37.490305], [-122.298581, 37.495506], [-122.302598, 37.498393], [-122.300544, 37.49992]]], [[[-122.289658, 37.496766], [-122.290599, 37.495836], [-122.286246, 37.492957], [-122.286134, 37.49508], [-122.284393, 37.495323], [-122.281318, 37.493367], [-122.280989, 37.492029], [-122.276781, 37.495166], [-122.277552, 37.495728], [-122.277496, 37.495886], [-122.278562, 37.497088], [-122.279937, 37.497488], [-122.281062, 37.496806], [-122.281962, 37.497529], [-122.280492, 37.498452], [-122.281172, 37.498986], [-122.282444, 37.500007], [-122.286443, 37.497099], [-122.287708, 37.498265], [-122.288318, 37.498024], [-122.289159, 37.498883], [-122.291017, 37.498504], [-122.289658, 37.496766]]], [[[-122.262235, 37.484455], [-122.262284, 37.483954], [-122.261815, 37.483925], [-122.261771, 37.484424], [-122.261403, 37.484397], [-122.261119, 37.483772], [-122.257141, 37.484106], [-122.258509, 37.485188], [-122.259592, 37.486084], [-122.261913, 37.486038], [-122.262329, 37.484462], [-122.262235, 37.484455]]]]}}, {"type": "Feature", "properties": {"name": "Fillmore"}, "geometry": {"type": "MultiPolygon", "coordinates": [[[[-118.916545, 34.389701], [-118.911415, 34.389734], [-118.911407, 34.386043], [-118.915834, 34.386035], [-118.916496, 34.38932], [-118.916545, 34.389701]]], [[[-118.94087, 34.385846], [-118.936598, 34.385923], [-118.933405, 34.385982], [-118.933415, 34.385504], [-118.933375, 34.38236], [-118.9409, 34.38235], [-118.94087, 34.385846]]], [[[-118.940031, 34.393465], [-118.937207, 34.393525], [-118.937035, 34.394999], [-118.936071, 34.395473], [-118.930967, 34.400598], [-118.931031, 34.403349], [-118.930273, 34.405202], [-118.927701, 34.409284], [-118.926077, 34.414762], [-118.922659, 34.416945], [-118.922375, 34.41553], [-118.921563, 34.414775], [-118.920194, 34.41525], [-118.915137, 34.415189], [-118.904703, 34.411723], [-118.904737, 34.408065], [-118.907493, 34.408051], [-118.903936, 34.400015], [-118.900916, 34.400218], [-118.897401, 34.399731], [-118.894455, 34.39793], [-118.892735, 34.397613], [-118.893022, 34.396902], [-118.889764, 34.395569], [-118.890644, 34.391415], [-118.898277, 34.391953], [-118.898224, 34.389858], [-118.907048, 34.389783], [-118.907018, 34.39271], [-118.912586, 34.393055], [-118.917271, 34.393486], [-118.916545, 34.389701], [-118.920218, 34.389691], [-118.920359, 34.386456], [-118.919943, 34.38602], [-118.933405, 34.385982], [-118.933434, 34.389475], [-118.931177, 34.390668], [-118.933534, 34.390178], [-118.933912, 34.392117], [-118.936228, 34.3918], [-118.93815, 34.389833], [-118.942043, 34.389827], [-118.940031, 34.393465]]], [[[-118.920943, 34.412144], [-118.920933, 34.411956], [-118.920987, 34.411696], [-118.920882, 34.41129], [-118.918866, 34.411596], [-118.917388, 34.411732], [-118.919113, 34.412806], [-118.919427, 34.413307], [-118.921096, 34.413002], [-118.920943, 34.412144]]]]}}, {"type": "Feature", "properties": {"name": "Calimesa"}, "geometry": {"type": "Polygon", "coordinates": [[[-117.129796, 33.996974], [-117.121323, 34.003484], [-117.103898, 34.004375], [-117.066029, 34.003927], [-117.054094, 34.004114], [-117.038866, 34.004691], [-117.025765, 34.004679], [-117.013097, 34.004325], [-116.994634, 34.000509], [-116.989421, 33.998309], [-116.990253, 33.990228], [-116.998571, 33.983089], [-117.007248, 33.982895], [-117.02548, 33.982949], [-117.029259, 33.975893], [-117.033834, 33.968407], [-117.034216, 33.968323], [-117.033825, 33.967881], [-117.030115, 33.965831], [-117.024046, 33.960943], [-117.015426, 33.954908], [-117.017967, 33.953747], [-117.034254, 33.954159], [-117.036357, 33.961385], [-117.054986, 33.964605], [-117.064531, 33.965379], [-117.076182, 33.968301], [-117.083326, 33.972741], [-117.084644, 33.972895], [-117.088457, 33.974912], [-117.095068, 33.974529], [-117.086452, 33.982736], [-117.10448, 33.990108], [-117.112476, 33.986334], [-117.121239, 33.989763], [-117.129796, 33.996974]]]}}, {"type": "Feature", "properties": {"name": "Colfax"}, "geometry": {"type": "MultiPolygon", "coordinates": [[[[-120.941091, 39.08259], [-120.939565, 39.085073], [-120.935575, 39.084515], [-120.934913, 39.084522], [-120.935565, 39.084083], [-120.935987, 39.080936], [-120.940582, 39.080609], [-120.941091, 39.08259]]], [[[-120.942963, 39.090749], [-120.942505, 39.090943], [-120.940105, 39.091513], [-120.940095, 39.091979], [-120.941579, 39.09193], [-120.941569, 39.093734], [-120.939726, 39.093717], [-120.939616, 39.092206], [-120.939744, 39.091782], [-120.939691, 39.091312], [-120.939983, 39.090832], [-120.941635, 39.090403], [-120.942881, 39.090407], [-120.942963, 39.090749]]], [[[-120.964873, 39.103209], [-120.962475, 39.102572], [-120.959873, 39.102713], [-120.9596, 39.101247], [-120.959518, 39.101222], [-120.959411, 39.103407], [-120.95751, 39.103438], [-120.956803, 39.104399], [-120.954295, 39.10438], [-120.953946, 39.106035], [-120.957566, 39.106068], [-120.957262, 39.108276], [-120.955633, 39.108237], [-120.95394, 39.111651], [-120.949836, 39.111469], [-120.949885, 39.114279], [-120.9478, 39.114822], [-120.949204, 39.112723], [-120.948816, 39.107915], [-120.950086, 39.106205], [-120.949445, 39.104581], [-120.948826, 39.10456], [-120.948565, 39.102657], [-120.948006, 39.105349], [-120.947871, 39.10569], [-120.945767, 39.103576], [-120.947988, 39.102606], [-120.947916, 39.100405], [-120.947848, 39.097608], [-120.944845, 39.097495], [-120.944757, 39.095214], [-120.946727, 39.095263], [-120.946742, 39.093714], [-120.949368, 39.093762], [-120.951121, 39.090752], [-120.952215, 39.089857], [-120.950045, 39.088529], [-120.949917, 39.090376], [-120.948277, 39.089524], [-120.94646, 39.089648], [-120.945737, 39.087243], [-120.949946, 39.087241], [-120.94993, 39.083694], [-120.953288, 39.083961], [-120.954484, 39.082687], [-120.954426, 39.077639], [-120.951325, 39.07764], [-120.951325, 39.075427], [-120.955649, 39.075425], [-120.955652, 39.077075], [-120.959562, 39.077173], [-120.961804, 39.07508], [-120.959663, 39.079072], [-120.960259, 39.080381], [-120.960453, 39.089225], [-120.959001, 39.089991], [-120.957403, 39.093052], [-120.959845, 39.093143], [-120.959969, 39.098244], [-120.961267, 39.098294], [-120.960484, 39.100024], [-120.960187, 39.10154], [-120.962029, 39.101543], [-120.962782, 39.099604], [-120.965058, 39.099716], [-120.964873, 39.103209]]]]}}, {"type": "Feature", "properties": {"name": "Ripon"}, "geometry": {"type": "Polygon", "coordinates": [[[-121.156352, 37.729697], [-121.151272, 37.735292], [-121.147294, 37.739533], [-121.142466, 37.746771], [-121.151578, 37.756959], [-121.151712, 37.764937], [-121.147152, 37.763991], [-121.139274, 37.766714], [-121.138312, 37.768525], [-121.133559, 37.763039], [-121.129145, 37.766654], [-121.12435, 37.75755], [-121.124063, 37.749578], [-121.114331, 37.75034], [-121.108518, 37.748908], [-121.11003, 37.746654], [-121.1095, 37.744726], [-121.105577, 37.746675], [-121.096411, 37.74371], [-121.089586, 37.74411], [-121.092399, 37.74221], [-121.100986, 37.744235], [-121.105547, 37.740016], [-121.109048, 37.742027], [-121.111349, 37.740028], [-121.10763, 37.73228], [-121.110248, 37.730128], [-121.116761, 37.726491], [-121.1187, 37.723608], [-121.120743, 37.722341], [-121.123625, 37.722823], [-121.124211, 37.724204], [-121.128449, 37.724227], [-121.134992, 37.723048], [-121.137381, 37.72414], [-121.141565, 37.7229], [-121.141876, 37.720983], [-121.146106, 37.717499], [-121.151117, 37.724969], [-121.156352, 37.729697]]]}}, {"type": "Feature", "properties": {"name": "La Habra Heights"}, "geometry": {"type": "Polygon", "coordinates": [[[-117.99269, 33.949563], [-117.980783, 33.957808], [-117.98092, 33.957947], [-117.983717, 33.959777], [-117.982115, 33.960758], [-117.983633, 33.965007], [-117.976574, 33.964804], [-117.976661, 33.974829], [-117.968777, 33.972571], [-117.966449, 33.972578], [-117.957914, 33.97255], [-117.95496, 33.973291], [-117.950655, 33.97437], [-117.949606, 33.976457], [-117.942235, 33.974754], [-117.934353, 33.972935], [-117.932995, 33.972621], [-117.916392, 33.968755], [-117.916481, 33.968539], [-117.917701, 33.965603], [-117.925815, 33.946079], [-117.927416, 33.946082], [-117.925975, 33.947453], [-117.925897, 33.947925], [-117.927394, 33.947934], [-117.928137, 33.947103], [-117.929148, 33.946082], [-117.931623, 33.94608], [-117.941847, 33.94608], [-117.9461, 33.946076], [-117.950456, 33.946072], [-117.954289, 33.946069], [-117.954221, 33.948211], [-117.953465, 33.948112], [-117.954123, 33.949704], [-117.962277, 33.949726], [-117.964691, 33.948578], [-117.964777, 33.946054], [-117.966691, 33.946058], [-117.966484, 33.946828], [-117.965251, 33.949685], [-117.975507, 33.94967], [-117.976486, 33.94967], [-117.979678, 33.949664], [-117.987053, 33.950263], [-117.99269, 33.949563]]]}}, {"type": "Feature", "properties": {"name": "Sonoma"}, "geometry": {"type": "MultiPolygon", "coordinates": [[[[-122.434977, 38.285382], [-122.434004, 38.285289], [-122.433691, 38.28579], [-122.433917, 38.284537], [-122.435091, 38.284653], [-122.434977, 38.285382]]], [[[-122.441002, 38.281353], [-122.438611, 38.281134], [-122.438678, 38.280078], [-122.44116, 38.280316], [-122.441002, 38.281353]]], [[[-122.481887, 38.298378], [-122.476906, 38.29885], [-122.477632, 38.300818], [-122.474921, 38.300552], [-122.474715, 38.301578], [-122.474065, 38.301369], [-122.474115, 38.301054], [-122.473725, 38.301014], [-122.472178, 38.300905], [-122.471944, 38.302398], [-122.466878, 38.301896], [-122.466787, 38.301838], [-122.466709, 38.301973], [-122.464223, 38.301613], [-122.463562, 38.301544], [-122.457602, 38.300918], [-122.457434, 38.30198], [-122.456604, 38.307104], [-122.456343, 38.307641], [-122.452081, 38.306235], [-122.452941, 38.300391], [-122.446355, 38.299719], [-122.447142, 38.294492], [-122.443854, 38.294119], [-122.442665, 38.293988], [-122.442878, 38.292799], [-122.446096, 38.29313], [-122.445527, 38.290731], [-122.442106, 38.290407], [-122.442488, 38.287985], [-122.443952, 38.287988], [-122.442502, 38.286688], [-122.442552, 38.283143], [-122.445865, 38.283464], [-122.446199, 38.281215], [-122.449153, 38.281174], [-122.449304, 38.280186], [-122.450905, 38.280331], [-122.450764, 38.281219], [-122.45153, 38.281295], [-122.451672, 38.280401], [-122.452753, 38.280501], [-122.453028, 38.278653], [-122.451981, 38.278553], [-122.451891, 38.279331], [-122.449474, 38.279089], [-122.449998, 38.275703], [-122.451692, 38.274954], [-122.457601, 38.274436], [-122.460497, 38.274725], [-122.46033, 38.275809], [-122.466091, 38.276385], [-122.465403, 38.280913], [-122.467118, 38.281354], [-122.469918, 38.281027], [-122.469706, 38.282201], [-122.474813, 38.28278], [-122.473226, 38.285023], [-122.474727, 38.289615], [-122.477593, 38.291812], [-122.476893, 38.293884], [-122.476368, 38.295801], [-122.477511, 38.297588], [-122.480099, 38.296966], [-122.481887, 38.298378]]], [[[-122.460099, 38.277014], [-122.456457, 38.276655], [-122.456384, 38.277259], [-122.456566, 38.277791], [-122.459956, 38.278134], [-122.460099, 38.277014]]]]}}, {"type": "Feature", "properties": {"name": "Newark"}, "geometry": {"type": "Polygon", "coordinates": [[[-122.07089, 37.519017], [-122.060469, 37.521584], [-122.061345, 37.523267], [-122.068089, 37.524168], [-122.06468, 37.534691], [-122.066648, 37.538727], [-122.067333, 37.540231], [-122.064476, 37.542386], [-122.063959, 37.542784], [-122.05518, 37.549454], [-122.05208, 37.551742], [-122.045052, 37.556261], [-122.042259, 37.558756], [-122.038506, 37.563408], [-122.031219, 37.556592], [-122.028684, 37.554125], [-122.022895, 37.546533], [-122.020081, 37.542769], [-122.017348, 37.539133], [-122.014861, 37.536695], [-122.00236, 37.529774], [-121.987975, 37.522531], [-121.987767, 37.522432], [-121.98831, 37.521749], [-121.989281, 37.520863], [-121.994816, 37.513828], [-121.995373, 37.51084], [-121.997852, 37.504245], [-121.99332, 37.499453], [-121.993479, 37.499446], [-121.992025, 37.498066], [-121.996467, 37.498073], [-121.999521, 37.493315], [-122.003186, 37.494469], [-122.006055, 37.494617], [-122.010535, 37.493062], [-122.009747, 37.488982], [-122.014292, 37.481375], [-122.017368, 37.483541], [-122.0198, 37.484589], [-122.023141, 37.484693], [-122.024849, 37.48325], [-122.025282, 37.482412], [-122.025368, 37.480623], [-122.025852, 37.478979], [-122.027449, 37.478663], [-122.030262, 37.482665], [-122.030177, 37.487255], [-122.029735, 37.488853], [-122.032234, 37.489354], [-122.035303, 37.492389], [-122.038309, 37.493697], [-122.041124, 37.493526], [-122.050781, 37.496469], [-122.050849, 37.497625], [-122.05736, 37.499223], [-122.054521, 37.505666], [-122.054028, 37.508454], [-122.054989, 37.510417], [-122.055754, 37.514225], [-122.06094, 37.514099], [-122.064519, 37.513016], [-122.067382, 37.51828], [-122.070189, 37.517864], [-122.07089, 37.519017]]]}}, {"type": "Feature", "properties": {"name": "Monrovia"}, "geometry": {"type": "Polygon", "coordinates": [[[-118.021906, 34.157053], [-118.020652, 34.157462], [-118.021106, 34.159054], [-118.019632, 34.175395], [-118.02137, 34.179439], [-117.977535, 34.194294], [-117.942503, 34.179485], [-117.94363, 34.165236], [-117.977558, 34.155903], [-117.985867, 34.155165], [-117.985168, 34.151606], [-117.983665, 34.151514], [-117.983172, 34.149914], [-117.98218, 34.149488], [-117.980208, 34.146869], [-117.977546, 34.143247], [-117.98058, 34.140449], [-117.9863, 34.13947], [-117.987318, 34.130435], [-117.990684, 34.130466], [-117.995948, 34.126839], [-117.999919, 34.124935], [-118.001299, 34.117956], [-117.998408, 34.117673], [-117.997058, 34.117683], [-118.003753, 34.117312], [-118.004542, 34.111102], [-118.006866, 34.106539], [-118.015761, 34.1042], [-118.00488, 34.111054], [-118.004334, 34.114073], [-118.005237, 34.115243], [-118.007175, 34.114468], [-118.0057, 34.117327], [-118.003899, 34.122034], [-118.006115, 34.130359], [-118.009413, 34.130297], [-118.020009, 34.130164], [-118.020326, 34.131099], [-118.020596, 34.145649], [-118.02123, 34.154535], [-118.021883, 34.154753], [-118.021906, 34.157053]]]}}, {"type": "Feature", "properties": {"name": "Atwater"}, "geometry": {"type": "MultiPolygon", "coordinates": [[[[-120.627042, 37.354688], [-120.621641, 37.35908], [-120.622044, 37.360429], [-120.626213, 37.364041], [-120.61962, 37.370004], [-120.61384, 37.36771], [-120.610984, 37.365463], [-120.609177, 37.364055], [-120.607606, 37.368667], [-120.602215, 37.370036], [-120.600416, 37.372152], [-120.6013, 37.374943], [-120.59723, 37.374591], [-120.590618, 37.371252], [-120.576664, 37.362905], [-120.57326, 37.360486], [-120.568605, 37.357114], [-120.569487, 37.355305], [-120.576674, 37.353674], [-120.566805, 37.34958], [-120.570087, 37.34583], [-120.565763, 37.338792], [-120.558776, 37.338697], [-120.561894, 37.329285], [-120.569027, 37.333169], [-120.577085, 37.335094], [-120.584343, 37.337392], [-120.594124, 37.34208], [-120.595992, 37.341207], [-120.596266, 37.340605], [-120.599842, 37.33705], [-120.600339, 37.331849], [-120.605073, 37.331785], [-120.607749, 37.33911], [-120.616873, 37.342361], [-120.61908, 37.338636], [-120.625943, 37.345668], [-120.626879, 37.349454], [-120.629924, 37.353368], [-120.627042, 37.354688]]], [[[-120.600275, 37.346546], [-120.599033, 37.346162], [-120.59801, 37.348181], [-120.599757, 37.349161], [-120.601008, 37.347248], [-120.600275, 37.346546]]], [[[-120.585237, 37.341121], [-120.581182, 37.33928], [-120.580179, 37.339096], [-120.579318, 37.342303], [-120.579445, 37.347641], [-120.585135, 37.348088], [-120.585237, 37.341121]]]]}}, {"type": "Feature", "properties": {"name": "Gilroy"}, "geometry": {"type": "Polygon", "coordinates": [[[-121.643521, 36.998281], [-121.63273, 37.00412], [-121.63163, 37.012756], [-121.62695, 37.01419], [-121.624293, 37.020735], [-121.616079, 37.035072], [-121.59739, 37.03605], [-121.594433, 37.028817], [-121.5916, 37.024712], [-121.58748, 37.02973], [-121.587437, 37.034722], [-121.589093, 37.040792], [-121.596854, 37.046347], [-121.577263, 37.034467], [-121.577229, 37.041559], [-121.57656, 37.041956], [-121.572482, 37.038914], [-121.569652, 37.031196], [-121.558275, 37.02627], [-121.562045, 37.023999], [-121.554403, 37.011504], [-121.538264, 37.004084], [-121.535121, 36.998309], [-121.546258, 36.994021], [-121.54011, 36.98623], [-121.524549, 36.988823], [-121.523146, 36.976144], [-121.530548, 36.979042], [-121.5518, 36.9763], [-121.56124, 36.98886], [-121.568358, 36.989642], [-121.57345, 36.99108], [-121.56866, 36.97631], [-121.576344, 36.977869], [-121.586773, 36.972362], [-121.639639, 36.993388], [-121.643521, 36.998281]]]}}, {"type": "Feature", "properties": {"name": "Commerce"}, "geometry": {"type": "Polygon", "coordinates": [[[-118.192447, 34.011465], [-118.191416, 34.012859], [-118.187178, 34.016563], [-118.181294, 34.015665], [-118.181237, 34.012036], [-118.175883, 34.01658], [-118.173987, 34.017399], [-118.165946, 34.013819], [-118.158658, 34.010719], [-118.154041, 34.018827], [-118.146238, 34.018076], [-118.147108, 34.00973], [-118.127569, 34.008047], [-118.129822, 34.002419], [-118.128902, 33.999055], [-118.127169, 33.991961], [-118.12846, 33.985689], [-118.134025, 33.985816], [-118.122811, 33.974409], [-118.121786, 33.973446], [-118.122523, 33.972149], [-118.128965, 33.97098], [-118.130636, 33.973295], [-118.1333, 33.972521], [-118.142123, 33.973357], [-118.150231, 33.974259], [-118.149612, 33.976646], [-118.163065, 33.978956], [-118.167323, 33.979539], [-118.169347, 33.986619], [-118.166465, 33.987764], [-118.160791, 33.991848], [-118.155353, 33.991333], [-118.15207, 33.992216], [-118.166589, 33.998447], [-118.172131, 34.000129], [-118.174207, 34.001471], [-118.181835, 34.005499], [-118.193474, 34.009516], [-118.192447, 34.011465]]]}}, {"type": "Feature", "properties": {"name": "Burbank"}, "geometry": {"type": "Polygon", "coordinates": [[[-118.370312, 34.201197], [-118.362171, 34.201419], [-118.362987, 34.206818], [-118.34971, 34.206662], [-118.341347, 34.206527], [-118.339567, 34.211301], [-118.335599, 34.217674], [-118.328899, 34.221378], [-118.289523, 34.217976], [-118.279981, 34.190696], [-118.287811, 34.187661], [-118.289999, 34.184737], [-118.290529, 34.184023], [-118.292981, 34.18171], [-118.297791, 34.177145], [-118.29933, 34.173306], [-118.300766, 34.167839], [-118.307812, 34.16114], [-118.31027, 34.160797], [-118.315818, 34.154453], [-118.319962, 34.156011], [-118.325341, 34.153514], [-118.332571, 34.147831], [-118.340901, 34.145455], [-118.345166, 34.142747], [-118.34974, 34.153432], [-118.351812, 34.158271], [-118.353103, 34.161289], [-118.357158, 34.164908], [-118.356075, 34.168068], [-118.356357, 34.168889], [-118.358578, 34.177583], [-118.359127, 34.181224], [-118.359744, 34.18488], [-118.361116, 34.194385], [-118.370312, 34.201197]]]}}, {"type": "Feature", "properties": {"name": "Cypress"}, "geometry": {"type": "Polygon", "coordinates": [[[-118.063322, 33.831526], [-118.058988, 33.835207], [-118.059038, 33.845634], [-118.05892, 33.846196], [-118.049805, 33.838943], [-118.046996, 33.838965], [-118.041465, 33.839012], [-118.034946, 33.83907], [-118.03276, 33.838209], [-118.02825, 33.83183], [-118.02169, 33.8308], [-118.019607, 33.826341], [-118.017429, 33.825453], [-118.019586, 33.824416], [-118.019514, 33.817166], [-118.0281, 33.81703], [-118.019441, 33.809909], [-118.014197, 33.809959], [-118.010701, 33.809992], [-118.01068, 33.806277], [-118.018188, 33.806307], [-118.01106, 33.80294], [-118.011064, 33.795625], [-118.011085, 33.791998], [-118.019776, 33.792032], [-118.03711, 33.792097], [-118.034976, 33.795667], [-118.032768, 33.800701], [-118.037108, 33.801613], [-118.041468, 33.803075], [-118.05445, 33.80315], [-118.05447, 33.81031], [-118.058133, 33.810404], [-118.063052, 33.810423], [-118.063019, 33.817529], [-118.06325, 33.820764], [-118.063322, 33.831526]]]}}, {"type": "Feature", "properties": {"name": "La Palma"}, "geometry": {"type": "Polygon", "coordinates": [[[-118.054687, 33.846218], [-118.054723, 33.849821], [-118.050375, 33.849967], [-118.05038, 33.8507], [-118.050218, 33.853563], [-118.046082, 33.853611], [-118.046173, 33.8578], [-118.046188, 33.858688], [-118.041853, 33.858715], [-118.041884, 33.862332], [-118.037536, 33.862369], [-118.037598, 33.866013], [-118.033707, 33.866036], [-118.028717, 33.866242], [-118.02852, 33.85881], [-118.033153, 33.858682], [-118.033033, 33.853698], [-118.03736, 33.85366], [-118.0373, 33.85148], [-118.03729, 33.8508], [-118.028622, 33.850894], [-118.02859, 33.846421], [-118.028588, 33.846323], [-118.028549, 33.844594], [-118.03284, 33.844557], [-118.032804, 33.841822], [-118.037132, 33.841778], [-118.03712, 33.840579], [-118.035062, 33.8406], [-118.034946, 33.83907], [-118.0371, 33.83904], [-118.041465, 33.839012], [-118.041422, 33.835541], [-118.046996, 33.838965], [-118.047212, 33.838962], [-118.049805, 33.838943], [-118.04982, 33.840559], [-118.05892, 33.846196], [-118.054687, 33.846218]]]}}, {"type": "Feature", "properties": {"name": "Woodlake"}, "geometry": {"type": "Polygon", "coordinates": [[[-119.139998, 36.413804], [-119.13977, 36.413805], [-119.116831, 36.413749], [-119.110501, 36.413752], [-119.110529, 36.420994], [-119.1105, 36.427629], [-119.109849, 36.428218], [-119.105538, 36.428222], [-119.1056, 36.431862], [-119.103339, 36.431868], [-119.098938, 36.428244], [-119.098854, 36.428224], [-119.098157, 36.428214], [-119.096571, 36.428219], [-119.096557, 36.424601], [-119.089907, 36.424591], [-119.089942, 36.428135], [-119.085125, 36.428181], [-119.085114, 36.42442], [-119.08678, 36.422789], [-119.080913, 36.422728], [-119.080906, 36.421052], [-119.08582, 36.421028], [-119.085768, 36.415543], [-119.086491, 36.415555], [-119.086503, 36.413699], [-119.086118, 36.413698], [-119.080885, 36.413678], [-119.080935, 36.402455], [-119.085627, 36.403493], [-119.087923, 36.403303], [-119.08986, 36.404075], [-119.09153, 36.403878], [-119.093887, 36.401048], [-119.093911, 36.399266], [-119.095069, 36.398945], [-119.098212, 36.398438], [-119.098874, 36.398161], [-119.10582, 36.396347], [-119.11198, 36.393929], [-119.112735, 36.394846], [-119.112635, 36.399248], [-119.107889, 36.399266], [-119.107868, 36.401981], [-119.10335, 36.402663], [-119.103361, 36.406426], [-119.110188, 36.406389], [-119.11017, 36.403474], [-119.116873, 36.403496], [-119.11683, 36.410214], [-119.120978, 36.410184], [-119.121011, 36.411796], [-119.133095, 36.411707], [-119.134693, 36.411973], [-119.134705, 36.41013], [-119.135521, 36.412929], [-119.139765, 36.413007], [-119.139769, 36.413614], [-119.139984, 36.413607], [-119.139998, 36.413804]]]}}, {"type": "Feature", "properties": {"name": "Willits"}, "geometry": {"type": "MultiPolygon", "coordinates": [[[[-123.303743, 39.371459], [-123.302851, 39.372476], [-123.301847, 39.372635], [-123.299485, 39.371705], [-123.297976, 39.371932], [-123.297968, 39.369703], [-123.305135, 39.369669], [-123.303743, 39.371459]]], [[[-123.364324, 39.399595], [-123.364305, 39.402357], [-123.364248, 39.405476], [-123.364266, 39.405478], [-123.364159, 39.420046], [-123.354898, 39.420177], [-123.354914, 39.421009], [-123.353692, 39.423736], [-123.351068, 39.423822], [-123.350898, 39.420253], [-123.341019, 39.420422], [-123.339401, 39.41438], [-123.34005, 39.412717], [-123.341534, 39.410779], [-123.345673, 39.411147], [-123.345673, 39.409498], [-123.342752, 39.409571], [-123.342713, 39.407869], [-123.342889, 39.405431], [-123.344086, 39.403743], [-123.345282, 39.403748], [-123.345463, 39.4023], [-123.343182, 39.398697], [-123.341742, 39.397689], [-123.341619, 39.396462], [-123.340813, 39.398692], [-123.338426, 39.398711], [-123.338315, 39.39513], [-123.334059, 39.395121], [-123.334083, 39.391405], [-123.334398, 39.386769], [-123.335961, 39.38771], [-123.335789, 39.377573], [-123.336532, 39.377135], [-123.338734, 39.378085], [-123.340416, 39.379367], [-123.339605, 39.379567], [-123.339784, 39.379733], [-123.340102, 39.380791], [-123.340484, 39.381417], [-123.341786, 39.381062], [-123.345245, 39.387751], [-123.351563, 39.387677], [-123.35093, 39.391937], [-123.35031, 39.393228], [-123.350392, 39.393707], [-123.350862, 39.393708], [-123.350872, 39.394002], [-123.35061, 39.394007], [-123.350472, 39.394164], [-123.350092, 39.39468], [-123.349885, 39.397229], [-123.34971, 39.397689], [-123.353628, 39.397625], [-123.353632, 39.398034], [-123.354577, 39.39802], [-123.35492, 39.398501], [-123.364324, 39.398554], [-123.364324, 39.399595]]], [[[-123.374439, 39.455242], [-123.37442, 39.456456], [-123.371841, 39.456367], [-123.371819, 39.449143], [-123.371302, 39.444073], [-123.372173, 39.444006], [-123.373269, 39.443951], [-123.374001, 39.444937], [-123.373519, 39.446623], [-123.373791, 39.449171], [-123.373171, 39.44916], [-123.373268, 39.451163], [-123.374468, 39.451133], [-123.374439, 39.455242]]]]}}, {"type": "Feature", "properties": {"name": "Downey"}, "geometry": {"type": "Polygon", "coordinates": [[[-118.167796, 33.926095], [-118.164155, 33.926475], [-118.162473, 33.929157], [-118.163484, 33.932892], [-118.166085, 33.93537], [-118.162159, 33.942362], [-118.160041, 33.945789], [-118.158477, 33.948456], [-118.15769, 33.951578], [-118.158604, 33.951894], [-118.154131, 33.955553], [-118.139467, 33.963599], [-118.136758, 33.9675], [-118.134328, 33.970381], [-118.12937, 33.970986], [-118.125823, 33.971044], [-118.121284, 33.972968], [-118.115781, 33.967075], [-118.110004, 33.960965], [-118.102595, 33.955839], [-118.098156, 33.952759], [-118.093821, 33.950546], [-118.097753, 33.945321], [-118.098421, 33.943394], [-118.09296, 33.935325], [-118.095607, 33.932052], [-118.104768, 33.932011], [-118.106644, 33.931859], [-118.111611, 33.922077], [-118.110923, 33.913544], [-118.109751, 33.909816], [-118.110181, 33.909812], [-118.116643, 33.909789], [-118.120479, 33.909776], [-118.12536, 33.909769], [-118.13409, 33.909764], [-118.142404, 33.910453], [-118.1429, 33.908647], [-118.142736, 33.90267], [-118.142932, 33.902467], [-118.145874, 33.90379], [-118.146602, 33.90412], [-118.147022, 33.904312], [-118.149325, 33.905388], [-118.15344, 33.907342], [-118.149222, 33.913704], [-118.156237, 33.917044], [-118.161353, 33.91939], [-118.167553, 33.922295], [-118.167796, 33.926095]]]}}, {"type": "Feature", "properties": {"name": "Azusa"}, "geometry": {"type": "MultiPolygon", "coordinates": [[[[-117.943985, 34.138357], [-117.933722, 34.146614], [-117.934566, 34.15365], [-117.942339, 34.154341], [-117.907536, 34.165141], [-117.89881, 34.165105], [-117.890042, 34.160165], [-117.890052, 34.146746], [-117.886629, 34.132784], [-117.881352, 34.128652], [-117.885738, 34.125093], [-117.889993, 34.124135], [-117.889851, 34.124382], [-117.890121, 34.124061], [-117.89014, 34.121946], [-117.884649, 34.121446], [-117.884362, 34.117571], [-117.890229, 34.112009], [-117.8902, 34.114656], [-117.892373, 34.120339], [-117.899375, 34.115096], [-117.901151, 34.11043], [-117.904242, 34.11353], [-117.90541, 34.11011], [-117.90526, 34.107035], [-117.901148, 34.109141], [-117.898946, 34.108785], [-117.890235, 34.110717], [-117.88713, 34.108564], [-117.898936, 34.10679], [-117.909908, 34.106856], [-117.912035, 34.113469], [-117.911087, 34.114263], [-117.916233, 34.114305], [-117.914204, 34.108216], [-117.917653, 34.107066], [-117.916376, 34.114308], [-117.924231, 34.110582], [-117.920985, 34.10701], [-117.927484, 34.110626], [-117.938188, 34.114404], [-117.929366, 34.130651], [-117.933254, 34.141214], [-117.939306, 34.136233], [-117.939697, 34.134739], [-117.943985, 34.138357]]], [[[-117.907604, 34.150565], [-117.904713, 34.150536], [-117.89883, 34.150472], [-117.898822, 34.157799], [-117.907544, 34.157858], [-117.907589, 34.151933], [-117.907604, 34.150565]]]]}}, {"type": "Feature", "properties": {"name": "San Bruno"}, "geometry": {"type": "Polygon", "coordinates": [[[-122.47272, 37.633802], [-122.471408, 37.634514], [-122.468781, 37.638521], [-122.464132, 37.638791], [-122.463268, 37.639151], [-122.448955, 37.635222], [-122.448097, 37.635199], [-122.447003, 37.636668], [-122.443921, 37.63449], [-122.439865, 37.636688], [-122.432695, 37.634549], [-122.418482, 37.642316], [-122.416622, 37.639388], [-122.411577, 37.641231], [-122.406058, 37.635544], [-122.405132, 37.634478], [-122.404918, 37.630955], [-122.403708, 37.62047], [-122.404966, 37.619356], [-122.400163, 37.612646], [-122.400479, 37.611499], [-122.406072, 37.614982], [-122.406302, 37.612633], [-122.407429, 37.607836], [-122.408975, 37.609288], [-122.409266, 37.614052], [-122.415877, 37.610715], [-122.422878, 37.60714], [-122.425448, 37.605747], [-122.426843, 37.604859], [-122.428119, 37.604676], [-122.437473, 37.613674], [-122.445761, 37.622042], [-122.450739, 37.617681], [-122.454171, 37.620128], [-122.454931, 37.621423], [-122.453728, 37.622405], [-122.456188, 37.625365], [-122.455737, 37.627812], [-122.461139, 37.629364], [-122.46741, 37.627204], [-122.471837, 37.631148], [-122.472706, 37.632108], [-122.47272, 37.633802]]]}}, {"type": "Feature", "properties": {"name": "Cerritos"}, "geometry": {"type": "Polygon", "coordinates": [[[-118.108564, 33.886938], [-118.104521, 33.886966], [-118.099887, 33.887402], [-118.095431, 33.880314], [-118.092192, 33.878518], [-118.091086, 33.880326], [-118.087777, 33.87675], [-118.090992, 33.872981], [-118.090991, 33.865684], [-118.089983, 33.861319], [-118.086475, 33.858424], [-118.082092, 33.85604], [-118.082127, 33.859264], [-118.078811, 33.858474], [-118.072288, 33.856969], [-118.070459, 33.853411], [-118.069007, 33.858557], [-118.070178, 33.860339], [-118.070314, 33.869457], [-118.070335, 33.869836], [-118.080043, 33.873054], [-118.079649, 33.876462], [-118.074895, 33.880383], [-118.072825, 33.885833], [-118.068476, 33.887559], [-118.064085, 33.887165], [-118.055383, 33.88765], [-118.038421, 33.887775], [-118.028782, 33.873322], [-118.033707, 33.866036], [-118.037536, 33.862369], [-118.041853, 33.858715], [-118.046173, 33.8578], [-118.050218, 33.853563], [-118.050375, 33.849967], [-118.054687, 33.846218], [-118.05904, 33.846195], [-118.065991, 33.846132], [-118.081981, 33.846006], [-118.086371, 33.849633], [-118.092299, 33.845926], [-118.099211, 33.845876], [-118.101681, 33.853286], [-118.103732, 33.85868], [-118.108429, 33.865587], [-118.106974, 33.872943], [-118.108547, 33.879843], [-118.108564, 33.886938]]]}}, {"type": "Feature", "properties": {"name": "Buellton"}, "geometry": {"type": "Polygon", "coordinates": [[[-120.209067, 34.619541], [-120.20659, 34.624187], [-120.197615, 34.621172], [-120.193538, 34.619394], [-120.192542, 34.621892], [-120.19091, 34.622002], [-120.189638, 34.629032], [-120.188466, 34.628729], [-120.188523, 34.628424], [-120.188333, 34.628343], [-120.183785, 34.626939], [-120.182712, 34.626616], [-120.183049, 34.626564], [-120.183462, 34.626226], [-120.184299, 34.625373], [-120.183983, 34.623308], [-120.186269, 34.621963], [-120.185544, 34.620654], [-120.187778, 34.615874], [-120.183042, 34.613618], [-120.177318, 34.612803], [-120.176392, 34.612129], [-120.176786, 34.611835], [-120.18014, 34.606566], [-120.183818, 34.607278], [-120.190309, 34.606381], [-120.191064, 34.606236], [-120.191014, 34.60655], [-120.190439, 34.60965], [-120.19127, 34.607956], [-120.19361, 34.606924], [-120.193481, 34.606108], [-120.194841, 34.606158], [-120.196352, 34.606593], [-120.204204, 34.608777], [-120.206024, 34.610478], [-120.210396, 34.61717], [-120.209067, 34.619541]]]}}, {"type": "Feature", "properties": {"name": "Coronado"}, "geometry": {"type": "Polygon", "coordinates": [[[-117.226534, 32.69038], [-117.221304, 32.699853], [-117.203761, 32.711953], [-117.19659, 32.715788], [-117.195589, 32.716143], [-117.193063, 32.716073], [-117.191003, 32.71523], [-117.190932, 32.70538], [-117.181276, 32.703714], [-117.180042, 32.702267], [-117.168269, 32.699058], [-117.163921, 32.693635], [-117.163166, 32.693052], [-117.146701, 32.683926], [-117.133264, 32.675952], [-117.131872, 32.66904], [-117.126723, 32.643378], [-117.120062, 32.606893], [-117.116823, 32.605284], [-117.114611, 32.594135], [-117.116992, 32.591415], [-117.118919, 32.591023], [-117.122199, 32.588834], [-117.132442521753, 32.5856249225421], [-117.133617800034, 32.6054314980289], [-117.132458, 32.609262], [-117.136225051535, 32.6187129672212], [-117.137723, 32.624552], [-117.143300188365, 32.6369048607578], [-117.147528, 32.646269], [-117.172069896336, 32.6741727850996], [-117.181041, 32.680885], [-117.193103, 32.686586], [-117.192907, 32.6879], [-117.204388, 32.689804], [-117.211663, 32.68995], [-117.220228, 32.68663], [-117.226179, 32.688994], [-117.226534, 32.69038]]]}}, {"type": "Feature", "properties": {"name": "Foster City"}, "geometry": {"type": "Polygon", "coordinates": [[[-122.288445441126, 37.5754331901364], [-122.284259, 37.575421], [-122.273563, 37.570523], [-122.262868, 37.573914], [-122.262434746532, 37.5736751439632], [-122.251934, 37.567886], [-122.25100426912, 37.566234818915], [-122.24986288109, 37.5642077395051], [-122.249802112781, 37.5640998163576], [-122.247010523982, 37.5591420175825], [-122.243962966831, 37.5537296247832], [-122.244071, 37.553596], [-122.249364, 37.549193], [-122.250724, 37.548194], [-122.252371, 37.544505], [-122.251933, 37.540409], [-122.256847, 37.540493], [-122.258462, 37.541183], [-122.259625, 37.540376], [-122.260429, 37.539677], [-122.260219, 37.534515], [-122.261373, 37.533401], [-122.264577, 37.534114], [-122.264999, 37.534388], [-122.265697, 37.534076], [-122.276664, 37.534223], [-122.278833, 37.536404], [-122.278735, 37.536844], [-122.277321, 37.538288], [-122.276478, 37.540403], [-122.277139, 37.544156], [-122.278977, 37.545651], [-122.280208, 37.54847], [-122.283552, 37.548271], [-122.284486, 37.550465], [-122.282008, 37.551459], [-122.281959, 37.553338], [-122.283908, 37.554131], [-122.282623, 37.554444], [-122.282159, 37.554968], [-122.280225, 37.555942], [-122.279227, 37.556127], [-122.279413, 37.559671], [-122.279432, 37.56214], [-122.279405, 37.564423], [-122.28446, 37.564866], [-122.284475, 37.57062], [-122.288366, 37.570554], [-122.288445441126, 37.5754331901364]]]}}, {"type": "Feature", "properties": {"name": "La Verne"}, "geometry": {"type": "Polygon", "coordinates": [[[-117.801434, 34.101226], [-117.796588, 34.10269], [-117.791163, 34.103018], [-117.794063, 34.106662], [-117.789246, 34.110226], [-117.785593, 34.109315], [-117.784924, 34.111073], [-117.785529, 34.113666], [-117.789662, 34.117547], [-117.791862, 34.119442], [-117.789807, 34.121575], [-117.79296, 34.122269], [-117.794174, 34.123881], [-117.791271, 34.127], [-117.783225, 34.13302], [-117.776737, 34.13971], [-117.772254, 34.142914], [-117.776396, 34.145296], [-117.774463, 34.149407], [-117.767722, 34.150808], [-117.759093, 34.158093], [-117.75473, 34.165366], [-117.750362, 34.158167], [-117.75033, 34.151257], [-117.753411, 34.150313], [-117.755695, 34.145647], [-117.754206, 34.143606], [-117.751452, 34.142847], [-117.750157, 34.141779], [-117.748962, 34.141097], [-117.747752, 34.137433], [-117.748856, 34.132193], [-117.750536, 34.129016], [-117.759412, 34.121659], [-117.754842, 34.119916], [-117.750769, 34.120674], [-117.750614, 34.10851], [-117.756126, 34.10342], [-117.756119, 34.097923], [-117.756134, 34.089966], [-117.76439, 34.089725], [-117.765081, 34.091219], [-117.76998, 34.095698], [-117.77681, 34.086166], [-117.784038, 34.089071], [-117.786615, 34.09047], [-117.794706, 34.092179], [-117.792674, 34.093855], [-117.79063, 34.095974], [-117.796511, 34.097458], [-117.797442, 34.099865], [-117.801434, 34.101226]]]}}, {"type": "Feature", "properties": {"name": "Sierra Madre"}, "geometry": {"type": "Polygon", "coordinates": [[[-118.068201, 34.17295], [-118.065621, 34.172388], [-118.065634, 34.175104], [-118.065655, 34.179334], [-118.048127, 34.17932], [-118.030139, 34.179402], [-118.030412, 34.171097], [-118.03003, 34.170754], [-118.029668, 34.166854], [-118.031939, 34.16693], [-118.033148, 34.166921], [-118.038473, 34.166881], [-118.038412, 34.157259], [-118.041041, 34.157225], [-118.052977, 34.157066], [-118.056547, 34.157016], [-118.064659, 34.156882], [-118.067958, 34.156821], [-118.068039, 34.161796], [-118.068113, 34.166692], [-118.068201, 34.17295]]]}}, {"type": "Feature", "properties": {"name": "Mission Viejo"}, "geometry": {"type": "Polygon", "coordinates": [[[-117.695724, 33.613389], [-117.68853, 33.61954], [-117.68653, 33.62184], [-117.680358, 33.627089], [-117.672109, 33.634495], [-117.66355, 33.64076], [-117.660642, 33.644035], [-117.653189, 33.656355], [-117.647392, 33.658764], [-117.642106, 33.660789], [-117.638832, 33.662686], [-117.634903, 33.664827], [-117.625252, 33.671471], [-117.619615, 33.672797], [-117.624933, 33.669842], [-117.624925, 33.654733], [-117.62492, 33.645156], [-117.628186, 33.639967], [-117.626561, 33.63208], [-117.626903, 33.622244], [-117.627754, 33.612405], [-117.634095, 33.59972], [-117.637151, 33.596667], [-117.638447, 33.588913], [-117.641955, 33.582975], [-117.640665, 33.58046], [-117.643073, 33.577176], [-117.651194, 33.569467], [-117.65449, 33.562858], [-117.659017, 33.55605], [-117.658992, 33.533833], [-117.67296, 33.54239], [-117.674132, 33.543135], [-117.6736, 33.547269], [-117.673278, 33.555051], [-117.672538, 33.567153], [-117.674015, 33.568544], [-117.676399, 33.578026], [-117.67337, 33.58024], [-117.676438, 33.597921], [-117.685515, 33.601723], [-117.69041, 33.60439], [-117.6945, 33.606985], [-117.695724, 33.613389]]]}}, {"type": "Feature", "properties": {"name": "Lynwood"}, "geometry": {"type": "Polygon", "coordinates": [[[-118.230324, 33.929001], [-118.225581, 33.929389], [-118.226003, 33.93217], [-118.226772, 33.937096], [-118.228753, 33.938874], [-118.227476, 33.943091], [-118.223022, 33.939757], [-118.221708, 33.937702], [-118.215378, 33.937039], [-118.214548, 33.938865], [-118.216549, 33.944981], [-118.213605, 33.94509], [-118.213618, 33.941593], [-118.213787, 33.940172], [-118.210315, 33.937013], [-118.207256, 33.9367], [-118.198487, 33.935888], [-118.192549, 33.935438], [-118.187627, 33.93489], [-118.182331, 33.934442], [-118.181966, 33.933181], [-118.180799, 33.930944], [-118.176825, 33.930675], [-118.178685, 33.91871], [-118.179689, 33.912264], [-118.185125, 33.904835], [-118.186257, 33.904797], [-118.187048, 33.90537], [-118.189315, 33.90734], [-118.19359, 33.906133], [-118.195792, 33.906331], [-118.195022, 33.911243], [-118.196993, 33.906452], [-118.198425, 33.91057], [-118.205812, 33.912674], [-118.208971, 33.911414], [-118.211115, 33.912167], [-118.213914, 33.912645], [-118.217363, 33.915002], [-118.218342, 33.921263], [-118.22444, 33.9223], [-118.228805, 33.922685], [-118.230324, 33.929001]]]}}, {"type": "Feature", "properties": {"name": "West Hollywood"}, "geometry": {"type": "Polygon", "coordinates": [[[-118.395844, 34.091055], [-118.38553, 34.093203], [-118.38446, 34.093587], [-118.381183, 34.093323], [-118.379881, 34.092683], [-118.377385, 34.094212], [-118.368961, 34.09781], [-118.365946, 34.097119], [-118.361541, 34.094535], [-118.358166, 34.094431], [-118.354998, 34.094409], [-118.351728, 34.094385], [-118.347906, 34.094356], [-118.344086, 34.094327], [-118.34338, 34.090699], [-118.344059, 34.088893], [-118.352802, 34.088962], [-118.353233, 34.087132], [-118.357395, 34.087166], [-118.362712, 34.088787], [-118.366961, 34.087133], [-118.370233, 34.087084], [-118.372485, 34.085438], [-118.372498, 34.090256], [-118.373272, 34.090052], [-118.376951, 34.08863], [-118.377033, 34.08304], [-118.370294, 34.080169], [-118.374202, 34.082019], [-118.377248, 34.080207], [-118.378802, 34.07639], [-118.380483, 34.076688], [-118.387724, 34.076471], [-118.389727, 34.080881], [-118.389762, 34.084872], [-118.389755, 34.088495], [-118.395844, 34.091055]]]}}, {"type": "Feature", "properties": {"name": "Riverbank"}, "geometry": {"type": "Polygon", "coordinates": [[[-120.968719, 37.732714], [-120.962316, 37.732683], [-120.963293, 37.735143], [-120.963326, 37.737995], [-120.959985, 37.738343], [-120.958761, 37.73763], [-120.956736, 37.737065], [-120.95628, 37.737572], [-120.956278, 37.737451], [-120.955812, 37.739264], [-120.95416, 37.738445], [-120.947959, 37.740494], [-120.944445, 37.742128], [-120.941987, 37.742293], [-120.939081, 37.741961], [-120.933006, 37.739498], [-120.926807, 37.738581], [-120.926274, 37.736016], [-120.926832, 37.735026], [-120.92217, 37.735055], [-120.92223, 37.735996], [-120.913265, 37.735969], [-120.913019, 37.729058], [-120.917521, 37.729039], [-120.917493, 37.725417], [-120.922006, 37.725401], [-120.921959, 37.722783], [-120.918191, 37.722769], [-120.916974, 37.722748], [-120.916925, 37.710914], [-120.921854, 37.710892], [-120.921936, 37.72096], [-120.927666, 37.720726], [-120.927641, 37.719064], [-120.931083, 37.719073], [-120.933633, 37.72412], [-120.934487, 37.727487], [-120.936407, 37.727018], [-120.93269, 37.718174], [-120.937864, 37.718184], [-120.939034, 37.716328], [-120.938669, 37.713799], [-120.93628, 37.711884], [-120.932646, 37.710913], [-120.940059, 37.710924], [-120.947371, 37.710378], [-120.948444, 37.710504], [-120.949274, 37.710746], [-120.950468, 37.71096], [-120.958357, 37.710956], [-120.967521, 37.710993], [-120.967641, 37.73223], [-120.968719, 37.732714]]]}}, {"type": "Feature", "properties": {"name": "Hollister"}, "geometry": {"type": "MultiPolygon", "coordinates": [[[[-121.434059, 36.849994], [-121.430792, 36.851478], [-121.431643, 36.857851], [-121.420764, 36.8574], [-121.409608, 36.856915], [-121.404858, 36.860129], [-121.401586, 36.863049], [-121.407322, 36.86962], [-121.405101, 36.869531], [-121.40451, 36.879505], [-121.412239, 36.882015], [-121.409919, 36.890945], [-121.412365, 36.8979], [-121.401484, 36.894728], [-121.393844, 36.893705], [-121.391713, 36.889471], [-121.395146, 36.882813], [-121.395526, 36.876773], [-121.399315, 36.868253], [-121.400524, 36.864952], [-121.391693, 36.863941], [-121.390737, 36.8562], [-121.37694, 36.855664], [-121.374557, 36.844311], [-121.372136, 36.838558], [-121.363626, 36.846562], [-121.370999, 36.834862], [-121.363587, 36.824335], [-121.370945, 36.819544], [-121.377649, 36.829554], [-121.386739, 36.831444], [-121.400385, 36.83334], [-121.407043, 36.830885], [-121.411895, 36.839165], [-121.418038, 36.844519], [-121.425723, 36.845878], [-121.434059, 36.849994]]], [[[-121.410484, 36.844475], [-121.407901, 36.844405], [-121.407879, 36.845068], [-121.408522, 36.845076], [-121.408537, 36.845546], [-121.410476, 36.845558], [-121.410484, 36.844475]]], [[[-121.393402, 36.889254], [-121.392621, 36.889707], [-121.392858, 36.891881], [-121.393381, 36.89172], [-121.393804, 36.891577], [-121.393402, 36.889254]]], [[[-121.382443, 36.834928], [-121.381346, 36.834902], [-121.381172, 36.834915], [-121.381185, 36.835494], [-121.381891, 36.835502], [-121.381864, 36.8352], [-121.382248, 36.83517], [-121.382237, 36.835488], [-121.382477, 36.835483], [-121.382443, 36.834928]]], [[[-121.381735, 36.843853], [-121.379987, 36.844014], [-121.379836, 36.847305], [-121.378299, 36.847301], [-121.378593, 36.847314], [-121.3787, 36.849252], [-121.381083, 36.848683], [-121.381146, 36.847406], [-121.381027, 36.847399], [-121.381735, 36.843853]]], [[[-121.379022, 36.839477], [-121.378603, 36.838813], [-121.377816, 36.83878], [-121.377624, 36.841901], [-121.378397, 36.842307], [-121.377511, 36.844099], [-121.37892, 36.843744], [-121.379022, 36.839477]]], [[[-121.451072, 36.852413], [-121.44776, 36.85775], [-121.443145, 36.857079], [-121.443426, 36.856622], [-121.438217, 36.853882], [-121.439274, 36.852529], [-121.443706, 36.85369], [-121.443759, 36.85228], [-121.445947, 36.852607], [-121.447495, 36.852494], [-121.44885, 36.852086], [-121.450709, 36.852028], [-121.451072, 36.852413]]]]}}, {"type": "Feature", "properties": {"name": "Beverly Hills"}, "geometry": {"type": "Polygon", "coordinates": [[[-118.427041, 34.090631], [-118.423979, 34.090462], [-118.423075, 34.090562], [-118.420426, 34.094266], [-118.413077, 34.093415], [-118.411969, 34.092479], [-118.408641, 34.097147], [-118.40532, 34.0963], [-118.402345, 34.093661], [-118.401791, 34.094142], [-118.401444, 34.093885], [-118.401038, 34.108744], [-118.396584, 34.112414], [-118.391315, 34.107417], [-118.392084, 34.099054], [-118.396506, 34.096182], [-118.395846, 34.090586], [-118.389762, 34.084872], [-118.389733, 34.07649], [-118.390704, 34.072083], [-118.383764, 34.072122], [-118.376182, 34.069336], [-118.372258, 34.064245], [-118.377268, 34.059522], [-118.383534, 34.062937], [-118.387783, 34.057091], [-118.393862, 34.057089], [-118.39908, 34.057096], [-118.403455, 34.057023], [-118.405922, 34.057104], [-118.405562, 34.054141], [-118.406323, 34.053081], [-118.412204, 34.060101], [-118.416319, 34.067079], [-118.419642, 34.072652], [-118.422546, 34.075273], [-118.423049, 34.077242], [-118.422778, 34.083093], [-118.426968, 34.083614], [-118.427041, 34.090631]]]}}, {"type": "Feature", "properties": {"name": "Bakersfield"}, "geometry": {"type": "MultiPolygon", "coordinates": [[[[-118.967595, 35.208623], [-118.949969, 35.208654], [-118.94991, 35.193979], [-118.967614, 35.194043], [-118.967595, 35.208623]]], [[[-118.967673, 35.237781], [-118.950006, 35.237814], [-118.950014, 35.230321], [-118.94541, 35.230331], [-118.945412, 35.228439], [-118.939649, 35.228469], [-118.939552, 35.223165], [-118.932206, 35.223243], [-118.932173, 35.208682], [-118.949969, 35.208654], [-118.950022, 35.223146], [-118.96768, 35.223345], [-118.967673, 35.237781]]], [[[-118.979591, 35.252329], [-118.967623, 35.252383], [-118.967673, 35.237781], [-118.978384, 35.237768], [-118.979931, 35.246939], [-118.979591, 35.252329]]], [[[-119.265315, 35.303535], [-119.185305, 35.339854], [-119.152175, 35.358159], [-119.163468, 35.370032], [-119.147735, 35.385766], [-119.119075, 35.370709], [-119.114413, 35.383478], [-119.136685, 35.39091], [-119.160498, 35.401754], [-119.146058, 35.428549], [-119.110064, 35.431598], [-119.074559, 35.405112], [-119.067954, 35.390537], [-119.090819, 35.383406], [-119.069924, 35.382142], [-119.048094, 35.406693], [-119.012086, 35.409484], [-118.974241, 35.427057], [-118.944925, 35.423627], [-118.901092, 35.435459], [-118.817049, 35.442192], [-118.843258, 35.39834], [-118.891957, 35.365392], [-118.924771, 35.383389], [-118.949565, 35.391764], [-118.971638, 35.385508], [-118.985318, 35.404789], [-118.98989, 35.39036], [-118.976337, 35.372985], [-118.95865, 35.359209], [-118.940918, 35.347025], [-118.962977, 35.281441], [-119.003066, 35.278896], [-119.028476, 35.266852], [-119.038995, 35.256153], [-119.076971, 35.267082], [-119.245823, 35.305041], [-119.265315, 35.303535]]], [[[-119.197505, 35.319922], [-119.196863, 35.318779], [-119.190063, 35.312858], [-119.189737, 35.313186], [-119.187093, 35.311632], [-119.185162, 35.311064], [-119.183422, 35.310848], [-119.163426, 35.310867], [-119.163438, 35.320367], [-119.164934, 35.322219], [-119.173114, 35.336151], [-119.176518, 35.336174], [-119.176564, 35.332516], [-119.180962, 35.332521], [-119.181074, 35.323894], [-119.187402, 35.321585], [-119.196961, 35.320218], [-119.197505, 35.319922]]], [[[-119.143731, 35.426986], [-119.136574, 35.426981], [-119.127714, 35.426973], [-119.127679, 35.428472], [-119.128858, 35.429644], [-119.129622, 35.42986], [-119.136728, 35.429866], [-119.13677, 35.430608], [-119.140957, 35.43061], [-119.140948, 35.42922], [-119.143733, 35.429201], [-119.143731, 35.426986]]], [[[-119.130168, 35.369091], [-119.128069, 35.369061], [-119.128099, 35.370742], [-119.130157, 35.370744], [-119.130168, 35.369091]]], [[[-119.128202, 35.289089], [-119.123399, 35.289085], [-119.12339, 35.292618], [-119.128173, 35.292618], [-119.128202, 35.289089]]], [[[-119.127932, 35.374363], [-119.125746, 35.374361], [-119.125739, 35.375858], [-119.127927, 35.37586], [-119.127932, 35.374363]]], [[[-119.123482, 35.427102], [-119.121479, 35.427116], [-119.121459, 35.430657], [-119.123439, 35.430639], [-119.123482, 35.427102]]], [[[-119.109947, 35.434353], [-119.101081, 35.434302], [-119.101103, 35.437929], [-119.109928, 35.437984], [-119.109947, 35.434353]]], [[[-119.106168, 35.294784], [-119.105224, 35.294797], [-119.105258, 35.292546], [-119.101177, 35.29255], [-119.101166, 35.294375], [-119.096618, 35.294383], [-119.096607, 35.296148], [-119.106136, 35.296168], [-119.106168, 35.294784]]], [[[-119.088865, 35.343611], [-119.084469, 35.343092], [-119.083938, 35.342013], [-119.074992, 35.343726], [-119.074476, 35.343901], [-119.074261, 35.344836], [-119.073839, 35.347507], [-119.073803, 35.354149], [-119.075647, 35.35417], [-119.079026, 35.354182], [-119.083363, 35.347163], [-119.084206, 35.34544], [-119.08968, 35.345977], [-119.088865, 35.343611]]], [[[-119.0633, 35.267024], [-119.061087, 35.267014], [-119.061092, 35.270635], [-119.063307, 35.270645], [-119.0633, 35.267024]]], [[[-119.056732, 35.346885], [-119.056263, 35.347364], [-119.055938, 35.347799], [-119.05563, 35.346875], [-119.052263, 35.346845], [-119.048725, 35.344517], [-119.049345, 35.343191], [-119.047919, 35.340097], [-119.04023, 35.340796], [-119.039743, 35.341399], [-119.038958, 35.343091], [-119.036464, 35.341815], [-119.036325, 35.343091], [-119.033992, 35.340768], [-119.027852, 35.339959], [-119.025638, 35.341265], [-119.023408, 35.340355], [-119.021195, 35.339594], [-119.02119, 35.345879], [-119.02119, 35.346701], [-119.0234, 35.350333], [-119.025615, 35.351247], [-119.030043, 35.352047], [-119.030136, 35.353726], [-119.035591, 35.352778], [-119.036836, 35.349996], [-119.039704, 35.348612], [-119.041645, 35.350785], [-119.043394, 35.35206], [-119.045059, 35.354166], [-119.047835, 35.354179], [-119.052275, 35.354199], [-119.054071, 35.353544], [-119.056705, 35.350161], [-119.056227, 35.350042], [-119.056704, 35.349904], [-119.056732, 35.346885]]], [[[-119.020906, 35.335814], [-119.020765, 35.332302], [-119.015199, 35.332306], [-119.014462, 35.33311], [-119.011962, 35.332191], [-119.014218, 35.332107], [-119.012624, 35.329683], [-119.009993, 35.332194], [-119.003026, 35.3322], [-119.003018, 35.339458], [-119.011873, 35.339453], [-119.015195, 35.33945], [-119.020913, 35.339445], [-119.020906, 35.335814]]], [[[-119.009743, 35.31404], [-119.007335, 35.314042], [-119.007337, 35.312227], [-119.003239, 35.312232], [-119.005258, 35.311818], [-119.005268, 35.310415], [-119.003048, 35.310418], [-119.003049, 35.3086], [-119.003054, 35.303155], [-119.003057, 35.299549], [-118.996447, 35.299549], [-118.994229, 35.29881], [-118.994229, 35.299548], [-118.991042, 35.299548], [-118.991532, 35.303047], [-118.990945, 35.306793], [-118.990345, 35.308843], [-118.990123, 35.310426], [-118.991927, 35.310425], [-118.993553, 35.311075], [-118.99428, 35.311824], [-118.994242, 35.310424], [-118.998645, 35.310421], [-118.998643, 35.314051], [-119.002851, 35.314049], [-119.002849, 35.31541], [-119.000843, 35.315386], [-119.000857, 35.31671], [-119.002848, 35.316716], [-119.003039, 35.318938], [-119.005254, 35.319944], [-119.005955, 35.317675], [-119.006361, 35.317521], [-119.00636, 35.315857], [-119.007466, 35.315856], [-119.007467, 35.31712], [-119.006797, 35.317122], [-119.006797, 35.317521], [-119.007467, 35.317673], [-119.007467, 35.319766], [-119.008487, 35.319766], [-119.008488, 35.317672], [-119.009743, 35.31404]]], [[[-119.004337, 35.325655], [-119.003032, 35.325021], [-119.003026, 35.331804], [-119.00915, 35.331704], [-119.004337, 35.325655]]], [[[-118.994215, 35.285011], [-118.992002, 35.285015], [-118.991999, 35.281466], [-118.985425, 35.281477], [-118.98537, 35.288618], [-118.975388, 35.288686], [-118.975392, 35.292009], [-118.967545, 35.292039], [-118.967545, 35.292348], [-118.980937, 35.2923], [-118.980958, 35.295933], [-118.98538, 35.295916], [-118.985375, 35.292297], [-118.990825, 35.292289], [-118.989933, 35.288698], [-118.994217, 35.288643], [-118.994215, 35.285011]]], [[[-118.985428, 35.310429], [-118.985391, 35.299546], [-118.97651, 35.29958], [-118.976534, 35.310484], [-118.98096, 35.310531], [-118.980988, 35.31408], [-118.985433, 35.314056], [-118.985428, 35.310429]]], [[[-119.003018, 35.339458], [-118.994249, 35.339463], [-118.989815, 35.339465], [-118.985482, 35.339466], [-118.985474, 35.340002], [-118.984306, 35.339473], [-118.981027, 35.339496], [-118.980941, 35.34672], [-118.976481, 35.346774], [-118.976459, 35.348589], [-118.982001, 35.348504], [-118.981398, 35.34672], [-118.985094, 35.346719], [-118.98515, 35.350347], [-118.985123, 35.351584], [-118.989262, 35.352228], [-118.99314, 35.348508], [-118.994184, 35.347517], [-118.994942, 35.346794], [-118.994192, 35.346796], [-118.994193, 35.346715], [-118.986959, 35.346718], [-118.986996, 35.344442], [-118.98541, 35.344443], [-118.985413, 35.344224], [-118.987021, 35.343079], [-118.99047, 35.342657], [-118.991503, 35.343084], [-118.992043, 35.343454], [-118.994201, 35.345562], [-118.999248, 35.347686], [-119.003007, 35.347558], [-119.003008, 35.346713], [-119.007407, 35.34671], [-119.007463, 35.343088], [-119.003013, 35.343086], [-119.003018, 35.339458]]]]}}, {"type": "Feature", "properties": {"name": "Alhambra"}, "geometry": {"type": "Polygon", "coordinates": [[[-118.165293, 34.062298], [-118.162467, 34.069688], [-118.161717, 34.071793], [-118.161761, 34.074635], [-118.16052, 34.078478], [-118.160524, 34.086348], [-118.160582, 34.090337], [-118.159526, 34.094277], [-118.155652, 34.097156], [-118.15529, 34.098672], [-118.141784, 34.098765], [-118.134694, 34.104085], [-118.135296, 34.10645], [-118.132828, 34.107937], [-118.121723, 34.104976], [-118.11618, 34.107666], [-118.115488, 34.10611], [-118.115125, 34.105696], [-118.114775, 34.104282], [-118.112937, 34.100351], [-118.113305, 34.097558], [-118.112912, 34.095338], [-118.112707, 34.093873], [-118.108372, 34.091622], [-118.1083, 34.081173], [-118.108272, 34.077022], [-118.108189, 34.071654], [-118.113006, 34.069824], [-118.116831, 34.06979], [-118.127614, 34.069768], [-118.135707, 34.069741], [-118.134988, 34.063284], [-118.139747, 34.062421], [-118.14392, 34.060228], [-118.148101, 34.061522], [-118.162866, 34.062287], [-118.165293, 34.062298]]]}}, {"type": "Feature", "properties": {"name": "Yuba City"}, "geometry": {"type": "Polygon", "coordinates": [[[-121.688836, 39.148829], [-121.674104, 39.160927], [-121.667148, 39.154594], [-121.664698, 39.14855], [-121.657865, 39.147268], [-121.655888, 39.152426], [-121.655915, 39.161119], [-121.6502, 39.170772], [-121.632403, 39.178191], [-121.622692, 39.167976], [-121.610746, 39.158801], [-121.605507, 39.148459], [-121.60407, 39.137034], [-121.60343, 39.13102], [-121.606318, 39.114511], [-121.606185, 39.101601], [-121.601719, 39.091453], [-121.613285, 39.092233], [-121.627679, 39.092821], [-121.627845, 39.087175], [-121.634664, 39.087135], [-121.634531, 39.098305], [-121.624924, 39.101177], [-121.625003, 39.105158], [-121.625013, 39.108183], [-121.632177, 39.110384], [-121.632099, 39.114568], [-121.627475, 39.124269], [-121.634551, 39.127324], [-121.640086, 39.119693], [-121.636423, 39.112733], [-121.639818, 39.102335], [-121.671651, 39.105373], [-121.653273, 39.112691], [-121.653272, 39.119958], [-121.662499, 39.1272], [-121.678795, 39.134312], [-121.677792, 39.141332], [-121.686113, 39.144587], [-121.688836, 39.148829]]]}}, {"type": "Feature", "properties": {"name": "Rancho Mirage"}, "geometry": {"type": "MultiPolygon", "coordinates": [[[[-116.477802, 33.758139], [-116.475516, 33.760011], [-116.476074, 33.75609], [-116.47316, 33.760038], [-116.472804, 33.76303], [-116.46513, 33.769504], [-116.463688, 33.769489], [-116.46175, 33.772513], [-116.458296, 33.77252], [-116.453934, 33.77636], [-116.443093, 33.773514], [-116.440831, 33.779715], [-116.440769, 33.787003], [-116.449401, 33.794229], [-116.449343, 33.801472], [-116.44065, 33.815993], [-116.440824, 33.826859], [-116.436402, 33.823279], [-116.431933, 33.816112], [-116.423241, 33.82556], [-116.405758, 33.815388], [-116.396855, 33.801823], [-116.388156, 33.787243], [-116.390788, 33.772567], [-116.391158, 33.757904], [-116.391202, 33.746935], [-116.391186, 33.73605], [-116.391462, 33.734251], [-116.395597, 33.732507], [-116.405385, 33.732196], [-116.408148, 33.732986], [-116.425505, 33.714138], [-116.460053, 33.714079], [-116.460659, 33.742731], [-116.477804, 33.742689], [-116.477924, 33.757493], [-116.477802, 33.758139]]], [[[-116.423306, 33.816218], [-116.423014, 33.812588], [-116.416835, 33.812544], [-116.410451, 33.807542], [-116.410278, 33.801725], [-116.405963, 33.801748], [-116.405945, 33.805752], [-116.406596, 33.808298], [-116.410418, 33.814482], [-116.41051, 33.81633], [-116.422989, 33.816219], [-116.423306, 33.816218]]]]}}, {"type": "Feature", "properties": {"name": "Oxnard"}, "geometry": {"type": "MultiPolygon", "coordinates": [[[[-119.266063897106, 34.2360635968191], [-119.259249, 34.222098], [-119.2503, 34.212181], [-119.239819, 34.203987], [-119.225395, 34.203124], [-119.195332, 34.202881], [-119.207166, 34.216898], [-119.217275, 34.230559], [-119.196565, 34.235306], [-119.18739, 34.241457], [-119.167466, 34.253984], [-119.167562, 34.234754], [-119.163248, 34.229949], [-119.157896, 34.22814], [-119.144849, 34.227177], [-119.138978, 34.223624], [-119.126968, 34.223115], [-119.120138, 34.217504], [-119.14229, 34.19683], [-119.14829, 34.182404], [-119.143434, 34.165752], [-119.140021, 34.16623], [-119.144473, 34.159173], [-119.166442, 34.153757], [-119.166761, 34.13282], [-119.156211, 34.123117], [-119.153579, 34.127273], [-119.17815862301, 34.1320316245431], [-119.18624, 34.147469], [-119.186373, 34.165231], [-119.195091, 34.172769], [-119.204449, 34.18118], [-119.221454, 34.175863], [-119.224184, 34.158251], [-119.224094, 34.168457], [-119.226428, 34.175272], [-119.225313, 34.163066], [-119.227305, 34.163478], [-119.234964, 34.17597], [-119.257043, 34.213304], [-119.266063897106, 34.2360635968191]]], [[[-119.235884, 34.194947], [-119.235389, 34.191813], [-119.234938, 34.19046], [-119.234061, 34.190454], [-119.228154, 34.190341], [-119.221225, 34.190347], [-119.22118, 34.194372], [-119.221165, 34.19699], [-119.236536, 34.197104], [-119.235884, 34.194947]]], [[[-119.220708, 34.200871], [-119.214525, 34.200813], [-119.214528, 34.201668], [-119.216834, 34.202082], [-119.220717, 34.202078], [-119.220708, 34.200871]]]]}}, {"type": "Feature", "properties": {"name": "Port Hueneme"}, "geometry": {"type": "Polygon", "coordinates": [[[-119.221454, 34.175863], [-119.221339, 34.181297], [-119.217273, 34.181278], [-119.210928, 34.181239], [-119.20831, 34.181219], [-119.204449, 34.18118], [-119.204334, 34.180792], [-119.195085, 34.180728], [-119.195056, 34.175621], [-119.195082, 34.173507], [-119.195091, 34.172769], [-119.195119, 34.17063], [-119.189206, 34.17022], [-119.189235, 34.168053], [-119.186414, 34.168044], [-119.186373, 34.165231], [-119.186417, 34.161031], [-119.186028, 34.161055], [-119.186488, 34.154731], [-119.186539, 34.151564], [-119.18624, 34.147469], [-119.18627, 34.143161], [-119.186515, 34.142711], [-119.189252196891, 34.1392372126139], [-119.20314, 34.144505], [-119.211241, 34.144905], [-119.215991567498, 34.1460012848073], [-119.216061735955, 34.1460174775281], [-119.215801, 34.147268], [-119.212997, 34.14894], [-119.220712, 34.156817], [-119.215995, 34.156854], [-119.221441, 34.161329], [-119.221441, 34.161404], [-119.221454, 34.175863]]]}}, {"type": "Feature", "properties": {"name": "Tustin"}, "geometry": {"type": "MultiPolygon", "coordinates": [[[[-117.783032, 33.752464], [-117.782799, 33.752158], [-117.78303, 33.75186], [-117.783492, 33.752193], [-117.783032, 33.752464]]], [[[-117.79747, 33.768705], [-117.796598, 33.769721], [-117.796062, 33.769404], [-117.79695, 33.768419], [-117.79715, 33.76854], [-117.797216, 33.768568], [-117.79731, 33.76861], [-117.797408, 33.768649], [-117.79747, 33.768705]]], [[[-117.805403, 33.777961], [-117.80426, 33.777967], [-117.805456, 33.777453], [-117.805403, 33.777961]]], [[[-117.809048, 33.759423], [-117.808523, 33.759378], [-117.80852, 33.758979], [-117.808814, 33.758947], [-117.809046, 33.759141], [-117.809047, 33.759358], [-117.809048, 33.759423]]], [[[-117.819587, 33.766378], [-117.819406, 33.766384], [-117.819407, 33.766237], [-117.819526, 33.76623], [-117.819529, 33.766306], [-117.819587, 33.766378]]], [[[-117.827603, 33.770843], [-117.827049, 33.770836], [-117.827049, 33.770741], [-117.827603, 33.770741], [-117.827603, 33.770843]]], [[[-117.84465, 33.71555], [-117.83353, 33.73384], [-117.84219, 33.738823], [-117.840335, 33.742001], [-117.834969, 33.746302], [-117.832232, 33.74828], [-117.831444, 33.759862], [-117.831134, 33.773063], [-117.829827, 33.767149], [-117.822716, 33.76349], [-117.820283, 33.75807], [-117.81869, 33.752287], [-117.81432, 33.75355], [-117.813315, 33.750874], [-117.811295, 33.75158], [-117.810565, 33.751766], [-117.808375, 33.753057], [-117.80628, 33.75404], [-117.806218, 33.748424], [-117.80355, 33.741299], [-117.80242, 33.73524], [-117.786211, 33.748644], [-117.777995, 33.754049], [-117.775101, 33.759812], [-117.77435, 33.76311], [-117.764421, 33.773304], [-117.758542, 33.773606], [-117.761017, 33.761936], [-117.767513, 33.747677], [-117.77933, 33.735573], [-117.786926, 33.730409], [-117.794985, 33.719687], [-117.80355, 33.71297], [-117.801397, 33.702206], [-117.813733, 33.694981], [-117.816223, 33.698349], [-117.826565, 33.694052], [-117.843253, 33.705584], [-117.84465, 33.71555]]]]}}, {"type": "Feature", "properties": {"name": "Pico Rivera"}, "geometry": {"type": "Polygon", "coordinates": [[[-118.122811, 33.974409], [-118.119972, 33.975491], [-118.115765, 33.983418], [-118.114334, 33.988921], [-118.109779, 33.993807], [-118.103724, 33.999011], [-118.096555, 34.004129], [-118.096201, 34.007662], [-118.092119, 34.012961], [-118.085787, 34.018785], [-118.078797, 34.01697], [-118.077111, 34.018378], [-118.069377, 34.020999], [-118.061166, 34.020818], [-118.056706, 34.021543], [-118.054224, 34.022229], [-118.051269, 34.026368], [-118.040716, 34.025323], [-118.044915, 34.020639], [-118.046853, 34.019591], [-118.050197, 34.016213], [-118.055041, 34.015979], [-118.057504, 34.016403], [-118.056704, 34.01334], [-118.062286, 34.012212], [-118.061691, 34.00735], [-118.059396, 34.008], [-118.067041, 34.001071], [-118.06901, 34.000807], [-118.069886, 33.99872], [-118.070072, 33.995192], [-118.071272, 33.9948], [-118.073102, 33.991981], [-118.075182, 33.985165], [-118.077604, 33.982181], [-118.082675, 33.975324], [-118.088846, 33.967051], [-118.088827, 33.966758], [-118.087308, 33.963186], [-118.086689, 33.960275], [-118.090532, 33.953503], [-118.09323, 33.950305], [-118.093821, 33.950546], [-118.098156, 33.952759], [-118.102595, 33.955839], [-118.110004, 33.960965], [-118.115781, 33.967075], [-118.121284, 33.972968], [-118.122376, 33.974016], [-118.122811, 33.974409]]]}}, {"type": "Feature", "properties": {"name": "Temple City"}, "geometry": {"type": "Polygon", "coordinates": [[[-118.081378, 34.113513], [-118.080364, 34.11352], [-118.079845, 34.113777], [-118.079625, 34.113949], [-118.073717, 34.113549], [-118.072912, 34.11846], [-118.068065, 34.120487], [-118.063749, 34.120996], [-118.056576, 34.118337], [-118.054437, 34.113663], [-118.052778, 34.106888], [-118.051534, 34.104304], [-118.045445, 34.105199], [-118.038009, 34.105285], [-118.034795, 34.106669], [-118.030768, 34.107182], [-118.030248, 34.105651], [-118.029756, 34.103369], [-118.029652, 34.10286], [-118.032691, 34.096475], [-118.035531, 34.093461], [-118.037013, 34.092432], [-118.040016, 34.092331], [-118.04278, 34.091576], [-118.051044, 34.090393], [-118.051825, 34.091019], [-118.051951, 34.090303], [-118.054952, 34.089779], [-118.056476, 34.089485], [-118.055735, 34.08918], [-118.055075, 34.089334], [-118.058743, 34.085613], [-118.066442, 34.088156], [-118.073262, 34.090412], [-118.073731, 34.090697], [-118.075599, 34.098139], [-118.07721, 34.103034], [-118.077214, 34.103491], [-118.078105, 34.105587], [-118.081277, 34.106272], [-118.081378, 34.113513]]]}}, {"type": "Feature", "properties": {"name": "Larkspur"}, "geometry": {"type": "Polygon", "coordinates": [[[-122.553219, 37.927575], [-122.55171, 37.933527], [-122.542572, 37.935484], [-122.546425, 37.942096], [-122.551074, 37.947932], [-122.549668, 37.95077], [-122.544943, 37.949002], [-122.53958, 37.947159], [-122.537196, 37.945855], [-122.534819, 37.944616], [-122.533238, 37.945266], [-122.534485, 37.945542], [-122.53387, 37.948045], [-122.534002, 37.95003], [-122.525297, 37.947584], [-122.517822, 37.947708], [-122.52397, 37.949529], [-122.523874, 37.950665], [-122.524849, 37.95078], [-122.5271, 37.952246], [-122.526639, 37.957719], [-122.523714, 37.95557], [-122.520334, 37.954116], [-122.513993, 37.952418], [-122.511771, 37.952555], [-122.510065, 37.952179], [-122.505805, 37.951175], [-122.501738, 37.947828], [-122.501383, 37.942478], [-122.50506, 37.942788], [-122.508999, 37.942304], [-122.51346, 37.943111], [-122.512786, 37.938686], [-122.516617, 37.935546], [-122.517254, 37.935272], [-122.517262, 37.938038], [-122.516415, 37.940209], [-122.516322, 37.940571], [-122.519197, 37.939315], [-122.521295, 37.937506], [-122.527176, 37.93389], [-122.524987, 37.93157], [-122.531959, 37.92933], [-122.535017, 37.926839], [-122.539678, 37.925144], [-122.540841, 37.921998], [-122.552769, 37.921669], [-122.553027, 37.926011], [-122.553219, 37.927575]]]}}, {"type": "Feature", "properties": {"name": "Nevada City"}, "geometry": {"type": "MultiPolygon", "coordinates": [[[[-121.038764, 39.278019], [-121.026056, 39.278324], [-121.024936, 39.276965], [-121.027407, 39.274596], [-121.038751, 39.274566], [-121.038764, 39.278019]]], [[[-121.039358, 39.266365], [-121.036931, 39.266282], [-121.036162, 39.266332], [-121.035939, 39.267497], [-121.036544, 39.267373], [-121.036299, 39.270373], [-121.031076, 39.2693], [-121.02823, 39.270993], [-121.028033, 39.270616], [-121.025866, 39.27068], [-121.025739, 39.269834], [-121.02461, 39.270109], [-121.024865, 39.270687], [-121.025311, 39.270729], [-121.024765, 39.271237], [-121.02499, 39.272012], [-121.024455, 39.27224], [-121.024535, 39.272956], [-121.023171, 39.273253], [-121.021835, 39.272658], [-121.021792, 39.26932], [-121.020063, 39.269084], [-121.019869, 39.271256], [-121.017319, 39.271301], [-121.017165, 39.268879], [-121.017283, 39.268634], [-121.015146, 39.267891], [-121.010816, 39.27307], [-121.01058, 39.272907], [-121.006901, 39.274123], [-121.008461, 39.273346], [-121.009911, 39.271556], [-121.00951, 39.270202], [-121.00871, 39.269507], [-121.010099, 39.268664], [-121.008771, 39.267616], [-121.010609, 39.263642], [-121.010218, 39.260689], [-121.00957, 39.260703], [-121.010031, 39.253196], [-121.011256, 39.253147], [-121.010309, 39.25257], [-121.010646, 39.251898], [-121.012481, 39.252562], [-121.01634, 39.247099], [-121.018055, 39.247376], [-121.021529, 39.246836], [-121.024759, 39.248256], [-121.024982, 39.248345], [-121.026371, 39.246371], [-121.030963, 39.243643], [-121.029591, 39.247952], [-121.030881, 39.248124], [-121.030467, 39.25029], [-121.033548, 39.251662], [-121.034109, 39.252755], [-121.037165, 39.254982], [-121.038002, 39.258694], [-121.032884, 39.260221], [-121.032859, 39.261796], [-121.029939, 39.262434], [-121.030817, 39.265065], [-121.03293, 39.264444], [-121.038471, 39.26446], [-121.039358, 39.266365]]]]}}, {"type": "Feature", "properties": {"name": "Madera"}, "geometry": {"type": "MultiPolygon", "coordinates": [[[[-120.147298, 36.996396], [-120.122928, 37.000169], [-120.108263, 37.000105], [-120.105648, 37.000888], [-120.092476, 37.000608], [-120.088452, 36.986855], [-120.074217, 36.982846], [-120.066866, 36.985458], [-120.063187, 36.98283], [-120.056167, 36.986844], [-120.055334, 36.986841], [-120.041572, 36.981708], [-120.040519, 36.98002], [-120.043501, 36.975533], [-120.0333, 36.97439], [-120.037681, 36.967117], [-120.032955, 36.952614], [-120.037516, 36.945379], [-120.032888, 36.941677], [-120.010326, 36.934374], [-120.019364, 36.931855], [-120.028056, 36.931973], [-120.033056, 36.935874], [-120.033373, 36.927338], [-120.047243, 36.928885], [-120.056007, 36.938346], [-120.069451, 36.930984], [-120.067182, 36.938097], [-120.08305, 36.938353], [-120.087572, 36.938375], [-120.09211, 36.938398], [-120.101075, 36.942989], [-120.101334, 36.945567], [-120.104639, 36.954929], [-120.108071, 36.952815], [-120.110331, 36.965381], [-120.128444, 36.967709], [-120.138335, 36.968212], [-120.147298, 36.996396]]], [[[-120.069531, 36.945547], [-120.065051, 36.94556], [-120.065061, 36.947251], [-120.066743, 36.947253], [-120.069567, 36.947257], [-120.069531, 36.945547]]], [[[-120.183664, 36.941764], [-120.174602, 36.941797], [-120.174653, 36.945409], [-120.156057, 36.94558], [-120.156055, 36.943807], [-120.158221, 36.943809], [-120.158249, 36.94144], [-120.156052, 36.941444], [-120.156048, 36.938235], [-120.18359, 36.938145], [-120.183664, 36.941764]]]]}}, {"type": "Feature", "properties": {"name": "Livermore"}, "geometry": {"type": "MultiPolygon", "coordinates": [[[[-121.848263, 37.694419], [-121.846744, 37.700667], [-121.823301, 37.707252], [-121.804734, 37.710455], [-121.789312, 37.701239], [-121.779243, 37.700062], [-121.766659, 37.701384], [-121.748973, 37.699203], [-121.748667, 37.702649], [-121.752873, 37.70896], [-121.746546, 37.730672], [-121.727088, 37.730621], [-121.719492, 37.73061], [-121.706011, 37.728201], [-121.708804, 37.715765], [-121.696884, 37.717774], [-121.697148, 37.707389], [-121.69675, 37.679781], [-121.701546, 37.66503], [-121.713461, 37.668333], [-121.719003, 37.670005], [-121.726401, 37.668726], [-121.727608, 37.674465], [-121.732969, 37.679831], [-121.737484, 37.672424], [-121.747401, 37.67382], [-121.749718, 37.666491], [-121.76805, 37.657971], [-121.749752, 37.645174], [-121.786316, 37.640108], [-121.777702, 37.634694], [-121.786407, 37.628574], [-121.801749, 37.635044], [-121.80454, 37.647594], [-121.805607, 37.65668], [-121.805481, 37.67616], [-121.830012, 37.689675], [-121.848239, 37.69396], [-121.848263, 37.694419]]], [[[-121.805255, 37.651988], [-121.800548, 37.650152], [-121.798079, 37.648559], [-121.794091, 37.647214], [-121.791836, 37.64574], [-121.789113, 37.645712], [-121.788343, 37.645184], [-121.788787, 37.644696], [-121.786232, 37.645201], [-121.783336, 37.645282], [-121.783821, 37.645833], [-121.78589, 37.646035], [-121.785783, 37.646632], [-121.788484, 37.64973], [-121.791745, 37.650562], [-121.797856, 37.654232], [-121.799846, 37.655022], [-121.803059, 37.655983], [-121.805231, 37.655952], [-121.805255, 37.651988]]], [[[-121.798762, 37.697221], [-121.795517, 37.697216], [-121.795625, 37.700327], [-121.796799, 37.700335], [-121.798759, 37.699023], [-121.798762, 37.697221]]]]}}, {"type": "Feature", "properties": {"name": "Cloverdale"}, "geometry": {"type": "Polygon", "coordinates": [[[-123.035023, 38.790412], [-123.026034, 38.791563], [-123.028725, 38.793286], [-123.025867, 38.79385], [-123.025038, 38.797053], [-123.028541, 38.798607], [-123.025612, 38.800447], [-123.029929, 38.806546], [-123.029728, 38.810133], [-123.026896, 38.815861], [-123.023504, 38.815797], [-123.022847, 38.817313], [-123.023053, 38.817765], [-123.021577, 38.819341], [-123.019412, 38.817061], [-123.010639, 38.81469], [-123.009248, 38.811764], [-123.008675, 38.807627], [-123.007519, 38.802785], [-123.006621, 38.800814], [-123.008913, 38.798278], [-123.005326, 38.796633], [-123.010629, 38.792556], [-123.012023, 38.792483], [-123.016753, 38.78908], [-123.010916, 38.786117], [-123.00147, 38.791241], [-122.995278, 38.784973], [-122.993193, 38.778397], [-122.988136, 38.771962], [-122.99352, 38.775863], [-123.002938, 38.779443], [-123.003766, 38.776253], [-123.012553, 38.774572], [-123.024928, 38.781529], [-123.021644, 38.787006], [-123.025635, 38.786532], [-123.035023, 38.790412]]]}}, {"type": "Feature", "properties": {"name": "McFarland"}, "geometry": {"type": "Polygon", "coordinates": [[[-119.285386, 35.688734], [-119.258629, 35.688781], [-119.234374, 35.688874], [-119.234362, 35.692439], [-119.232077, 35.692402], [-119.231936, 35.690879], [-119.231958, 35.688889], [-119.229778, 35.68881], [-119.223077, 35.688949], [-119.2231, 35.685698], [-119.220783, 35.685683], [-119.220829, 35.681797], [-119.219263, 35.681731], [-119.213709, 35.681545], [-119.213683, 35.679881], [-119.217502, 35.679926], [-119.217554, 35.674486], [-119.204708, 35.674604], [-119.204613, 35.660086], [-119.204507, 35.645581], [-119.214665, 35.645482], [-119.219821, 35.645683], [-119.224272, 35.64545], [-119.241033, 35.645403], [-119.241004, 35.659912], [-119.240989, 35.663528], [-119.249857, 35.663488], [-119.249842, 35.667104], [-119.247712, 35.667115], [-119.247692, 35.670754], [-119.240957, 35.67074], [-119.240942, 35.674384], [-119.240891, 35.681606], [-119.249281, 35.681584], [-119.249228, 35.685098], [-119.249744, 35.68851], [-119.25863, 35.688544], [-119.276409, 35.688452], [-119.276503, 35.674288], [-119.285676, 35.674247], [-119.285386, 35.688734]]]}}, {"type": "Feature", "properties": {"name": "Novato"}, "geometry": {"type": "MultiPolygon", "coordinates": [[[[-122.623653, 38.111286], [-122.619211, 38.116099], [-122.616751, 38.125209], [-122.608794, 38.147819], [-122.580488, 38.136284], [-122.563874, 38.135646], [-122.565022, 38.13001], [-122.563246, 38.131687], [-122.561496, 38.116492], [-122.558123, 38.114167], [-122.547394, 38.114053], [-122.546804, 38.127856], [-122.523366, 38.132768], [-122.518161, 38.120392], [-122.533928, 38.113275], [-122.53697, 38.11667], [-122.548981, 38.118026], [-122.541172, 38.108093], [-122.535226, 38.103158], [-122.528748, 38.103054], [-122.513064, 38.10435], [-122.500774, 38.106436], [-122.50241, 38.089634], [-122.514809, 38.091066], [-122.52699, 38.088115], [-122.530386, 38.082162], [-122.54035, 38.07827], [-122.524297, 38.072144], [-122.496687, 38.07102], [-122.506627, 38.047683], [-122.51417, 38.048654], [-122.522413, 38.039553], [-122.535609, 38.041073], [-122.5543, 38.046764], [-122.584399, 38.068857], [-122.579009, 38.090666], [-122.591754, 38.099662], [-122.6049, 38.103182], [-122.613309, 38.089645], [-122.616514, 38.1035], [-122.616143, 38.109465], [-122.623653, 38.111286]]], [[[-122.553431, 38.066097], [-122.549455, 38.065875], [-122.548837, 38.063769], [-122.549929, 38.062505], [-122.548622, 38.062503], [-122.548495, 38.061208], [-122.549795, 38.060475], [-122.548367, 38.059913], [-122.548249, 38.058765], [-122.546344, 38.058867], [-122.546158, 38.06004], [-122.543944, 38.059349], [-122.542992, 38.061108], [-122.543601, 38.062144], [-122.540706, 38.063377], [-122.538542, 38.062269], [-122.536286, 38.062438], [-122.534151, 38.061373], [-122.536182, 38.063355], [-122.539572, 38.064872], [-122.540077, 38.064473], [-122.54197, 38.064229], [-122.544678, 38.06714], [-122.546947, 38.068074], [-122.551742, 38.068673], [-122.55243, 38.068091], [-122.553431, 38.066097]]]]}}, {"type": "Feature", "properties": {"name": "Emeryville"}, "geometry": {"type": "Polygon", "coordinates": [[[-122.314195, 37.842311], [-122.299233, 37.840479], [-122.300952657435, 37.8457420020811], [-122.301134, 37.846297], [-122.30116157341, 37.8473623994842], [-122.298817, 37.847917], [-122.295046, 37.848706], [-122.292324, 37.849264], [-122.291373, 37.849482], [-122.288739, 37.849991], [-122.288537, 37.848366], [-122.287866, 37.846907], [-122.287499, 37.845772], [-122.286714, 37.843345], [-122.285576, 37.839778], [-122.284491, 37.836715], [-122.281963, 37.837181], [-122.281649, 37.836692], [-122.27622, 37.836818], [-122.275638, 37.836447], [-122.275896, 37.835661], [-122.27641, 37.834279], [-122.277204, 37.832216], [-122.277556, 37.831276], [-122.278343, 37.828522], [-122.277923, 37.827108], [-122.278707, 37.827151], [-122.28095, 37.827689], [-122.282384, 37.828033], [-122.287998, 37.829379], [-122.288138, 37.829414], [-122.288904, 37.829599], [-122.290059, 37.829874], [-122.290863, 37.830067], [-122.291029, 37.830107], [-122.293391, 37.830674], [-122.29447, 37.830558], [-122.297115883456, 37.8312176740312], [-122.298044, 37.836349], [-122.315913, 37.836812], [-122.314195, 37.842311]]]}}, {"type": "Feature", "properties": {"name": "Piedmont"}, "geometry": {"type": "Polygon", "coordinates": [[[-122.249295, 37.823722], [-122.24768, 37.826241], [-122.243358, 37.829833], [-122.241087, 37.830439], [-122.232494, 37.831686], [-122.227353, 37.832391], [-122.225391, 37.831283], [-122.224456, 37.830256], [-122.222161, 37.82724], [-122.221724, 37.826732], [-122.219642, 37.824511], [-122.214391, 37.821245], [-122.214119, 37.821089], [-122.210178, 37.818613], [-122.212751, 37.816127], [-122.213172, 37.815784], [-122.213246, 37.814625], [-122.214183, 37.813047], [-122.215174, 37.812276], [-122.220211, 37.813407], [-122.221609, 37.813701], [-122.224011, 37.81435], [-122.225234, 37.814605], [-122.227109, 37.815045], [-122.229736, 37.815646], [-122.233296, 37.816492], [-122.234659, 37.816799], [-122.23507, 37.816849], [-122.235251, 37.817008], [-122.236205, 37.817144], [-122.23931, 37.817841], [-122.241683, 37.818437], [-122.243662, 37.818847], [-122.243742, 37.818931], [-122.244206, 37.819034], [-122.245205, 37.819394], [-122.24939, 37.822846], [-122.249295, 37.823722]]]}}, {"type": "Feature", "properties": {"name": "Pleasanton"}, "geometry": {"type": "MultiPolygon", "coordinates": [[[[-121.954963, 37.69884], [-121.925211, 37.70095], [-121.907178, 37.7021], [-121.872265, 37.701817], [-121.855044, 37.70141], [-121.847941, 37.695854], [-121.854239, 37.693933], [-121.861702, 37.687161], [-121.846801, 37.675772], [-121.833438, 37.672988], [-121.837637, 37.665265], [-121.823824, 37.657154], [-121.805673, 37.650967], [-121.801514, 37.635452], [-121.807815, 37.625675], [-121.811402, 37.623645], [-121.814505, 37.634866], [-121.823753, 37.652059], [-121.85514, 37.647312], [-121.86044, 37.624049], [-121.871246, 37.632428], [-121.870947, 37.637904], [-121.868002, 37.640736], [-121.877488, 37.639953], [-121.882624, 37.637015], [-121.885983, 37.639134], [-121.895004, 37.642003], [-121.90558, 37.629645], [-121.882817, 37.626646], [-121.888661, 37.621929], [-121.901333, 37.6205], [-121.912794, 37.632491], [-121.920525, 37.652815], [-121.914465, 37.662751], [-121.910932, 37.669951], [-121.931808, 37.664693], [-121.941074, 37.6839], [-121.948493, 37.693547], [-121.954963, 37.69884]]], [[[-121.859036, 37.662849], [-121.856732, 37.662793], [-121.855905, 37.6648], [-121.859904, 37.665584], [-121.859036, 37.662849]]]]}}, {"type": "Feature", "properties": {"name": "Fresno"}, "geometry": {"type": "MultiPolygon", "coordinates": [[[[-119.699993, 36.731137], [-119.698513, 36.731143], [-119.699992, 36.730576], [-119.699993, 36.731137]]], [[[-119.709346, 36.728984], [-119.709333, 36.730442], [-119.706145, 36.730426], [-119.706154, 36.728608], [-119.70836, 36.728619], [-119.70935, 36.72862], [-119.709346, 36.728984]]], [[[-119.932593, 36.844464], [-119.887852, 36.854896], [-119.859183, 36.852457], [-119.840215, 36.85027], [-119.797603, 36.874373], [-119.77391, 36.892389], [-119.732128, 36.904123], [-119.72962, 36.844832], [-119.731985, 36.807873], [-119.700297, 36.785101], [-119.650511, 36.783886], [-119.668602, 36.764665], [-119.691109, 36.761037], [-119.688873, 36.750379], [-119.668513, 36.743102], [-119.664143, 36.724575], [-119.682016, 36.707424], [-119.729671, 36.705335], [-119.745637, 36.699646], [-119.736708, 36.672789], [-119.793419, 36.692287], [-119.806646, 36.706859], [-119.828978, 36.723043], [-119.853378, 36.7356], [-119.844277, 36.746338], [-119.834387, 36.755301], [-119.844261, 36.764693], [-119.853344, 36.777325], [-119.871278, 36.764586], [-119.892358, 36.75876], [-119.880269, 36.768154], [-119.871272, 36.77743], [-119.883713, 36.782652], [-119.891651, 36.789903], [-119.907436, 36.800677], [-119.917823, 36.8224], [-119.932593, 36.844464]]], [[[-119.874694, 36.843147], [-119.872458, 36.842965], [-119.866384, 36.838677], [-119.865504, 36.838425], [-119.865816, 36.843254], [-119.869555, 36.842774], [-119.87141, 36.843059], [-119.872759, 36.844019], [-119.874808, 36.844513], [-119.874694, 36.843147]]], [[[-119.874547, 36.838556], [-119.871277, 36.838621], [-119.87019, 36.839447], [-119.874651, 36.842661], [-119.874547, 36.838556]]], [[[-119.862832, 36.844151], [-119.859717, 36.844105], [-119.859717, 36.844161], [-119.858836, 36.844159], [-119.858794, 36.842408], [-119.856549, 36.842389], [-119.856534, 36.841241], [-119.847523, 36.841562], [-119.847566, 36.844333], [-119.847694, 36.847099], [-119.850904, 36.848882], [-119.852635, 36.843984], [-119.855002, 36.844736], [-119.855144, 36.846642], [-119.85307, 36.84587], [-119.852493, 36.846901], [-119.854814, 36.84718], [-119.853939, 36.848918], [-119.853831, 36.849438], [-119.856814, 36.84788], [-119.856156, 36.847018], [-119.858453, 36.846544], [-119.861906, 36.844755], [-119.862832, 36.844151]]], [[[-119.847511, 36.83947], [-119.84518, 36.839498], [-119.845057, 36.837465], [-119.839934, 36.83904], [-119.83535, 36.839059], [-119.835366, 36.840827], [-119.847523, 36.840779], [-119.847511, 36.83947]]], [[[-119.844408, 36.810944], [-119.841692, 36.810963], [-119.839838, 36.809235], [-119.839352, 36.810042], [-119.830777, 36.809799], [-119.830824, 36.815498], [-119.830847, 36.819575], [-119.833093, 36.819546], [-119.833063, 36.821774], [-119.835526, 36.822788], [-119.835527, 36.827238], [-119.839987, 36.827246], [-119.839968, 36.82637], [-119.841718, 36.826363], [-119.841492, 36.825898], [-119.841614, 36.822733], [-119.842166, 36.822723], [-119.842165, 36.820049], [-119.841617, 36.820039], [-119.840981, 36.820038], [-119.840997, 36.819097], [-119.836454, 36.819115], [-119.835378, 36.815479], [-119.842689, 36.815464], [-119.844395, 36.815478], [-119.8444, 36.814649], [-119.844374, 36.814034], [-119.844374, 36.813088], [-119.844408, 36.810944]]], [[[-119.839955, 36.829974], [-119.839935, 36.829044], [-119.835386, 36.829092], [-119.835369, 36.824558], [-119.830826, 36.824126], [-119.828576, 36.826815], [-119.826382, 36.826819], [-119.826383, 36.82374], [-119.824679, 36.822742], [-119.824674, 36.82229], [-119.824068, 36.822298], [-119.824044, 36.815526], [-119.826381, 36.815517], [-119.826383, 36.811886], [-119.823008, 36.811932], [-119.821895, 36.809583], [-119.821904, 36.808864], [-119.81928, 36.808794], [-119.817404, 36.808806], [-119.817411, 36.810122], [-119.817413, 36.811935], [-119.815163, 36.811962], [-119.81518, 36.810168], [-119.815179, 36.809335], [-119.811835, 36.8089], [-119.810708, 36.809358], [-119.810141, 36.809366], [-119.809541, 36.811992], [-119.808409, 36.811991], [-119.808393, 36.813808], [-119.809191, 36.815613], [-119.815092, 36.815586], [-119.815124, 36.819185], [-119.810269, 36.819232], [-119.808843, 36.821488], [-119.809588, 36.822834], [-119.812864, 36.822818], [-119.812934, 36.820995], [-119.815073, 36.820982], [-119.815099, 36.822305], [-119.817355, 36.822311], [-119.817344, 36.822786], [-119.817361, 36.824644], [-119.811842, 36.824693], [-119.810677, 36.823232], [-119.808856, 36.824696], [-119.810561, 36.826459], [-119.810703, 36.830056], [-119.817328, 36.830018], [-119.81733, 36.833587], [-119.821942, 36.833643], [-119.821916, 36.833263], [-119.821837, 36.83], [-119.826365, 36.829991], [-119.829937, 36.829988], [-119.830812, 36.830962], [-119.830814, 36.835096], [-119.833083, 36.834596], [-119.835369, 36.835405], [-119.835351, 36.837195], [-119.839978, 36.837191], [-119.839955, 36.829974]]], [[[-119.82006, 36.844754], [-119.81889, 36.845473], [-119.814729, 36.847647], [-119.813358, 36.848741], [-119.813498, 36.84969], [-119.818755, 36.84787], [-119.819334, 36.847545], [-119.820207, 36.847368], [-119.82006, 36.844754]]], [[[-119.817505, 36.793032], [-119.813041, 36.792053], [-119.809813, 36.787651], [-119.807088, 36.785118], [-119.804718, 36.784887], [-119.802375, 36.786748], [-119.799539, 36.790371], [-119.799526, 36.795805], [-119.795026, 36.79403], [-119.792872, 36.793694], [-119.792399, 36.794057], [-119.793867, 36.797665], [-119.791138, 36.801312], [-119.791592, 36.807459], [-119.793379, 36.8085], [-119.797178, 36.810326], [-119.799422, 36.811402], [-119.794916, 36.812096], [-119.799406, 36.815667], [-119.800525, 36.813929], [-119.799381, 36.816997], [-119.80151, 36.821081], [-119.799331, 36.822879], [-119.795381, 36.824754], [-119.792604, 36.822887], [-119.791432, 36.826507], [-119.793667, 36.830124], [-119.794576, 36.83013], [-119.796956, 36.828806], [-119.799318, 36.828292], [-119.803912, 36.826467], [-119.807627, 36.824715], [-119.806055, 36.822848], [-119.807773, 36.821924], [-119.806147, 36.816553], [-119.807834, 36.815622], [-119.801703, 36.813853], [-119.805068, 36.811052], [-119.808416, 36.80839], [-119.810692, 36.805858], [-119.811651, 36.808359], [-119.817462, 36.80615], [-119.81747, 36.801088], [-119.816341, 36.79427], [-119.817493, 36.793844], [-119.817505, 36.793032]]], [[[-119.808304, 36.830076], [-119.805982, 36.830077], [-119.806029, 36.831887], [-119.801102, 36.831925], [-119.801601, 36.833708], [-119.803773, 36.833676], [-119.803793, 36.834959], [-119.8083, 36.834922], [-119.808304, 36.830076]]], [[[-119.770835, 36.768644], [-119.768699, 36.766368], [-119.763674, 36.766459], [-119.762613, 36.765832], [-119.762576, 36.765026], [-119.756562, 36.765026], [-119.755686, 36.765109], [-119.754525, 36.766225], [-119.753357, 36.766119], [-119.752802, 36.765106], [-119.751318, 36.765093], [-119.749152, 36.765083], [-119.747823, 36.765091], [-119.747886, 36.767062], [-119.745399, 36.767094], [-119.745383, 36.769089], [-119.745364, 36.772268], [-119.740839, 36.772249], [-119.736317, 36.772252], [-119.731732, 36.77224], [-119.731687, 36.778674], [-119.732776, 36.778667], [-119.732781, 36.779078], [-119.736266, 36.77907], [-119.736258, 36.779496], [-119.736257, 36.781754], [-119.738507, 36.781805], [-119.738539, 36.779511], [-119.740804, 36.779535], [-119.74079, 36.775886], [-119.745283, 36.775903], [-119.74533, 36.777739], [-119.747598, 36.777742], [-119.747563, 36.778643], [-119.750172, 36.7796], [-119.752562, 36.77961], [-119.75216, 36.775959], [-119.754418, 36.775967], [-119.754447, 36.773516], [-119.752406, 36.772791], [-119.752394, 36.772316], [-119.754451, 36.772324], [-119.754452, 36.771741], [-119.752589, 36.77147], [-119.749912, 36.770498], [-119.749941, 36.76903], [-119.749943, 36.768678], [-119.754482, 36.768682], [-119.754447, 36.771297], [-119.754839, 36.771743], [-119.755707, 36.77232], [-119.762963, 36.772296], [-119.763694, 36.7723], [-119.76369, 36.77599], [-119.767894, 36.775926], [-119.767871, 36.77228], [-119.770761, 36.772273], [-119.770874, 36.770241], [-119.770835, 36.768644]]], [[[-119.765732, 36.877493], [-119.759236, 36.877507], [-119.756745, 36.877506], [-119.756677, 36.880432], [-119.756706, 36.88102], [-119.765741, 36.881212], [-119.765732, 36.877493]]], [[[-119.738677, 36.841255], [-119.731961, 36.841199], [-119.731981, 36.844756], [-119.738744, 36.844653], [-119.738677, 36.841255]]], [[[-119.731948, 36.717989], [-119.727471, 36.718193], [-119.722989, 36.718365], [-119.722927, 36.722048], [-119.721705, 36.722109], [-119.721705, 36.724981], [-119.727451, 36.724914], [-119.727452, 36.721837], [-119.731979, 36.721596], [-119.731948, 36.717989]]], [[[-119.731866, 36.747363], [-119.72959, 36.747375], [-119.727347, 36.745901], [-119.727329, 36.746959], [-119.718224, 36.746911], [-119.71602, 36.746919], [-119.715511, 36.750412], [-119.709155, 36.750422], [-119.709207, 36.757443], [-119.716078, 36.757468], [-119.71606, 36.75632], [-119.718244, 36.756338], [-119.718253, 36.755852], [-119.713701, 36.755864], [-119.713704, 36.754058], [-119.717041, 36.754038], [-119.717581, 36.75345], [-119.717693, 36.752222], [-119.718258, 36.752223], [-119.718243, 36.750423], [-119.722766, 36.750443], [-119.722743, 36.75293], [-119.72531, 36.753921], [-119.725277, 36.755498], [-119.723339, 36.755498], [-119.722948, 36.757484], [-119.727299, 36.75748], [-119.7273, 36.756799], [-119.729574, 36.75589], [-119.731852, 36.756799], [-119.731848, 36.75043], [-119.731866, 36.747363]]], [[[-119.72645, 36.739535], [-119.718314, 36.739512], [-119.718277, 36.741231], [-119.720575, 36.741236], [-119.719448, 36.743135], [-119.726412, 36.743176], [-119.726392, 36.742253], [-119.72645, 36.739535]]], [[[-119.663264, 36.772133], [-119.66112, 36.772132], [-119.66114, 36.773955], [-119.663258, 36.773993], [-119.663264, 36.772133]]], [[[-119.682117, 36.722175], [-119.682066, 36.727716], [-119.676564, 36.727699], [-119.67415, 36.72819], [-119.673059, 36.727715], [-119.673018, 36.736944], [-119.675812, 36.736941], [-119.675767, 36.735626], [-119.68207, 36.735652], [-119.682066, 36.736881], [-119.692198, 36.73626], [-119.692169, 36.732942], [-119.698437, 36.732045], [-119.699986, 36.732006], [-119.699993, 36.731137], [-119.70072, 36.731122], [-119.700007, 36.733431], [-119.700001, 36.732658], [-119.69845, 36.732663], [-119.70001, 36.733838], [-119.700021, 36.735811], [-119.70002, 36.736862], [-119.700956, 36.738356], [-119.704319, 36.738313], [-119.702916, 36.739555], [-119.709274, 36.739491], [-119.710395, 36.739503], [-119.710392, 36.73842], [-119.711542, 36.738388], [-119.711539, 36.738756], [-119.712681, 36.738737], [-119.712681, 36.7377], [-119.712421, 36.737292], [-119.709293, 36.737348], [-119.709293, 36.737147], [-119.708226, 36.737143], [-119.707531, 36.735878], [-119.709317, 36.735875], [-119.711562, 36.735888], [-119.711642, 36.7286], [-119.70935, 36.72862], [-119.709394, 36.722262], [-119.709293, 36.716548], [-119.708438, 36.716262], [-119.706354, 36.716274], [-119.7046, 36.716102], [-119.7046, 36.721852], [-119.705005, 36.722232], [-119.699917, 36.722211], [-119.682117, 36.722175]]], [[[-119.754645, 36.705958], [-119.754669, 36.706929], [-119.754686, 36.712124], [-119.75852, 36.712116], [-119.758503, 36.714163], [-119.754672, 36.714133], [-119.754663, 36.717752], [-119.753559, 36.717735], [-119.753567, 36.721404], [-119.75466, 36.721404], [-119.756886, 36.721392], [-119.756892, 36.719937], [-119.759121, 36.71993], [-119.759009, 36.71806], [-119.763656, 36.717759], [-119.763656, 36.718452], [-119.766948, 36.71842], [-119.766946, 36.719763], [-119.772082, 36.719738], [-119.772127, 36.716833], [-119.76777, 36.716564], [-119.767842, 36.714141], [-119.763669, 36.714146], [-119.762433, 36.713406], [-119.76366, 36.712709], [-119.76367, 36.711261], [-119.763426, 36.707261], [-119.763649, 36.706875], [-119.759981, 36.703647], [-119.759243, 36.703651], [-119.759194, 36.705961], [-119.754645, 36.705958]]], [[[-119.709155, 36.750422], [-119.70916, 36.749237], [-119.713705, 36.75018], [-119.71377, 36.746802], [-119.716019, 36.746802], [-119.716017, 36.743143], [-119.71671, 36.740619], [-119.714905, 36.739536], [-119.709242, 36.74044], [-119.709221, 36.743141], [-119.705633, 36.743155], [-119.705344, 36.745901], [-119.706956, 36.746906], [-119.701692, 36.7469], [-119.700447, 36.747697], [-119.701561, 36.75042], [-119.709155, 36.750422]]], [[[-119.934386, 36.706245], [-119.916477, 36.706316], [-119.908224, 36.706306], [-119.889781, 36.706364], [-119.883811, 36.706407], [-119.88381, 36.704254], [-119.880517, 36.704253], [-119.880536, 36.684694], [-119.88954, 36.684764], [-119.889663, 36.677384], [-119.898492, 36.677354], [-119.898514, 36.669696], [-119.900735, 36.669698], [-119.90063, 36.662946], [-119.900599, 36.66219], [-119.907304, 36.662162], [-119.907327, 36.662766], [-119.907458, 36.67727], [-119.916759, 36.677207], [-119.916489, 36.691743], [-119.934353, 36.691643], [-119.934386, 36.706245]]]]}}, {"type": "Feature", "properties": {"name": "Huron"}, "geometry": {"type": "MultiPolygon", "coordinates": [[[[-120.082696, 36.210271], [-120.068367, 36.215357], [-120.067705, 36.210622], [-120.067681, 36.208766], [-120.076547, 36.20858], [-120.076562, 36.210404], [-120.082696, 36.210271]]], [[[-120.112576, 36.199592], [-120.112548, 36.203069], [-120.107879, 36.203095], [-120.107959, 36.210228], [-120.103553, 36.210391], [-120.103603, 36.214535], [-120.10182, 36.214559], [-120.101808, 36.212829], [-120.094587, 36.212841], [-120.094591, 36.210385], [-120.085662, 36.210371], [-120.085629, 36.209818], [-120.085546, 36.195843], [-120.103378, 36.19585], [-120.112582, 36.195787], [-120.112576, 36.199592]]]]}}, {"type": "Feature", "properties": {"name": "Kerman"}, "geometry": {"type": "Polygon", "coordinates": [[[-120.083036, 36.73474], [-120.07826, 36.73475], [-120.078205, 36.738325], [-120.073697, 36.738333], [-120.073739, 36.734794], [-120.069197, 36.734838], [-120.066822, 36.734874], [-120.066907, 36.738693], [-120.060081, 36.738677], [-120.060124, 36.73669], [-120.053339, 36.736722], [-120.053381, 36.73494], [-120.051404, 36.734927], [-120.051417, 36.736762], [-120.046749, 36.736829], [-120.046679, 36.735104], [-120.042209, 36.734956], [-120.042247, 36.727701], [-120.042047, 36.727701], [-120.041978, 36.721173], [-120.036692, 36.722601], [-120.03671, 36.720424], [-120.042035, 36.720408], [-120.042427, 36.718805], [-120.048496, 36.719831], [-120.050795, 36.719627], [-120.051518, 36.718919], [-120.051545, 36.713115], [-120.0604, 36.713046], [-120.064357, 36.713059], [-120.064406, 36.705743], [-120.073556, 36.70567], [-120.073529, 36.712952], [-120.069466, 36.712991], [-120.069401, 36.719814], [-120.082936, 36.719805], [-120.082999, 36.727444], [-120.083036, 36.73474]]]}}, {"type": "Feature", "properties": {"name": "Kingsburg"}, "geometry": {"type": "Polygon", "coordinates": [[[-119.594332, 36.547007], [-119.590895, 36.546932], [-119.590245, 36.546933], [-119.575144, 36.546798], [-119.575238, 36.539665], [-119.575295, 36.533969], [-119.575419, 36.533606], [-119.574135, 36.532576], [-119.569362, 36.527975], [-119.569282, 36.529142], [-119.566018, 36.529034], [-119.566014, 36.525193], [-119.563935, 36.523044], [-119.556872, 36.522872], [-119.556864, 36.525178], [-119.559282, 36.525173], [-119.559217, 36.528802], [-119.562603, 36.528811], [-119.562602, 36.532464], [-119.555384, 36.532383], [-119.555343, 36.53423], [-119.552251, 36.534228], [-119.552221, 36.535974], [-119.54796, 36.535955], [-119.547963, 36.537579], [-119.543187, 36.53772], [-119.543268, 36.535099], [-119.538795, 36.535192], [-119.538794, 36.533265], [-119.540366, 36.533259], [-119.540333, 36.532312], [-119.538836, 36.532273], [-119.539086, 36.517808], [-119.538838, 36.517809], [-119.538917, 36.516601], [-119.546061, 36.510551], [-119.546131, 36.508963], [-119.548103, 36.509156], [-119.549995, 36.507764], [-119.550908, 36.507047], [-119.553531, 36.50489], [-119.553579, 36.503442], [-119.556848, 36.503381], [-119.561446, 36.503388], [-119.561509, 36.507102], [-119.561564, 36.510688], [-119.565993, 36.510697], [-119.575237, 36.510736], [-119.575352, 36.517958], [-119.570796, 36.51794], [-119.570768, 36.521701], [-119.568483, 36.52171], [-119.56848, 36.523546], [-119.571217, 36.525807], [-119.575341, 36.525912], [-119.575359, 36.529312], [-119.587784, 36.539781], [-119.588775, 36.54062], [-119.594175, 36.545797], [-119.594332, 36.547007]]]}}, {"type": "Feature", "properties": {"name": "Mendota"}, "geometry": {"type": "MultiPolygon", "coordinates": [[[[-120.375138, 36.779763], [-120.372473, 36.780229], [-120.372134, 36.778652], [-120.372495, 36.777703], [-120.373317, 36.778104], [-120.373531, 36.778327], [-120.374475, 36.779373], [-120.375138, 36.779763]]], [[[-120.377083, 36.774954], [-120.373873, 36.776141], [-120.373454, 36.776253], [-120.375898, 36.772753], [-120.377083, 36.774954]]], [[[-120.395739, 36.763887], [-120.394926, 36.764003], [-120.387334, 36.764], [-120.392281, 36.769513], [-120.384246, 36.772561], [-120.378651, 36.765133], [-120.375399, 36.763739], [-120.376753, 36.767014], [-120.373301, 36.768111], [-120.370971, 36.762106], [-120.368807, 36.761048], [-120.368843, 36.758293], [-120.368407, 36.764567], [-120.37434, 36.774136], [-120.372495, 36.776937], [-120.369456, 36.778563], [-120.3691, 36.778384], [-120.364493, 36.778342], [-120.363833, 36.77575], [-120.364099, 36.767491], [-120.359551, 36.763793], [-120.357652, 36.762744], [-120.357731, 36.757365], [-120.363546, 36.757246], [-120.36408, 36.745716], [-120.366073, 36.74591], [-120.368665, 36.748022], [-120.368591, 36.745284], [-120.373957, 36.749297], [-120.375075, 36.749266], [-120.37511, 36.7457], [-120.384362, 36.745754], [-120.384496, 36.734758], [-120.379456, 36.734767], [-120.379486, 36.733691], [-120.378026, 36.733645], [-120.377953, 36.724225], [-120.379999, 36.723081], [-120.387425, 36.723008], [-120.386978, 36.746106], [-120.388505, 36.746145], [-120.388445, 36.74928], [-120.391545, 36.749255], [-120.391318, 36.756564], [-120.395909, 36.756471], [-120.395739, 36.763887]]]]}}, {"type": "Feature", "properties": {"name": "Sanger"}, "geometry": {"type": "MultiPolygon", "coordinates": [[[[-119.544509, 36.648496], [-119.542928, 36.648472], [-119.533884, 36.648334], [-119.533922, 36.644764], [-119.538408, 36.644796], [-119.538448, 36.6412], [-119.539678, 36.641221], [-119.539738, 36.641255], [-119.540169, 36.641483], [-119.540893, 36.641731], [-119.541596, 36.642063], [-119.542197, 36.642552], [-119.542876, 36.64353], [-119.543389, 36.644042], [-119.544059, 36.64555], [-119.544219, 36.646242], [-119.544119, 36.647118], [-119.544509, 36.648496]]], [[[-119.583313, 36.715722], [-119.578346, 36.715748], [-119.578485, 36.72026], [-119.574122, 36.720372], [-119.574168, 36.721155], [-119.569712, 36.721154], [-119.565269, 36.721123], [-119.564097, 36.720938], [-119.55685, 36.721235], [-119.556471, 36.721244], [-119.55201, 36.721234], [-119.552058, 36.718513], [-119.547515, 36.718507], [-119.547386, 36.714055], [-119.546015, 36.714054], [-119.543931, 36.714066], [-119.543115, 36.714121], [-119.543323, 36.710256], [-119.54297, 36.706763], [-119.540805, 36.706752], [-119.53997, 36.706218], [-119.541364, 36.699509], [-119.541715, 36.699511], [-119.543077, 36.69246], [-119.536757, 36.69248], [-119.536887, 36.689475], [-119.533592, 36.690163], [-119.533487, 36.688792], [-119.52927, 36.688845], [-119.5293, 36.681261], [-119.531062, 36.681301], [-119.531104, 36.677722], [-119.535317, 36.677504], [-119.535214, 36.678958], [-119.536569, 36.678994], [-119.535957, 36.680281], [-119.544935, 36.680415], [-119.545363, 36.677813], [-119.545378, 36.677744], [-119.5468, 36.677745], [-119.549243, 36.677734], [-119.556513, 36.677738], [-119.556367, 36.692254], [-119.558715, 36.692243], [-119.558746, 36.690464], [-119.560915, 36.69045], [-119.561018, 36.688822], [-119.568652, 36.688842], [-119.568639, 36.692273], [-119.574287, 36.692264], [-119.579292, 36.692234], [-119.5793, 36.699496], [-119.583257, 36.69945], [-119.583356, 36.706755], [-119.583313, 36.715722]]]]}}, {"type": "Feature", "properties": {"name": "Clovis"}, "geometry": {"type": "MultiPolygon", "coordinates": [[[[-119.614787, 36.796253], [-119.612072, 36.796252], [-119.612095, 36.793858], [-119.613181, 36.793855], [-119.614776, 36.793851], [-119.614785, 36.795693], [-119.614787, 36.796253]]], [[[-119.701952, 36.946598], [-119.700691, 36.946582], [-119.700657, 36.948873], [-119.694969, 36.948827], [-119.69156, 36.948799], [-119.691682, 36.944171], [-119.690978, 36.944219], [-119.684154, 36.945863], [-119.684121, 36.945302], [-119.680902, 36.945839], [-119.679763, 36.944672], [-119.679322, 36.944331], [-119.67832, 36.942997], [-119.680898, 36.940565], [-119.683419, 36.939442], [-119.687938, 36.939846], [-119.69131, 36.939139], [-119.691263, 36.938099], [-119.694701, 36.937924], [-119.691532, 36.939091], [-119.691837, 36.940277], [-119.697207, 36.940387], [-119.701933, 36.943651], [-119.701952, 36.946598]]], [[[-119.732676, 36.809049], [-119.727179, 36.819421], [-119.729551, 36.837591], [-119.729746, 36.859483], [-119.710325, 36.86664], [-119.702064, 36.873864], [-119.699966, 36.86112], [-119.675046, 36.851953], [-119.674968, 36.860159], [-119.681116, 36.859232], [-119.68855, 36.854739], [-119.688798, 36.865766], [-119.656799, 36.866412], [-119.624827, 36.865029], [-119.646218, 36.852233], [-119.657437, 36.835661], [-119.654918, 36.827958], [-119.657175, 36.824785], [-119.641446, 36.819302], [-119.63692, 36.8229], [-119.625956, 36.808274], [-119.62795, 36.801126], [-119.614776, 36.793851], [-119.627901, 36.786566], [-119.636947, 36.784964], [-119.645957, 36.790225], [-119.662917, 36.788986], [-119.682147, 36.789447], [-119.700251, 36.783025], [-119.691536, 36.790354], [-119.695571, 36.801237], [-119.700285, 36.800034], [-119.709133, 36.794438], [-119.727336, 36.794136], [-119.731842, 36.807521], [-119.731763, 36.808259], [-119.732676, 36.809049]]]]}}, {"type": "Feature", "properties": {"name": "Jackson"}, "geometry": {"type": "Polygon", "coordinates": [[[-120.798674, 38.359355], [-120.79574, 38.358298], [-120.789347, 38.359323], [-120.788232, 38.361257], [-120.786177, 38.364013], [-120.783039, 38.36302], [-120.780744, 38.364363], [-120.778035, 38.365671], [-120.776719, 38.363333], [-120.775947, 38.368022], [-120.780526, 38.371653], [-120.77742, 38.370327], [-120.774752, 38.367997], [-120.775242, 38.367675], [-120.773911, 38.365647], [-120.77157, 38.362962], [-120.767932, 38.366588], [-120.763056, 38.365123], [-120.766061, 38.359797], [-120.762221, 38.359405], [-120.759135, 38.357886], [-120.757582, 38.346729], [-120.758061, 38.34529], [-120.757733, 38.341341], [-120.75078, 38.33135], [-120.753341, 38.332152], [-120.755457, 38.334396], [-120.757833, 38.333813], [-120.7624, 38.330423], [-120.771546, 38.335437], [-120.780779, 38.330125], [-120.789984, 38.337459], [-120.777825, 38.344827], [-120.776404, 38.348512], [-120.782101, 38.35126], [-120.787957, 38.351949], [-120.795871, 38.354411], [-120.797161, 38.357445], [-120.798674, 38.359355]]]}}, {"type": "Feature", "properties": {"name": "Antioch"}, "geometry": {"type": "MultiPolygon", "coordinates": [[[[-121.860593, 37.990526], [-121.851405, 37.991811], [-121.850586, 37.997074], [-121.856326, 38.001584], [-121.855551, 38.009245], [-121.840316, 38.004984], [-121.835333, 38.005645], [-121.844901, 38.010007], [-121.842445, 38.013112], [-121.838268, 38.029081], [-121.828067, 38.02802], [-121.815673, 38.021038], [-121.80127, 38.021622], [-121.80026, 38.017457], [-121.789063, 38.015476], [-121.779571, 38.014803], [-121.767383, 38.018573], [-121.760639, 38.020202], [-121.750782, 38.012243], [-121.753504, 38.003139], [-121.756221, 37.992209], [-121.741499, 37.981176], [-121.732398, 37.968941], [-121.742744, 37.961506], [-121.750772, 37.956876], [-121.759911, 37.939759], [-121.787239, 37.939679], [-121.777999, 37.933129], [-121.77816, 37.923256], [-121.80541, 37.929385], [-121.816992, 37.933498], [-121.824037, 37.938897], [-121.82398, 37.939332], [-121.822347, 37.953755], [-121.821779, 37.962812], [-121.837604, 37.968623], [-121.85128, 37.983194], [-121.860589, 37.989987], [-121.860593, 37.990526]]], [[[-121.851515, 37.986944], [-121.850214, 37.98644], [-121.845735, 37.986464], [-121.842244, 37.985537], [-121.842324, 37.989342], [-121.844772, 37.989334], [-121.846262, 37.990481], [-121.849892, 37.990449], [-121.851425, 37.989536], [-121.851515, 37.986944]]], [[[-121.825049, 38.00578], [-121.819898, 38.004705], [-121.819709, 38.006111], [-121.819666, 38.007089], [-121.819683, 38.010192], [-121.820473, 38.01104], [-121.825072, 38.0111], [-121.825049, 38.00578]]]]}}, {"type": "Feature", "properties": {"name": "Brentwood"}, "geometry": {"type": "Polygon", "coordinates": [[[-121.76004, 37.924936], [-121.753372, 37.923885], [-121.755486, 37.932538], [-121.75077, 37.945694], [-121.747369, 37.961517], [-121.732399, 37.968778], [-121.730257, 37.968888], [-121.704336, 37.968789], [-121.705312, 37.958742], [-121.699589, 37.963752], [-121.696031, 37.967957], [-121.69548, 37.964274], [-121.682246, 37.962926], [-121.684209, 37.946606], [-121.683985, 37.939904], [-121.677919, 37.932759], [-121.677979, 37.918253], [-121.685547, 37.918263], [-121.714177, 37.918802], [-121.714445, 37.918309], [-121.714538, 37.911649], [-121.718479, 37.901827], [-121.716118, 37.894605], [-121.712579, 37.892147], [-121.717542, 37.890447], [-121.720815, 37.888831], [-121.728348, 37.891771], [-121.732515, 37.896878], [-121.737593, 37.896535], [-121.735565, 37.900111], [-121.739146, 37.903751], [-121.7314, 37.90348], [-121.732387, 37.908229], [-121.738283, 37.910734], [-121.748283, 37.907842], [-121.751123, 37.925011], [-121.756269, 37.918344], [-121.758205, 37.921951], [-121.76004, 37.924936]]]}}, {"type": "Feature", "properties": {"name": "Clayton"}, "geometry": {"type": "Polygon", "coordinates": [[[-121.956525, 37.952527], [-121.954416, 37.954073], [-121.953795, 37.954329], [-121.952399, 37.95565], [-121.951686, 37.955115], [-121.951692, 37.95425], [-121.95247, 37.953619], [-121.951345, 37.952997], [-121.951, 37.951932], [-121.949231, 37.951597], [-121.948052, 37.951139], [-121.947489, 37.950818], [-121.94695, 37.950828], [-121.94681, 37.951188], [-121.944659, 37.954134], [-121.940227, 37.955114], [-121.93933, 37.955862], [-121.933065, 37.95579], [-121.932826, 37.955789], [-121.924582, 37.955496], [-121.914617, 37.955142], [-121.914514, 37.946371], [-121.914464, 37.942992], [-121.914408, 37.924975], [-121.911711, 37.924293], [-121.912189, 37.921007], [-121.913631, 37.91976], [-121.914372, 37.922343], [-121.918982, 37.923465], [-121.91898, 37.920812], [-121.926928, 37.920862], [-121.927204, 37.921519], [-121.932637, 37.921788], [-121.932732, 37.926673], [-121.938588, 37.926698], [-121.938651, 37.932231], [-121.939216, 37.933989], [-121.941892, 37.931946], [-121.94191, 37.933997], [-121.944862, 37.933983], [-121.946006, 37.937357], [-121.94426, 37.937344], [-121.944266, 37.941235], [-121.949623, 37.941235], [-121.950944, 37.94124], [-121.951031, 37.942724], [-121.950916, 37.948499], [-121.955029, 37.950811], [-121.956467, 37.951757], [-121.956525, 37.952527]]]}}, {"type": "Feature", "properties": {"name": "Hercules"}, "geometry": {"type": "Polygon", "coordinates": [[[-122.293929, 38.016096], [-122.289413, 38.022275], [-122.285571490534, 38.0225332581764], [-122.283478, 38.022674], [-122.276816, 38.030513], [-122.27556090283, 38.0357377945295], [-122.274655, 38.034811], [-122.274279, 38.034372], [-122.271228, 38.031433], [-122.266234, 38.026529], [-122.262315, 38.02273], [-122.261909, 38.022332], [-122.257524, 38.018106], [-122.256118, 38.016658], [-122.256016, 38.016488], [-122.253672, 38.014187], [-122.252485, 38.013028], [-122.248065, 38.008679], [-122.2391, 38.007218], [-122.23771, 38.005371], [-122.236505, 38.003733], [-122.234892, 38.004489], [-122.233304, 38.002361], [-122.231139, 38.002121], [-122.229799, 38.010381], [-122.224543, 38.008297], [-122.216197, 38.007198], [-122.213413, 38.007128], [-122.21071, 38.007682], [-122.209656, 38.007606], [-122.209618, 37.996169], [-122.230209, 37.996378], [-122.231053, 37.99639], [-122.23191, 37.993951], [-122.228233, 37.992628], [-122.231632, 37.987121], [-122.233885, 37.985763], [-122.234404, 37.984847], [-122.234973, 37.984354], [-122.235999, 37.983406], [-122.249966, 37.992076], [-122.253677, 37.993614], [-122.256723, 37.992466], [-122.259538, 37.99176], [-122.26507, 37.991872], [-122.268913, 37.992732], [-122.274881, 37.995064], [-122.277583, 37.999212], [-122.282136, 38.000389], [-122.279043, 38.003251], [-122.279746, 38.004006], [-122.281647, 38.004107], [-122.282804, 38.006782], [-122.284733, 38.008778], [-122.285333, 38.008887], [-122.284701, 38.00945], [-122.286391, 38.008554], [-122.290777, 38.008622], [-122.291376, 38.009352], [-122.294764, 38.013355], [-122.293098, 38.015231], [-122.295117747547, 38.0151988352936], [-122.293929, 38.016096]]]}}, {"type": "Feature", "properties": {"name": "Oakley"}, "geometry": {"type": "Polygon", "coordinates": [[[-121.755859, 37.992732], [-121.753504, 38.003139], [-121.750763, 38.009082], [-121.750893, 38.016713], [-121.750547, 38.021083], [-121.743723, 38.020395], [-121.73904, 38.016977], [-121.732284, 38.014749], [-121.726178, 38.012975], [-121.72054, 38.008783], [-121.717011, 38.009717], [-121.714759, 38.007292], [-121.696958, 38.006383], [-121.691553, 38.005335], [-121.689484, 38.013346], [-121.682328, 38.011999], [-121.678587, 38.011032], [-121.673085, 38.012086], [-121.660621, 38.011898], [-121.658967, 38.009388], [-121.656872, 38.011568], [-121.64507, 38.008095], [-121.634948, 38.000555], [-121.629441, 37.999603], [-121.629045, 37.995963], [-121.62534, 37.9962], [-121.627398, 37.990412], [-121.625429, 37.98763], [-121.625764, 37.97854], [-121.622586, 37.976221], [-121.640224, 37.976159], [-121.649378, 37.983313], [-121.659232, 37.990651], [-121.668349, 37.986944], [-121.670575, 37.988778], [-121.672942, 37.985754], [-121.677551, 37.983384], [-121.677631, 37.968842], [-121.696026, 37.968852], [-121.704336, 37.968789], [-121.729932, 37.968796], [-121.732388, 37.971248], [-121.741499, 37.981176], [-121.750497, 37.988554], [-121.755859, 37.992732]]]}}, {"type": "Feature", "properties": {"name": "Pittsburg"}, "geometry": {"type": "Polygon", "coordinates": [[[-121.985922, 38.01723], [-121.975909, 38.023028], [-121.947436, 38.01875], [-121.939364, 38.018366], [-121.932754, 38.017284], [-121.927714, 38.023105], [-121.932856, 38.02678], [-121.92805, 38.029815], [-121.910143, 38.044956], [-121.889573, 38.046657], [-121.872708, 38.051844], [-121.851118, 38.039742], [-121.847534, 38.029759], [-121.838268, 38.029081], [-121.84289, 38.012511], [-121.833338, 38.007369], [-121.840316, 38.004984], [-121.856513, 38.006482], [-121.850895, 37.997987], [-121.851405, 37.991811], [-121.860589, 37.989987], [-121.879174, 37.990539], [-121.895881, 37.990747], [-121.897331, 37.987883], [-121.906722, 37.983608], [-121.910546, 38.003904], [-121.919495, 37.997959], [-121.922564, 38.010628], [-121.932742, 38.01051], [-121.94407, 38.011068], [-121.9441, 38.005425], [-121.947721, 37.997673], [-121.950141, 37.988506], [-121.953378, 37.997574], [-121.958088, 38.001123], [-121.960328, 38.009271], [-121.978602, 38.011849], [-121.985922, 38.01723]]]}}, {"type": "Feature", "properties": {"name": "Pleasant Hill"}, "geometry": {"type": "MultiPolygon", "coordinates": [[[[-122.104371, 37.97273], [-122.090476, 37.975864], [-122.077887, 37.975965], [-122.077132, 37.979365], [-122.077098, 37.979836], [-122.078601, 37.981949], [-122.07096, 37.981515], [-122.065545, 37.979816], [-122.064568, 37.975797], [-122.061707, 37.962416], [-122.059977, 37.963396], [-122.052368, 37.959218], [-122.053281, 37.955727], [-122.051637, 37.947546], [-122.049776, 37.945466], [-122.051952, 37.939494], [-122.052849, 37.936689], [-122.054533, 37.93946], [-122.058973, 37.936661], [-122.055244, 37.934728], [-122.058472, 37.932568], [-122.060193, 37.931696], [-122.070234, 37.933341], [-122.073517, 37.928182], [-122.085857, 37.926148], [-122.088746, 37.927257], [-122.086939, 37.933684], [-122.089576, 37.93676], [-122.09321, 37.940818], [-122.091908, 37.947809], [-122.096738, 37.947039], [-122.098518, 37.947734], [-122.098931, 37.951881], [-122.0922, 37.955485], [-122.094012, 37.960207], [-122.101424, 37.969567], [-122.102015, 37.971506], [-122.104371, 37.97273]]], [[[-122.081828, 37.973102], [-122.079979, 37.974972], [-122.078587, 37.974763], [-122.075114, 37.97582], [-122.07442, 37.975298], [-122.074708, 37.973038], [-122.077005, 37.97157], [-122.076537, 37.969512], [-122.074903, 37.96929], [-122.07386, 37.971312], [-122.073668, 37.971376], [-122.073585, 37.974844], [-122.075263, 37.976355], [-122.075527, 37.976344], [-122.077968, 37.975238], [-122.080317, 37.975568], [-122.081705, 37.97458], [-122.081828, 37.973102]]]]}}, {"type": "Feature", "properties": {"name": "San Ramon"}, "geometry": {"type": "Polygon", "coordinates": [[[-122.005025, 37.771147], [-121.996463, 37.773116], [-121.996731, 37.780144], [-121.994062, 37.786357], [-121.977083, 37.779841], [-121.968621, 37.783065], [-121.962334, 37.782693], [-121.951814, 37.786772], [-121.946448, 37.795106], [-121.941944, 37.79106], [-121.932785, 37.792389], [-121.923715, 37.792411], [-121.921836, 37.788346], [-121.900635, 37.788665], [-121.898485, 37.781405], [-121.878217, 37.78037], [-121.877015, 37.773364], [-121.879193, 37.767531], [-121.88115, 37.758633], [-121.882595, 37.745426], [-121.885132, 37.74268], [-121.899995, 37.747458], [-121.914187, 37.744297], [-121.911921, 37.734664], [-121.910459, 37.730393], [-121.922362, 37.727684], [-121.929372, 37.726078], [-121.942383, 37.722946], [-121.950019, 37.721284], [-121.958646, 37.736206], [-121.963125, 37.739087], [-121.962193, 37.744733], [-121.963375, 37.749688], [-121.968277, 37.751427], [-121.975101, 37.754506], [-121.983457, 37.756555], [-121.987809, 37.759422], [-121.985925, 37.76252], [-121.990398, 37.765606], [-121.994295, 37.768714], [-122.004081, 37.770147], [-122.005025, 37.771147]]]}}, {"type": "Feature", "properties": {"name": "Calexico"}, "geometry": {"type": "Polygon", "coordinates": [[[-115.53347971484, 32.6619601311585], [-115.530025, 32.663955], [-115.529095, 32.665479], [-115.52743, 32.67034], [-115.528276, 32.670551], [-115.527799, 32.671847], [-115.526345, 32.671849], [-115.524671, 32.671845], [-115.524671, 32.674441], [-115.522983, 32.679233], [-115.521789, 32.682052], [-115.520414, 32.68363], [-115.518375, 32.684953], [-115.516261, 32.685666], [-115.507898, 32.685519], [-115.508248, 32.686397], [-115.511343, 32.693996], [-115.516876, 32.708945], [-115.513769, 32.708769], [-115.499462, 32.708749], [-115.4825, 32.708597], [-115.482507, 32.701283], [-115.48001, 32.701268], [-115.47571, 32.700651], [-115.471722, 32.699333], [-115.469362, 32.698021], [-115.465163, 32.694721], [-115.465235, 32.693887], [-115.46417, 32.694018], [-115.456672, 32.694009], [-115.456678, 32.69303], [-115.459897, 32.690727], [-115.456791, 32.686733], [-115.456802, 32.683107], [-115.465348, 32.683136], [-115.469476, 32.683155], [-115.473956, 32.683151], [-115.47397, 32.680031], [-115.474443, 32.67985], [-115.47406, 32.678656], [-115.474082, 32.674739], [-115.47409157532, 32.6664283160935], [-115.482558071057, 32.6657913224276], [-115.490450035221, 32.6651975547886], [-115.496764128361, 32.6647225014181], [-115.49913885246, 32.6645438343218], [-115.531054042746, 32.6621426314287], [-115.53347971484, 32.6619601311585]]]}}, {"type": "Feature", "properties": {"name": "Hesperia"}, "geometry": {"type": "Polygon", "coordinates": [[[-117.440604, 34.354237], [-117.43344, 34.369032], [-117.422386, 34.387633], [-117.425354, 34.393974], [-117.408167, 34.404992], [-117.410906, 34.434689], [-117.380392, 34.437671], [-117.325515, 34.470625], [-117.277238, 34.4713], [-117.251016, 34.456669], [-117.241986, 34.43494], [-117.241796, 34.405852], [-117.25464, 34.354733], [-117.250875, 34.346097], [-117.289416, 34.332951], [-117.252404, 34.331253], [-117.276083, 34.311259], [-117.310629, 34.312734], [-117.327911, 34.307551], [-117.350287, 34.311004], [-117.380847, 34.307321], [-117.38086, 34.322744], [-117.371154, 34.326342], [-117.35047, 34.329082], [-117.324544, 34.347133], [-117.302768, 34.361909], [-117.346292, 34.366227], [-117.359332, 34.3615], [-117.355145, 34.383157], [-117.364111, 34.412243], [-117.363983, 34.404865], [-117.372664, 34.401288], [-117.39027, 34.404892], [-117.403707, 34.390364], [-117.41637, 34.376078], [-117.433458, 34.354191], [-117.440604, 34.354237]]]}}, {"type": "Feature", "properties": {"name": "Redlands"}, "geometry": {"type": "MultiPolygon", "coordinates": [[[[-117.09974, 34.070908], [-117.0995, 34.070906], [-117.099501, 34.070869], [-117.099501, 34.070806], [-117.099503, 34.070736], [-117.099748, 34.070743], [-117.09974, 34.070908]]], [[[-117.125471, 34.07722], [-117.12477, 34.077224], [-117.12465, 34.077208], [-117.124405, 34.077133], [-117.124344, 34.077133], [-117.125503, 34.0759], [-117.125471, 34.07722]]], [[[-117.243725, 34.085384], [-117.226143, 34.094289], [-117.199417, 34.102586], [-117.134567, 34.091814], [-117.113447, 34.088761], [-117.103632, 34.081255], [-117.060572, 34.077003], [-117.056461, 34.077007], [-117.068048, 34.076469], [-117.073215, 34.072724], [-117.069505, 34.062605], [-117.077827, 34.066081], [-117.086231, 34.074778], [-117.10105, 34.070994], [-117.113738, 34.073433], [-117.121683, 34.077115], [-117.138251, 34.090573], [-117.136622, 34.077355], [-117.1382, 34.068931], [-117.138983, 34.062862], [-117.13822, 34.057011], [-117.136661, 34.048409], [-117.136655, 34.042919], [-117.138807, 34.036601], [-117.137193, 34.032647], [-117.114307, 34.024107], [-117.103818, 34.01936], [-117.105733, 34.011158], [-117.102316, 34.004777], [-117.138528, 34.004256], [-117.225369, 34.005347], [-117.211361, 34.033836], [-117.219362, 34.048257], [-117.226164, 34.062314], [-117.235036, 34.065481], [-117.243657, 34.075912], [-117.243725, 34.085384]]], [[[-117.22624, 34.073971], [-117.221774, 34.073962], [-117.221778, 34.070316], [-117.20049, 34.070211], [-117.200033, 34.070204], [-117.199976, 34.075439], [-117.1994, 34.077385], [-117.200524, 34.077379], [-117.200549, 34.08124], [-117.199847, 34.081021], [-117.199991, 34.091922], [-117.200454, 34.091931], [-117.201156, 34.09082], [-117.208746, 34.088837], [-117.21307, 34.090268], [-117.21307, 34.088369], [-117.21745, 34.088445], [-117.217441, 34.084842], [-117.22621, 34.084839], [-117.22624, 34.073971]]], [[[-117.249036, 34.07014], [-117.248671, 34.070136], [-117.248666, 34.069466], [-117.248075, 34.069302], [-117.24904, 34.069403], [-117.249036, 34.07014]]]]}}, {"type": "Feature", "properties": {"name": "Victorville"}, "geometry": {"type": "MultiPolygon", "coordinates": [[[[-117.468716, 34.484954], [-117.451009, 34.506485], [-117.416972, 34.50671], [-117.399444, 34.528564], [-117.364239, 34.543], [-117.374197, 34.560069], [-117.383017, 34.572181], [-117.400763, 34.586577], [-117.391657, 34.615815], [-117.359145, 34.64519], [-117.35642, 34.626537], [-117.34762, 34.598874], [-117.344869, 34.585269], [-117.334487, 34.578959], [-117.323105, 34.574267], [-117.332308, 34.583362], [-117.331949, 34.593637], [-117.295112, 34.586632], [-117.26889, 34.586315], [-117.281857, 34.565855], [-117.282193, 34.535938], [-117.287472, 34.533148], [-117.284995, 34.52914], [-117.280137, 34.51464], [-117.277364, 34.493267], [-117.268424, 34.476301], [-117.262222, 34.479115], [-117.258891, 34.481403], [-117.254039, 34.47095], [-117.275035, 34.471108], [-117.291973, 34.470954], [-117.325515, 34.470625], [-117.357383, 34.455916], [-117.386063, 34.437541], [-117.417125, 34.451169], [-117.434594, 34.463237], [-117.45543, 34.477434], [-117.468716, 34.484954]]], [[[-117.381781, 34.507229], [-117.380646, 34.507696], [-117.364337, 34.507719], [-117.364337, 34.514009], [-117.373135, 34.513966], [-117.381776, 34.51397], [-117.381827, 34.513523], [-117.381781, 34.507229]]], [[[-117.360077, 34.49945], [-117.360109, 34.492198], [-117.359931, 34.4922], [-117.346786, 34.492215], [-117.346788, 34.486159], [-117.341359, 34.486226], [-117.340109, 34.486704], [-117.336153, 34.490197], [-117.334901, 34.492359], [-117.3328, 34.492386], [-117.332302, 34.493496], [-117.334562, 34.493657], [-117.33448, 34.50328], [-117.3345, 34.505093], [-117.346771, 34.504919], [-117.346751, 34.503106], [-117.351172, 34.503097], [-117.351183, 34.506723], [-117.359137, 34.506711], [-117.364264, 34.499473], [-117.360077, 34.49945]]], [[[-117.341401, 34.575111], [-117.339381, 34.574211], [-117.339865, 34.575443], [-117.337762, 34.575428], [-117.336741, 34.575797], [-117.335833, 34.575205], [-117.335579, 34.576111], [-117.338244, 34.575596], [-117.339941, 34.575523], [-117.34325, 34.574911], [-117.341401, 34.575111]]], [[[-117.338079, 34.578957], [-117.335786, 34.578977], [-117.33486, 34.578955], [-117.33486, 34.579949], [-117.338094, 34.579901], [-117.338079, 34.578957]]]]}}, {"type": "Feature", "properties": {"name": "Yucaipa"}, "geometry": {"type": "Polygon", "coordinates": [[[-117.126232, 34.028152], [-117.12323, 34.030399], [-117.112786, 34.033874], [-117.107346, 34.04109], [-117.104197, 34.048], [-117.069207, 34.048344], [-117.060569, 34.055573], [-117.05205, 34.060944], [-117.052131, 34.066347], [-117.056451, 34.069801], [-117.056461, 34.077007], [-117.046351, 34.077146], [-117.013252, 34.077422], [-117.008177, 34.062885], [-116.986354, 34.063419], [-116.986359, 34.056265], [-116.990743, 34.052749], [-116.999412, 34.041344], [-116.998694, 34.0335], [-116.995554, 34.029801], [-116.990221, 34.033211], [-116.9805, 34.031452], [-116.990318, 34.026098], [-116.986114, 34.022284], [-116.98125, 34.018519], [-116.980424, 34.010072], [-116.974043, 34.01188], [-116.967421, 34.019054], [-116.962883, 34.017479], [-116.963278, 34.004815], [-116.980536, 34.004743], [-116.994807, 34.004516], [-117.021278, 34.004594], [-117.034456, 34.004881], [-117.04757, 34.004316], [-117.064855, 34.003941], [-117.086522, 34.00382], [-117.102316, 34.004777], [-117.105152, 34.009291], [-117.107327, 34.009851], [-117.107078, 34.0126], [-117.109243, 34.017525], [-117.103818, 34.01936], [-117.106658, 34.02244], [-117.114371, 34.023886], [-117.125984, 34.027031], [-117.126232, 34.028152]]]}}, {"type": "Feature", "properties": {"name": "Barstow"}, "geometry": {"type": "Polygon", "coordinates": [[[-117.153654, 34.877678], [-117.136169, 34.892866], [-117.11414, 34.87834], [-117.11799, 34.871], [-117.10042, 34.89257], [-117.07538, 34.895805], [-117.047457, 34.904695], [-117.029832, 34.906743], [-117.02395, 34.91118], [-117.018135, 34.917468], [-117.015017, 34.918195], [-117.01401, 34.91584], [-117.006222, 34.905814], [-116.997475, 34.903077], [-116.98618, 34.90212], [-116.979669, 34.913079], [-116.975345, 34.898476], [-116.981472, 34.894855], [-116.988735, 34.890087], [-116.971058, 34.883845], [-116.935811, 34.869352], [-116.944913, 34.862084], [-116.909141, 34.85082], [-116.944645, 34.847533], [-116.96323, 34.862029], [-117.04753, 34.87735], [-117.032958, 34.886219], [-117.053987, 34.884544], [-117.06499, 34.88017], [-117.069523, 34.817135], [-117.085171, 34.811811], [-117.101641, 34.805363], [-117.136271, 34.834952], [-117.136055, 34.853082], [-117.136107, 34.86634], [-117.15367, 34.863776], [-117.153654, 34.877678]]]}}, {"type": "Feature", "properties": {"name": "Big Bear Lake"}, "geometry": {"type": "Polygon", "coordinates": [[[-116.962272, 34.23924], [-116.959331, 34.241675], [-116.955543, 34.239151], [-116.950956, 34.23778], [-116.954313, 34.242659], [-116.956294, 34.245591], [-116.945503, 34.247237], [-116.943124, 34.24232], [-116.939581, 34.240408], [-116.936664, 34.241352], [-116.933266, 34.243429], [-116.937147, 34.245765], [-116.939935, 34.248751], [-116.938081, 34.251307], [-116.932473, 34.248372], [-116.928014, 34.247735], [-116.927998, 34.250623], [-116.924707, 34.247147], [-116.922437, 34.244607], [-116.919789, 34.242836], [-116.9179, 34.243692], [-116.912061, 34.2448], [-116.906245, 34.245712], [-116.902694, 34.250796], [-116.902876, 34.254539], [-116.897637, 34.251845], [-116.892025, 34.253412], [-116.88669, 34.255921], [-116.881544, 34.258074], [-116.874659, 34.262939], [-116.866147, 34.2629], [-116.866094, 34.253886], [-116.866179, 34.250392], [-116.866736, 34.2423], [-116.863698, 34.240968], [-116.858118, 34.237337], [-116.852367, 34.236018], [-116.844236, 34.230842], [-116.848596, 34.228489], [-116.866171, 34.234125], [-116.897468, 34.236151], [-116.918483, 34.232788], [-116.93583, 34.236473], [-116.937446, 34.234425], [-116.944762, 34.236569], [-116.962272, 34.23924]]]}}, {"type": "Feature", "properties": {"name": "Fontana"}, "geometry": {"type": "Polygon", "coordinates": [[[-117.524223, 34.048109], [-117.506863, 34.065727], [-117.495744, 34.068296], [-117.493159, 34.075575], [-117.475605, 34.070227], [-117.464659, 34.079276], [-117.460759, 34.090233], [-117.457998, 34.093808], [-117.460259, 34.106548], [-117.47572, 34.102821], [-117.48878, 34.104743], [-117.499682, 34.104652], [-117.514119, 34.104558], [-117.51463, 34.106449], [-117.513658, 34.121443], [-117.488394, 34.14232], [-117.486441, 34.150513], [-117.483941, 34.179337], [-117.46667, 34.172586], [-117.449416, 34.177945], [-117.440386, 34.183736], [-117.436435, 34.180867], [-117.431785, 34.16868], [-117.427346, 34.135865], [-117.427174, 34.121337], [-117.405324, 34.114043], [-117.405261, 34.099494], [-117.412061, 34.084952], [-117.417389, 34.077656], [-117.418224, 34.067663], [-117.422561, 34.04851], [-117.401463, 34.046632], [-117.40949, 34.040725], [-117.401997, 34.037842], [-117.433242, 34.034236], [-117.471238, 34.033554], [-117.499922, 34.033464], [-117.524223, 34.048109]]]}}, {"type": "Feature", "properties": {"name": "Colusa"}, "geometry": {"type": "MultiPolygon", "coordinates": [[[[-122.031373, 39.188094], [-122.02672, 39.188027], [-122.026754, 39.180306], [-122.031419, 39.180356], [-122.031373, 39.188094]]], [[[-122.036865, 39.20991], [-122.02105, 39.210234], [-122.018781, 39.21645], [-122.018148, 39.218303], [-122.017832, 39.220825], [-122.016161, 39.224804], [-122.015599, 39.231515], [-122.008127, 39.233623], [-122.001472, 39.233728], [-121.998836, 39.231833], [-122.003671, 39.230373], [-122.008374, 39.227012], [-122.011736, 39.219326], [-122.012394, 39.21667], [-122.000448, 39.213963], [-121.995847, 39.210979], [-121.992298, 39.212301], [-121.988992, 39.206676], [-121.997454, 39.210616], [-122.002935, 39.207997], [-122.001556, 39.207661], [-121.999299, 39.206115], [-122.000627, 39.200863], [-122.002229, 39.198952], [-121.989737, 39.176842], [-121.98324, 39.169383], [-121.995762, 39.164378], [-121.997474, 39.165934], [-121.999745, 39.178068], [-122.010684, 39.180429], [-122.01116, 39.18666], [-122.014651, 39.187883], [-122.011101, 39.200145], [-122.012395, 39.203489], [-122.011381, 39.205183], [-122.014971, 39.205078], [-122.01616, 39.200813], [-122.018282, 39.198601], [-122.014799, 39.197623], [-122.023104, 39.190883], [-122.027069, 39.19814], [-122.023018, 39.202405], [-122.027467, 39.200129], [-122.032337, 39.198175], [-122.037138, 39.202558], [-122.036865, 39.20991]]]]}}, {"type": "Feature", "properties": {"name": "Ceres"}, "geometry": {"type": "MultiPolygon", "coordinates": [[[[-121.011837, 37.595015], [-120.993591, 37.594873], [-120.984395, 37.594868], [-120.975293, 37.602861], [-120.971795, 37.604122], [-120.975341, 37.609287], [-120.971872, 37.61302], [-120.966188, 37.612928], [-120.967108, 37.61473], [-120.97077, 37.618408], [-120.975318, 37.620224], [-120.970698, 37.620698], [-120.967633, 37.619145], [-120.966145, 37.618437], [-120.962461, 37.620916], [-120.957008, 37.618394], [-120.951834, 37.619465], [-120.948824, 37.618437], [-120.940378, 37.6161], [-120.938701, 37.614379], [-120.936455, 37.615005], [-120.9331, 37.613553], [-120.930586, 37.61531], [-120.928427, 37.615838], [-120.924646, 37.614512], [-120.920488, 37.609323], [-120.924991, 37.594781], [-120.936122, 37.591161], [-120.936092, 37.583846], [-120.936748, 37.574724], [-120.93878, 37.577464], [-120.944923, 37.581135], [-120.947604, 37.583726], [-120.947763, 37.5816], [-120.948285, 37.58295], [-120.95021, 37.585152], [-120.950544, 37.58563], [-120.956892, 37.58562], [-120.956891, 37.58428], [-120.954949, 37.582956], [-120.953579, 37.581642], [-120.956904, 37.580311], [-120.966111, 37.5803], [-120.975327, 37.571582], [-120.993657, 37.572997], [-121.0119, 37.580513], [-121.011837, 37.595015]]], [[[-120.958214, 37.611125], [-120.957035, 37.611068], [-120.957044, 37.609236], [-120.952101, 37.609268], [-120.952485, 37.612843], [-120.954632, 37.614202], [-120.957031, 37.614155], [-120.957037, 37.613211], [-120.957037, 37.612825], [-120.958234, 37.61282], [-120.958214, 37.611125]]]]}}, {"type": "Feature", "properties": {"name": "Modesto"}, "geometry": {"type": "MultiPolygon", "coordinates": [[[[-121.0442, 37.621612], [-121.043908, 37.621722], [-121.043907, 37.621647], [-121.043989, 37.621615], [-121.044199, 37.621535], [-121.0442, 37.621612]]], [[[-121.07441, 37.699985], [-121.054536, 37.707478], [-121.022683, 37.704002], [-120.99442, 37.696359], [-120.971745, 37.699854], [-120.929762, 37.689016], [-120.917296, 37.681789], [-120.905852, 37.666042], [-120.91763, 37.657283], [-120.920878, 37.641835], [-120.967841, 37.637407], [-120.944329, 37.62367], [-120.942258, 37.618576], [-120.968073, 37.621777], [-120.978349, 37.625716], [-120.967148, 37.631667], [-120.968097, 37.637432], [-120.969648, 37.635448], [-120.978207, 37.637843], [-120.986548, 37.630768], [-120.993104, 37.626524], [-120.995689, 37.621527], [-120.986489, 37.616416], [-120.996492, 37.613972], [-121.000246, 37.609201], [-120.984912, 37.608166], [-120.989049, 37.59487], [-121.030271, 37.595048], [-121.030482, 37.613237], [-121.015415, 37.613313], [-121.025412, 37.618597], [-121.020883, 37.624923], [-121.015088, 37.626001], [-121.020102, 37.631408], [-121.026823, 37.627732], [-121.03043, 37.640839], [-121.049131, 37.645807], [-121.039751, 37.66771], [-121.054347, 37.683184], [-121.07441, 37.699985]]], [[[-121.044642, 37.649139], [-121.043374, 37.648067], [-121.040112, 37.648713], [-121.036715, 37.64803], [-121.034942, 37.648776], [-121.038628, 37.649443], [-121.037886, 37.653129], [-121.040207, 37.653104], [-121.043502, 37.653066], [-121.044683, 37.6512], [-121.044642, 37.649139]]], [[[-121.040255, 37.657803], [-121.037982, 37.658066], [-121.038025, 37.660467], [-121.040288, 37.660448], [-121.040255, 37.657803]]], [[[-121.035644, 37.654935], [-121.035141, 37.655008], [-121.035174, 37.653171], [-121.031026, 37.653229], [-121.031061, 37.656872], [-121.035665, 37.656817], [-121.035644, 37.654935]]], [[[-121.028669, 37.657922], [-121.028663, 37.653217], [-121.02799, 37.653215], [-121.027939, 37.649503], [-121.022762, 37.649104], [-121.022809, 37.645992], [-121.021041, 37.64599], [-121.02105, 37.650293], [-121.022294, 37.653196], [-121.023221, 37.653199], [-121.023241, 37.656335], [-121.02285, 37.656816], [-121.026492, 37.659911], [-121.026482, 37.658675], [-121.031094, 37.658699], [-121.028669, 37.657922]]], [[[-121.021126, 37.641848], [-121.017879, 37.641826], [-121.011876, 37.642507], [-121.014201, 37.64391], [-121.016489, 37.644547], [-121.021073, 37.64461], [-121.021126, 37.641848]]], [[[-121.018048, 37.633515], [-121.016444, 37.633516], [-121.016445, 37.631516], [-121.014126, 37.631512], [-121.014158, 37.634136], [-121.011857, 37.634114], [-121.011851, 37.63501], [-121.014164, 37.635054], [-121.014134, 37.638649], [-121.016434, 37.638639], [-121.018057, 37.636836], [-121.018048, 37.633515]]], [[[-121.016826, 37.595158], [-121.011838, 37.595156], [-121.0118, 37.598157], [-121.011614, 37.598664], [-121.008593, 37.599116], [-121.001322, 37.598572], [-121.00062, 37.600343], [-120.997991, 37.600822], [-120.994605, 37.600051], [-120.993516, 37.600715], [-120.993518, 37.602127], [-120.99352, 37.607614], [-121.000136, 37.607792], [-121.001216, 37.60853], [-121.003615, 37.60851], [-121.00589, 37.607895], [-121.005908, 37.604209], [-121.003513, 37.606814], [-121.002704, 37.607434], [-121.002712, 37.602233], [-121.004976, 37.602269], [-121.00675, 37.601694], [-121.006751, 37.602123], [-121.011601, 37.602174], [-121.011601, 37.602212], [-121.015461, 37.602234], [-121.016309, 37.601748], [-121.016376, 37.601796], [-121.016934, 37.601184], [-121.016826, 37.595158]]], [[[-121.015073, 37.628745], [-121.011766, 37.628753], [-121.01186, 37.631427], [-121.013581, 37.631426], [-121.013549, 37.629523], [-121.015073, 37.628745]]], [[[-121.011773, 37.613331], [-121.009491, 37.613351], [-121.007221, 37.613331], [-121.007218, 37.613789], [-121.007103, 37.618792], [-121.006278, 37.620573], [-121.005617, 37.62057], [-121.00605, 37.622421], [-121.004908, 37.622421], [-121.004907, 37.620568], [-121.004434, 37.619683], [-121.002635, 37.620555], [-121.002765, 37.624229], [-121.004918, 37.624248], [-121.004914, 37.623504], [-121.008324, 37.623508], [-121.007751, 37.624241], [-121.011738, 37.624232], [-121.011744, 37.620568], [-121.011757, 37.616522], [-121.011773, 37.613778], [-121.011773, 37.613331]]], [[[-120.975979, 37.683867], [-120.967392, 37.683895], [-120.967411, 37.684325], [-120.966947, 37.685241], [-120.962466, 37.685228], [-120.96242, 37.689003], [-120.964727, 37.68899], [-120.966979, 37.688989], [-120.967437, 37.686226], [-120.976023, 37.686213], [-120.975979, 37.683867]]], [[[-120.928332, 37.653613], [-120.929473, 37.652693], [-120.921305, 37.652737], [-120.921283, 37.65515], [-120.921664, 37.657083], [-120.9279, 37.657191], [-120.929778, 37.65633], [-120.928332, 37.653613]]], [[[-121.113039, 37.533989], [-121.110353, 37.536605], [-121.107717, 37.537557], [-121.104205, 37.541377], [-121.094125, 37.54234], [-121.085459, 37.540035], [-121.067029, 37.536932], [-121.067325, 37.52238], [-121.058224, 37.508159], [-121.048715, 37.478845], [-121.056123, 37.480768], [-121.058418, 37.484279], [-121.060605, 37.486292], [-121.063666, 37.482918], [-121.064876, 37.481758], [-121.066231, 37.480897], [-121.069712, 37.481851], [-121.067154, 37.483439], [-121.069349, 37.486675], [-121.072821, 37.490029], [-121.079681, 37.49296], [-121.081333, 37.496613], [-121.083877, 37.503403], [-121.086117, 37.506653], [-121.088277, 37.508604], [-121.094467, 37.512957], [-121.096298, 37.517094], [-121.090025, 37.518387], [-121.0966, 37.518097], [-121.099826, 37.518666], [-121.097448, 37.52378], [-121.099163, 37.525354], [-121.101511, 37.525021], [-121.102566, 37.526346], [-121.107921, 37.525559], [-121.110131, 37.528592], [-121.107755, 37.532505], [-121.113039, 37.533989]]]]}}, {"type": "Feature", "properties": {"name": "Patterson"}, "geometry": {"type": "MultiPolygon", "coordinates": [[[[-121.094064, 37.504834], [-121.091903, 37.501795], [-121.089556, 37.498496], [-121.093456, 37.496771], [-121.097973, 37.503024], [-121.094064, 37.504834]]], [[[-121.207136, 37.493465], [-121.194871, 37.49363], [-121.193363, 37.493351], [-121.177268, 37.493393], [-121.177374, 37.478996], [-121.168268, 37.479008], [-121.168211, 37.480845], [-121.159097, 37.48077], [-121.159108, 37.478941], [-121.147216, 37.478859], [-121.146832, 37.477646], [-121.142411, 37.478666], [-121.140876, 37.47857], [-121.140872, 37.479117], [-121.140813, 37.483683], [-121.140761, 37.488789], [-121.140754, 37.489602], [-121.141933, 37.491249], [-121.126202, 37.498465], [-121.123917, 37.495307], [-121.119981, 37.496972], [-121.117733, 37.493938], [-121.121632, 37.492149], [-121.114828, 37.482734], [-121.121695, 37.479597], [-121.119494, 37.476429], [-121.120379, 37.476024], [-121.118085, 37.472895], [-121.123118, 37.470584], [-121.120369, 37.467547], [-121.116679, 37.463588], [-121.121069, 37.461559], [-121.117724, 37.456965], [-121.119653, 37.45697], [-121.124083, 37.46064], [-121.140972, 37.460651], [-121.141075, 37.452597], [-121.144506, 37.452597], [-121.144477, 37.456353], [-121.147081, 37.45741], [-121.149469, 37.457778], [-121.159185, 37.457927], [-121.160322, 37.455948], [-121.162147, 37.455958], [-121.162158, 37.457291], [-121.167973, 37.45749], [-121.16938, 37.458435], [-121.173249, 37.458279], [-121.176045, 37.461798], [-121.178597, 37.464255], [-121.186012, 37.471977], [-121.188505, 37.472051], [-121.202876, 37.486333], [-121.198118, 37.486395], [-121.207136, 37.493465]]]]}}, {"type": "Feature", "properties": {"name": "Turlock"}, "geometry": {"type": "MultiPolygon", "coordinates": [[[[-120.903561, 37.492664], [-120.903581, 37.507239], [-120.885433, 37.507232], [-120.885527, 37.518163], [-120.890111, 37.518159], [-120.889862, 37.528712], [-120.891118, 37.533071], [-120.895332, 37.536697], [-120.895447, 37.536795], [-120.895332, 37.536795], [-120.895105, 37.536794], [-120.893482, 37.537094], [-120.89213, 37.537146], [-120.889656, 37.536857], [-120.871296, 37.536742], [-120.865199, 37.536727], [-120.862031, 37.536711], [-120.848061, 37.536678], [-120.839652, 37.536593], [-120.830195, 37.53657], [-120.828761, 37.536634], [-120.825648, 37.536645], [-120.826059, 37.521774], [-120.826067, 37.518138], [-120.821388, 37.51811], [-120.812078, 37.518002], [-120.81212, 37.507081], [-120.816833, 37.507124], [-120.816845, 37.500106], [-120.816886, 37.492644], [-120.82146, 37.492654], [-120.821462, 37.496416], [-120.826109, 37.496428], [-120.826111, 37.494561], [-120.828424, 37.493684], [-120.82841, 37.492672], [-120.828341, 37.482612], [-120.830668, 37.482591], [-120.830699, 37.484731], [-120.838033, 37.490019], [-120.839377, 37.489052], [-120.836909, 37.486713], [-120.840154, 37.488498], [-120.842226, 37.487004], [-120.834383, 37.480101], [-120.832054, 37.480463], [-120.833477, 37.479435], [-120.83272, 37.478105], [-120.832904, 37.478106], [-120.83296, 37.4745], [-120.830682, 37.47449], [-120.830782, 37.466333], [-120.845708, 37.4722], [-120.84674, 37.472515], [-120.846743, 37.47094], [-120.848988, 37.470969], [-120.853533, 37.470966], [-120.853537, 37.474546], [-120.869509, 37.474484], [-120.86952, 37.47816], [-120.881004, 37.47815], [-120.88541, 37.478144], [-120.903637, 37.478107], [-120.903561, 37.492664]]], [[[-120.863503, 37.481748], [-120.862641, 37.480327], [-120.862667, 37.478812], [-120.862631, 37.47817], [-120.859693, 37.478174], [-120.85898, 37.478175], [-120.860354, 37.480019], [-120.858087, 37.480018], [-120.858074, 37.481798], [-120.852701, 37.481794], [-120.852673, 37.483545], [-120.855861, 37.483527], [-120.855856, 37.48484], [-120.858048, 37.485426], [-120.858625, 37.485427], [-120.859818, 37.483623], [-120.862653, 37.48362], [-120.863503, 37.481748]]], [[[-120.850865, 37.478177], [-120.848977, 37.478176], [-120.848971, 37.479219], [-120.851236, 37.480436], [-120.850865, 37.478177]]], [[[-120.847955, 37.480816], [-120.846107, 37.478869], [-120.843545, 37.481907], [-120.846152, 37.484166], [-120.847594, 37.483114], [-120.846821, 37.481643], [-120.847955, 37.480816]]], [[[-120.843793, 37.485277], [-120.841417, 37.483186], [-120.840859, 37.48359], [-120.843279, 37.485664], [-120.843793, 37.485277]]], [[[-120.843565, 37.501101], [-120.840974, 37.500987], [-120.840425, 37.501289], [-120.840417, 37.503798], [-120.840977, 37.504191], [-120.842159, 37.504199], [-120.842165, 37.502367], [-120.843563, 37.502372], [-120.843565, 37.501101]]], [[[-120.831736, 37.488142], [-120.83067, 37.488032], [-120.830728, 37.491659], [-120.831797, 37.491951], [-120.831736, 37.488142]]], [[[-120.858087, 37.480018], [-120.856933, 37.478662], [-120.8567, 37.478179], [-120.855816, 37.478178], [-120.855804, 37.480017], [-120.858087, 37.480018]]]]}}, {"type": "Feature", "properties": {"name": "Escalon"}, "geometry": {"type": "MultiPolygon", "coordinates": [[[[-121.009612, 37.757202], [-121.00415, 37.757331], [-121.002915, 37.759022], [-121.002615, 37.758462], [-121.000513, 37.757448], [-121.004498, 37.752677], [-121.007326, 37.75121], [-121.008806, 37.750689], [-121.009774, 37.751733], [-121.009612, 37.757202]]], [[[-121.015173, 37.805765], [-121.008486, 37.805754], [-121.00154, 37.800504], [-121.001477, 37.802523], [-120.996835, 37.801582], [-120.996868, 37.802582], [-121.000547, 37.804633], [-120.996953, 37.80468], [-120.99701, 37.806911], [-120.992784, 37.806924], [-120.992626, 37.803718], [-120.99124, 37.80333], [-120.991888, 37.800635], [-120.980344, 37.800466], [-120.97925, 37.800743], [-120.978297, 37.800743], [-120.97841, 37.797649], [-120.980879, 37.797631], [-120.980816, 37.795922], [-120.978379, 37.795874], [-120.978352, 37.794218], [-120.982681, 37.794256], [-120.981719, 37.791168], [-120.978176, 37.791164], [-120.978165, 37.789342], [-120.982752, 37.789343], [-120.984055, 37.78752], [-120.986323, 37.788985], [-120.992179, 37.788906], [-120.991832, 37.785722], [-120.993192, 37.78572], [-120.993153, 37.782465], [-120.992307, 37.782063], [-120.996305, 37.782065], [-120.9962, 37.773085], [-120.999433, 37.773097], [-121.000505, 37.774869], [-121.000566, 37.778482], [-121.004208, 37.779458], [-121.002928, 37.780349], [-121.003181, 37.7875], [-121.000863, 37.787478], [-121.001123, 37.791715], [-121.007334, 37.791638], [-121.007353, 37.788307], [-121.010206, 37.789726], [-121.010217, 37.792267], [-121.014797, 37.792298], [-121.014862, 37.794379], [-121.014931, 37.797133], [-121.008811, 37.797142], [-121.008841, 37.798513], [-121.013125, 37.798531], [-121.014961, 37.79849], [-121.014966, 37.798561], [-121.015173, 37.805765]]]]}}, {"type": "Feature", "properties": {"name": "Manteca"}, "geometry": {"type": "MultiPolygon", "coordinates": [[[[-121.292972, 37.769001], [-121.28332, 37.775342], [-121.278607, 37.786902], [-121.26594, 37.786401], [-121.267056, 37.793287], [-121.261972, 37.801568], [-121.253286, 37.816572], [-121.258793, 37.832968], [-121.260075, 37.855606], [-121.245673, 37.840986], [-121.236276, 37.835414], [-121.21857, 37.826739], [-121.212752, 37.819204], [-121.198766, 37.811968], [-121.187301, 37.812013], [-121.180085, 37.801718], [-121.176854, 37.797556], [-121.185327, 37.784639], [-121.179312, 37.77623], [-121.160771, 37.762558], [-121.174318, 37.753938], [-121.180744, 37.756596], [-121.178873, 37.753888], [-121.188276, 37.765863], [-121.206482, 37.761176], [-121.220192, 37.761168], [-121.224729, 37.761558], [-121.224782, 37.768396], [-121.225993, 37.777118], [-121.229354, 37.77004], [-121.240836, 37.769503], [-121.249978, 37.773187], [-121.252139, 37.778723], [-121.258214, 37.775571], [-121.261243, 37.758518], [-121.2834, 37.760869], [-121.288784, 37.765501], [-121.292972, 37.769001]]], [[[-121.253721, 37.826521], [-121.244948, 37.826433], [-121.244197, 37.82648], [-121.244245, 37.827733], [-121.245003, 37.827734], [-121.245121, 37.830075], [-121.253961, 37.830091], [-121.253721, 37.826521]]], [[[-121.22649, 37.815559], [-121.226366, 37.815559], [-121.217825, 37.815564], [-121.217852, 37.816169], [-121.218338, 37.816189], [-121.218366, 37.816933], [-121.22635, 37.816925], [-121.226547, 37.816925], [-121.22649, 37.815559]]], [[[-121.20683, 37.784931], [-121.201446, 37.784891], [-121.200635, 37.784118], [-121.200689, 37.785619], [-121.207008, 37.789386], [-121.20683, 37.784931]]]]}}, {"type": "Feature", "properties": {"name": "Fort Jones"}, "geometry": {"type": "Polygon", "coordinates": [[[-122.853488, 41.605497], [-122.851536, 41.605309], [-122.846318, 41.607181], [-122.843545, 41.609411], [-122.845636, 41.610047], [-122.843904, 41.612695], [-122.840374, 41.611807], [-122.834107, 41.621062], [-122.832531, 41.622574], [-122.829739, 41.622002], [-122.836463, 41.615248], [-122.83522, 41.614218], [-122.829236, 41.614286], [-122.829424, 41.61026], [-122.833939, 41.612628], [-122.837899, 41.61336], [-122.836556, 41.611215], [-122.836142, 41.604552], [-122.8447, 41.6013], [-122.845921, 41.602336], [-122.845843, 41.599956], [-122.848789, 41.598879], [-122.851477, 41.599553], [-122.850161, 41.601055], [-122.852879, 41.603804], [-122.853488, 41.605497]]]}}, {"type": "Feature", "properties": {"name": "Montague"}, "geometry": {"type": "Polygon", "coordinates": [[[-122.552184, 41.732118], [-122.551327, 41.732126], [-122.551286, 41.735691], [-122.535723, 41.734842], [-122.524645, 41.734675], [-122.522092, 41.734794], [-122.515488, 41.734549], [-122.515494, 41.731823], [-122.510476, 41.7313], [-122.509167, 41.730685], [-122.50916, 41.729445], [-122.510474, 41.727771], [-122.512655, 41.729407], [-122.515562, 41.730441], [-122.515551, 41.724841], [-122.515718, 41.719957], [-122.519564, 41.719997], [-122.519613, 41.716331], [-122.535119, 41.716641], [-122.534885, 41.7246], [-122.534875, 41.726619], [-122.541929, 41.726345], [-122.541499, 41.724949], [-122.543719, 41.724915], [-122.544261, 41.725784], [-122.546205, 41.725709], [-122.546127, 41.727422], [-122.550328, 41.727492], [-122.550254, 41.72996], [-122.55222, 41.729965], [-122.552184, 41.732118]]]}}, {"type": "Feature", "properties": {"name": "Menifee"}, "geometry": {"type": "Polygon", "coordinates": [[[-117.258025, 33.693082], [-117.250874, 33.713982], [-117.240923, 33.71414], [-117.240649, 33.721421], [-117.233806, 33.722335], [-117.234139, 33.720537], [-117.231538, 33.7179], [-117.236241, 33.715468], [-117.224303, 33.714071], [-117.223266, 33.71563], [-117.223375, 33.724477], [-117.223427, 33.727162], [-117.223509, 33.737058], [-117.223521, 33.743034], [-117.19317, 33.735814], [-117.184744, 33.735657], [-117.180444, 33.742963], [-117.184748, 33.745913], [-117.189188, 33.750342], [-117.187139, 33.753308], [-117.184739, 33.754918], [-117.180403, 33.757643], [-117.154121, 33.757615], [-117.136471, 33.757653], [-117.136487, 33.735905], [-117.13651, 33.714122], [-117.13658, 33.685546], [-117.136643, 33.67052], [-117.136788, 33.650546], [-117.119103, 33.641618], [-117.123202, 33.627008], [-117.136804, 33.634226], [-117.145448, 33.634176], [-117.153993, 33.641456], [-117.16566, 33.634244], [-117.166447, 33.641522], [-117.171076, 33.627037], [-117.183285, 33.627025], [-117.223438, 33.626957], [-117.22352, 33.643489], [-117.223392, 33.663352], [-117.221096, 33.667012], [-117.216843, 33.670776], [-117.223273, 33.670509], [-117.240475, 33.67047], [-117.240474, 33.677701], [-117.236261, 33.677871], [-117.234955, 33.68089], [-117.235596, 33.685032], [-117.240526, 33.688625], [-117.253652, 33.684867], [-117.258044, 33.684828], [-117.258025, 33.693082]]]}}, {"type": "Feature", "properties": {"name": "Yreka"}, "geometry": {"type": "Polygon", "coordinates": [[[-122.670545, 41.743192], [-122.657119, 41.743416], [-122.645272, 41.744162], [-122.644317, 41.749461], [-122.639365, 41.75016], [-122.629909, 41.749835], [-122.626214, 41.75645], [-122.623806, 41.75751], [-122.593343, 41.769711], [-122.586259, 41.767712], [-122.603218, 41.756334], [-122.593104, 41.742494], [-122.592507, 41.73555], [-122.587702, 41.732972], [-122.590997, 41.729318], [-122.59326, 41.728373], [-122.601687, 41.727621], [-122.603731, 41.736843], [-122.613117, 41.73896], [-122.622662, 41.724021], [-122.630748, 41.717022], [-122.628721, 41.714784], [-122.615186, 41.712034], [-122.616766, 41.706054], [-122.613649, 41.702269], [-122.613614, 41.700303], [-122.622142, 41.698604], [-122.630582, 41.705832], [-122.632668, 41.705003], [-122.640464, 41.702161], [-122.637776, 41.689036], [-122.651015, 41.68441], [-122.655721, 41.691188], [-122.652875, 41.69827], [-122.659668, 41.707051], [-122.662664, 41.71258], [-122.655642, 41.714037], [-122.660373, 41.717466], [-122.665563, 41.72461], [-122.65616, 41.730931], [-122.656273, 41.733688], [-122.660979, 41.737709], [-122.670571, 41.735751], [-122.670545, 41.743192]]]}}, {"type": "Feature", "properties": {"name": "Monte Sereno"}, "geometry": {"type": "Polygon", "coordinates": [[[-122.004076, 37.240573], [-121.99995, 37.23732], [-121.999311, 37.237041], [-121.994529, 37.238084], [-121.99256, 37.24052], [-121.99237, 37.242639], [-121.99707, 37.24184], [-121.997014, 37.239942], [-122.000899, 37.241189], [-122.001262, 37.239883], [-122.002408, 37.240973], [-122.002127, 37.241441], [-122.002453, 37.241506], [-121.997099, 37.243909], [-121.995303, 37.246619], [-121.995425, 37.250288], [-121.98527, 37.25008], [-121.980084, 37.249607], [-121.979576, 37.252428], [-121.977262, 37.251135], [-121.973908, 37.251445], [-121.97154, 37.2478], [-121.974629, 37.247463], [-121.975262, 37.246557], [-121.97451, 37.24512], [-121.9733, 37.243053], [-121.972297, 37.242334], [-121.973254, 37.24188], [-121.97662, 37.24118], [-121.97701, 37.23844], [-121.9838, 37.23848], [-121.985328, 37.239996], [-121.986139, 37.238452], [-121.98381, 37.237392], [-121.981859, 37.234449], [-121.98434, 37.231146], [-121.985999, 37.229726], [-121.989612, 37.229571], [-121.991548, 37.229342], [-121.993383, 37.22883], [-121.997073, 37.227065], [-121.999328, 37.2279], [-122.00342, 37.23113], [-122.00377, 37.2326], [-121.999145, 37.23535], [-122.001154, 37.23501], [-122.003, 37.23561], [-122.004076, 37.240573]]]}}, {"type": "Feature", "properties": {"name": "Morgan Hill"}, "geometry": {"type": "Polygon", "coordinates": [[[-121.698048, 37.124006], [-121.693122, 37.133773], [-121.679136, 37.152955], [-121.672246, 37.155794], [-121.656762, 37.157112], [-121.633563, 37.165036], [-121.642367, 37.151266], [-121.642328, 37.139897], [-121.639933, 37.149627], [-121.63445, 37.13832], [-121.61682, 37.14094], [-121.6168, 37.162431], [-121.603606, 37.154519], [-121.595907, 37.148494], [-121.594285, 37.144258], [-121.583285, 37.137504], [-121.597554, 37.132719], [-121.584619, 37.111228], [-121.595408, 37.120013], [-121.61053, 37.13034], [-121.62288, 37.120584], [-121.628975, 37.11072], [-121.629938, 37.105206], [-121.623215, 37.100054], [-121.634383, 37.095521], [-121.616454, 37.095273], [-121.633676, 37.088824], [-121.644848, 37.090247], [-121.653228, 37.097332], [-121.647123, 37.109292], [-121.659064, 37.118055], [-121.664245, 37.116436], [-121.673123, 37.120801], [-121.676619, 37.130152], [-121.679931, 37.120769], [-121.698048, 37.124006]]]}}, {"type": "Feature", "properties": {"name": "Santa Clara"}, "geometry": {"type": "MultiPolygon", "coordinates": [[[[-122.004718, 37.32544], [-122.002424, 37.33408], [-121.995608, 37.341463], [-122.0022, 37.34527], [-122.000319, 37.352173], [-122.00051, 37.3586], [-121.995834, 37.36442], [-121.983432, 37.370415], [-121.982402, 37.370583], [-121.986896, 37.37407], [-121.993114, 37.377728], [-121.987023, 37.395973], [-121.968023, 37.419005], [-121.960601, 37.410129], [-121.947781, 37.401723], [-121.941679, 37.397793], [-121.935639, 37.38548], [-121.94752, 37.37775], [-121.942725, 37.373424], [-121.936091, 37.365864], [-121.941466, 37.367222], [-121.940646, 37.366436], [-121.931772, 37.357401], [-121.932135, 37.351219], [-121.931958, 37.344463], [-121.93208, 37.342364], [-121.933038, 37.337751], [-121.935253, 37.33769], [-121.93957, 37.3379], [-121.950191, 37.334115], [-121.950323, 37.32847], [-121.95549, 37.3299], [-121.950196, 37.326969], [-121.94667, 37.323366], [-121.95978, 37.32332], [-121.98238, 37.32319], [-122.00015, 37.32309], [-122.004718, 37.32544]]], [[[-121.97951, 37.339101], [-121.978996, 37.337937], [-121.978915, 37.337937], [-121.978854, 37.337937], [-121.978822, 37.337937], [-121.978777, 37.337937], [-121.978838, 37.338136], [-121.979196, 37.33893], [-121.979298, 37.33921], [-121.97951, 37.339101]]]]}}, {"type": "Feature", "properties": {"name": "Saratoga"}, "geometry": {"type": "Polygon", "coordinates": [[[-122.068568, 37.27196], [-122.064048, 37.272675], [-122.06236, 37.279392], [-122.061972, 37.279458], [-122.058171, 37.279119], [-122.054924, 37.286419], [-122.05464, 37.290601], [-122.049487, 37.292967], [-122.04073, 37.2938], [-122.032264, 37.293965], [-122.025978, 37.293869], [-122.014957, 37.293565], [-122.00741, 37.296411], [-122.002591, 37.294844], [-121.993891, 37.291998], [-121.996349, 37.28782], [-121.994313, 37.280536], [-121.989497, 37.276231], [-121.993661, 37.270491], [-121.991962, 37.263629], [-121.99267, 37.258021], [-121.994824, 37.25202], [-121.995757, 37.247884], [-121.997099, 37.243909], [-122.002383, 37.241492], [-122.005926, 37.240254], [-122.01234, 37.240443], [-122.013569, 37.243799], [-122.02019, 37.24302], [-122.022367, 37.242354], [-122.023819, 37.241067], [-122.027232, 37.242886], [-122.045161, 37.248411], [-122.050302, 37.252038], [-122.053318, 37.250144], [-122.059306, 37.261019], [-122.06791, 37.265862], [-122.068568, 37.27196]]]}}, {"type": "Feature", "properties": {"name": "Clearlake"}, "geometry": {"type": "Polygon", "coordinates": [[[-122.698118, 38.981199], [-122.69126, 38.980957], [-122.68639, 38.98146], [-122.685479, 38.993433], [-122.6699, 38.994614], [-122.663229, 38.990783], [-122.659204, 38.992075], [-122.65897, 38.987001], [-122.649495, 38.98337], [-122.652064, 38.981813], [-122.643208, 38.971964], [-122.633612, 38.969089], [-122.63106, 38.972668], [-122.621596, 38.976432], [-122.616783, 38.976339], [-122.602608, 38.983245], [-122.607589, 38.96937], [-122.603333, 38.961719], [-122.576046, 38.931919], [-122.587135, 38.927123], [-122.592236, 38.923462], [-122.60564, 38.922463], [-122.611743, 38.92556], [-122.614872, 38.925231], [-122.622652, 38.927717], [-122.630225, 38.931912], [-122.637199, 38.93106], [-122.642702, 38.934985], [-122.6359, 38.938842], [-122.63473, 38.941819], [-122.636969, 38.947627], [-122.644366, 38.95348], [-122.649978, 38.95853], [-122.650482, 38.963068], [-122.656488, 38.968025], [-122.663209, 38.968027], [-122.668823, 38.9705], [-122.676789, 38.974967], [-122.684825, 38.97695], [-122.689569, 38.980796], [-122.695164, 38.980208], [-122.699394, 38.977565], [-122.698118, 38.981199]]]}}, {"type": "Feature", "properties": {"name": "Lakeport"}, "geometry": {"type": "Polygon", "coordinates": [[[-122.938152, 39.036851], [-122.934475, 39.036841], [-122.9332, 39.036406], [-122.932886, 39.040465], [-122.930797, 39.040448], [-122.93066, 39.041857], [-122.931271, 39.04378], [-122.931386, 39.050024], [-122.93075, 39.054966], [-122.930792, 39.056366], [-122.931182, 39.059004], [-122.931679, 39.062413], [-122.919348, 39.062268], [-122.917913, 39.063281], [-122.911568, 39.062435], [-122.911618, 39.061203], [-122.9119, 39.054759], [-122.912046, 39.050413], [-122.91209, 39.039789], [-122.912439, 39.03815], [-122.912416, 39.03573], [-122.912436, 39.029578], [-122.910909, 39.027594], [-122.91236, 39.025771], [-122.9114, 39.024936], [-122.915436, 39.023419], [-122.917392, 39.023707], [-122.917644, 39.023599], [-122.913828, 39.018007], [-122.91333, 39.016986], [-122.912231, 39.016389], [-122.913733, 39.015681], [-122.91405, 39.014333], [-122.917106, 39.014409], [-122.916902, 39.010775], [-122.931262, 39.011029], [-122.932484, 39.012956], [-122.931144, 39.014523], [-122.931167, 39.018066], [-122.921945, 39.018066], [-122.921863, 39.025851], [-122.921263, 39.02697], [-122.923217, 39.02697], [-122.923264, 39.028826], [-122.926514, 39.028889], [-122.926462, 39.031521], [-122.929399, 39.031554], [-122.929398, 39.033163], [-122.930703, 39.033136], [-122.930927, 39.030394], [-122.932605, 39.030394], [-122.932605, 39.03322], [-122.935798, 39.033253], [-122.935768, 39.035055], [-122.93706, 39.035088], [-122.937014, 39.033282], [-122.938233, 39.033254], [-122.938152, 39.036851]]]}}, {"type": "Feature", "properties": {"name": "Citrus Heights"}, "geometry": {"type": "Polygon", "coordinates": [[[-121.331884, 38.686265], [-121.326572, 38.691506], [-121.326447, 38.69845], [-121.326278, 38.705377], [-121.326318, 38.706854], [-121.325133, 38.707648], [-121.316474, 38.714977], [-121.313673, 38.718202], [-121.313314, 38.718641], [-121.305935, 38.722635], [-121.296399, 38.722049], [-121.290403, 38.721501], [-121.281961, 38.720902], [-121.271894, 38.720215], [-121.267203, 38.719887], [-121.2606, 38.719426], [-121.254245, 38.718949], [-121.243891, 38.716945], [-121.244327, 38.700517], [-121.244368, 38.693169], [-121.253006, 38.69709], [-121.258049, 38.695638], [-121.258893, 38.693192], [-121.262274, 38.692046], [-121.26224, 38.678534], [-121.26218, 38.668583], [-121.262167, 38.666451], [-121.263041, 38.664034], [-121.272142, 38.663906], [-121.284563, 38.66373], [-121.297677, 38.663545], [-121.299315, 38.665941], [-121.2994, 38.670676], [-121.309147, 38.671962], [-121.311349, 38.672911], [-121.310042, 38.673542], [-121.31263, 38.670965], [-121.316646, 38.672557], [-121.319823, 38.673877], [-121.327501, 38.672737], [-121.327362, 38.673664], [-121.327018, 38.674781], [-121.328449, 38.675136], [-121.328026, 38.67691], [-121.327742, 38.678111], [-121.326837, 38.679569], [-121.32671, 38.687981], [-121.331884, 38.686265]]]}}, {"type": "Feature", "properties": {"name": "Galt"}, "geometry": {"type": "MultiPolygon", "coordinates": [[[[-121.32603, 38.261931], [-121.323214, 38.261939], [-121.323232, 38.26502], [-121.317745, 38.265035], [-121.317668, 38.261946], [-121.310035, 38.262013], [-121.318073, 38.283741], [-121.308061, 38.283785], [-121.31049, 38.287643], [-121.312158, 38.289589], [-121.313199, 38.291047], [-121.312377, 38.291054], [-121.301201, 38.29113], [-121.297784, 38.291159], [-121.287221, 38.291245], [-121.285878, 38.291258], [-121.28587, 38.295282], [-121.279383, 38.295288], [-121.27939, 38.29249], [-121.280124, 38.292486], [-121.280102, 38.29133], [-121.265455, 38.291463], [-121.264369, 38.291726], [-121.264268, 38.284963], [-121.264256, 38.284182], [-121.265689, 38.284175], [-121.273485, 38.279857], [-121.273431, 38.277008], [-121.278971, 38.276825], [-121.282548, 38.27671], [-121.282629, 38.276187], [-121.282626, 38.274791], [-121.282267, 38.249836], [-121.283031, 38.249659], [-121.283953, 38.250351], [-121.284697, 38.250294], [-121.285755, 38.248351], [-121.286282, 38.247197], [-121.287988, 38.245815], [-121.288137, 38.245636], [-121.291262, 38.240307], [-121.292701, 38.238871], [-121.295505, 38.237624], [-121.300685, 38.236716], [-121.305311, 38.234751], [-121.306782, 38.234756], [-121.306721, 38.240226], [-121.313088, 38.240199], [-121.313511, 38.240197], [-121.313477, 38.247397], [-121.316435, 38.24739], [-121.319234, 38.247383], [-121.31925, 38.248467], [-121.321918, 38.248564], [-121.321899, 38.254668], [-121.321921, 38.256128], [-121.324682, 38.256239], [-121.324687, 38.258263], [-121.32605, 38.258314], [-121.32603, 38.261931]]], [[[-121.297315, 38.243639], [-121.296687, 38.243636], [-121.296713, 38.243832], [-121.297341, 38.243827], [-121.297315, 38.243639]]], [[[-121.337538, 38.305492], [-121.337494, 38.30542], [-121.328173, 38.305459], [-121.326018, 38.305351], [-121.322461, 38.295726], [-121.337635, 38.295653], [-121.337538, 38.305492]]]]}}, {"type": "Feature", "properties": {"name": "Rancho Cordova"}, "geometry": {"type": "Polygon", "coordinates": [[[-121.336474, 38.572471], [-121.328436, 38.579485], [-121.326938, 38.586734], [-121.331639, 38.594468], [-121.326281, 38.602639], [-121.318092, 38.6027], [-121.308746, 38.60773], [-121.303213, 38.614164], [-121.304192, 38.624176], [-121.291448, 38.630672], [-121.289994, 38.625448], [-121.285128, 38.620701], [-121.266842, 38.629655], [-121.268146, 38.61837], [-121.246524, 38.618164], [-121.21713, 38.630935], [-121.211831, 38.619914], [-121.218545, 38.621824], [-121.221748, 38.621177], [-121.234256, 38.620606], [-121.234321, 38.610475], [-121.235947, 38.602938], [-121.239344, 38.599891], [-121.246304, 38.591924], [-121.204102, 38.582569], [-121.200821, 38.578455], [-121.187393, 38.581129], [-121.187224, 38.559135], [-121.187258, 38.536699], [-121.189526, 38.532123], [-121.242456, 38.505756], [-121.242957, 38.548379], [-121.247461, 38.556173], [-121.253814, 38.559506], [-121.270082, 38.567856], [-121.277301, 38.567787], [-121.290688, 38.565632], [-121.305281, 38.566426], [-121.3146, 38.562825], [-121.32787, 38.557386], [-121.33636, 38.566085], [-121.336474, 38.572471]]]}}, {"type": "Feature", "properties": {"name": "Costa Mesa"}, "geometry": {"type": "Polygon", "coordinates": [[[-117.953927, 33.643734], [-117.950844, 33.652302], [-117.950686, 33.652857], [-117.945132, 33.672386], [-117.939284, 33.687082], [-117.929533, 33.701981], [-117.907824, 33.696307], [-117.8983, 33.69639], [-117.89216, 33.69412], [-117.86822, 33.69408], [-117.86763, 33.69178], [-117.86812, 33.687996], [-117.866515, 33.682293], [-117.873828, 33.673442], [-117.877883, 33.66511], [-117.879409, 33.663573], [-117.883083, 33.665555], [-117.887023, 33.668347], [-117.887626, 33.660984], [-117.890742, 33.656077], [-117.890118, 33.655648], [-117.891449, 33.651514], [-117.898615, 33.648576], [-117.900931, 33.64192], [-117.899232, 33.637953], [-117.903254, 33.633908], [-117.911464, 33.625644], [-117.919241, 33.626329], [-117.920907, 33.627488], [-117.927564, 33.632145], [-117.931848, 33.632486], [-117.936194, 33.633363], [-117.942751, 33.637427], [-117.941745, 33.643285], [-117.945125, 33.643342], [-117.953927, 33.643734]]]}}, {"type": "Feature", "properties": {"name": "Ojai"}, "geometry": {"type": "MultiPolygon", "coordinates": [[[[-119.274569, 34.436128], [-119.272942, 34.441164], [-119.27088, 34.447213], [-119.270547, 34.448054], [-119.268866, 34.446641], [-119.263198, 34.445258], [-119.262426, 34.447328], [-119.260255, 34.446606], [-119.260194, 34.444844], [-119.256929, 34.447078], [-119.258342, 34.44983], [-119.257973, 34.451244], [-119.258935, 34.451243], [-119.258633, 34.453355], [-119.260114, 34.457602], [-119.260267, 34.458083], [-119.247159, 34.461825], [-119.2507, 34.463382], [-119.250617, 34.468125], [-119.250599, 34.470577], [-119.236798, 34.470662], [-119.236862, 34.46486], [-119.235025, 34.465264], [-119.233628, 34.465783], [-119.233755, 34.460017], [-119.232943, 34.460035], [-119.23303, 34.45437], [-119.228277, 34.454325], [-119.22048, 34.454502], [-119.222095, 34.452829], [-119.223512, 34.449117], [-119.22079, 34.44857], [-119.220605, 34.446488], [-119.225216, 34.445957], [-119.224896, 34.444102], [-119.222759, 34.444811], [-119.222426, 34.442789], [-119.227919, 34.442127], [-119.227472, 34.43959], [-119.233247, 34.438649], [-119.233915, 34.438046], [-119.235076, 34.438662], [-119.240371, 34.436409], [-119.24126, 34.436148], [-119.245311, 34.43538], [-119.245637, 34.435062], [-119.24696, 34.434603], [-119.247545, 34.435104], [-119.248406, 34.436152], [-119.248036, 34.437676], [-119.253495, 34.437831], [-119.254148, 34.435413], [-119.252808, 34.434963], [-119.255498, 34.434836], [-119.255589, 34.430883], [-119.257356, 34.43005], [-119.258411, 34.429244], [-119.263967, 34.434758], [-119.26433, 34.433573], [-119.265304, 34.432585], [-119.266368, 34.432221], [-119.270577, 34.431909], [-119.272997, 34.435385], [-119.274569, 34.436128]]], [[[-119.223512, 34.449117], [-119.224236, 34.449106], [-119.22499, 34.449058], [-119.225068, 34.44907], [-119.225598, 34.449048], [-119.225297, 34.447308], [-119.22326, 34.44755], [-119.223512, 34.449117]]]]}}, {"type": "Feature", "properties": {"name": "Simi Valley"}, "geometry": {"type": "MultiPolygon", "coordinates": [[[[-118.831114, 34.28754], [-118.824249, 34.287614], [-118.816059, 34.292255], [-118.803681, 34.293885], [-118.797294, 34.288682], [-118.785125, 34.290597], [-118.766399, 34.294965], [-118.746782, 34.319283], [-118.721579, 34.320312], [-118.719709, 34.313033], [-118.71158, 34.302036], [-118.704451, 34.304314], [-118.695581, 34.306394], [-118.690204, 34.297082], [-118.673974, 34.299329], [-118.656525, 34.289916], [-118.656982, 34.281624], [-118.65545, 34.273121], [-118.646185, 34.27045], [-118.64002, 34.266944], [-118.633281, 34.268322], [-118.637252, 34.265296], [-118.652668, 34.263432], [-118.67378, 34.265072], [-118.68008, 34.265457], [-118.679741, 34.259726], [-118.713495, 34.262282], [-118.719543, 34.264474], [-118.725487, 34.241003], [-118.719149, 34.226296], [-118.750158, 34.216188], [-118.778603, 34.213146], [-118.783369, 34.216779], [-118.795809, 34.218304], [-118.806247, 34.2242], [-118.81314, 34.225475], [-118.815377, 34.239567], [-118.824445, 34.249865], [-118.820718, 34.262977], [-118.813412, 34.258968], [-118.815348, 34.276223], [-118.831114, 34.28754]]], [[[-118.799366, 34.25734], [-118.79802, 34.256079], [-118.796095, 34.257747], [-118.79797, 34.258714], [-118.799366, 34.258991], [-118.799366, 34.25734]]], [[[-118.793483, 34.253003], [-118.791267, 34.25309], [-118.787568, 34.251569], [-118.787571, 34.254919], [-118.787586, 34.26185], [-118.788776, 34.263168], [-118.789986, 34.262158], [-118.793101, 34.262187], [-118.792147, 34.260035], [-118.792589, 34.257937], [-118.794816, 34.25447], [-118.793483, 34.253003]]], [[[-118.746708, 34.289878], [-118.74464, 34.289874], [-118.744636, 34.291213], [-118.744899, 34.291226], [-118.745015, 34.291732], [-118.744977, 34.292322], [-118.74535, 34.29246], [-118.745443, 34.292819], [-118.746253, 34.292585], [-118.746139, 34.291594], [-118.746276, 34.290863], [-118.746708, 34.289878]]], [[[-118.742325, 34.291826], [-118.740732, 34.291823], [-118.740762, 34.289874], [-118.738062, 34.289876], [-118.737357, 34.29098], [-118.738395, 34.293623], [-118.738077, 34.293837], [-118.741778, 34.293939], [-118.740864, 34.293145], [-118.742325, 34.292096], [-118.742325, 34.291826]]], [[[-118.737255, 34.294005], [-118.737243, 34.293352], [-118.736846, 34.293505], [-118.73457, 34.293501], [-118.734569, 34.294583], [-118.727789, 34.297146], [-118.726457, 34.295958], [-118.726533, 34.298513], [-118.737331, 34.293987], [-118.737255, 34.294005]]], [[[-118.734118, 34.29031], [-118.733226, 34.290289], [-118.732491, 34.291633], [-118.732491, 34.293499], [-118.734118, 34.293501], [-118.734118, 34.29031]]], [[[-118.726495, 34.293497], [-118.720759, 34.293498], [-118.720913, 34.296743], [-118.720873, 34.296998], [-118.720272, 34.297189], [-118.717674, 34.297207], [-118.719009, 34.300151], [-118.720092, 34.299881], [-118.721179, 34.296936], [-118.724852, 34.296879], [-118.7265, 34.295196], [-118.726495, 34.293497]]], [[[-118.660792, 34.275166], [-118.659361, 34.275084], [-118.658516, 34.27578], [-118.658574, 34.276224], [-118.658563, 34.276535], [-118.660031, 34.27729], [-118.660792, 34.275166]]]]}}, {"type": "Feature", "properties": {"name": "Crescent City"}, "geometry": {"type": "MultiPolygon", "coordinates": [[[[-124.158492, 41.850067], [-124.15437, 41.858094], [-124.141946, 41.858061], [-124.142647, 41.851373], [-124.151315, 41.851462], [-124.151411, 41.848022], [-124.160163, 41.847822], [-124.158492, 41.850067]]], [[[-124.214593, 41.751933], [-124.214732, 41.753788], [-124.214709, 41.758228], [-124.213623, 41.75823], [-124.207638, 41.758224], [-124.20591, 41.756426], [-124.205095, 41.756401], [-124.204945, 41.758206], [-124.19934, 41.758128], [-124.201293, 41.76061], [-124.201992, 41.762447], [-124.203675, 41.76245], [-124.204346, 41.767324], [-124.2092, 41.767294], [-124.210301, 41.768025], [-124.210233, 41.77275], [-124.200544, 41.772728], [-124.199957, 41.770419], [-124.198874, 41.767327], [-124.198743, 41.767322], [-124.196938, 41.765479], [-124.195109, 41.765514], [-124.194026, 41.766372], [-124.192482, 41.767411], [-124.191387, 41.76633], [-124.189347, 41.766317], [-124.190433, 41.765242], [-124.190522, 41.754282], [-124.190552, 41.753746], [-124.185322, 41.752667], [-124.183432, 41.752826], [-124.181366, 41.751192], [-124.180624, 41.751834], [-124.176917, 41.748965], [-124.178634, 41.747574], [-124.183631, 41.75122], [-124.185752, 41.749452], [-124.190378, 41.750838], [-124.190206, 41.743334], [-124.190812, 41.742033], [-124.189786, 41.740455], [-124.190503, 41.738453], [-124.189892742872, 41.7367402339833], [-124.19104, 41.736079], [-124.193287086793, 41.7364804090641], [-124.194953, 41.736778], [-124.200664, 41.745094], [-124.203843, 41.747035], [-124.209645, 41.748233], [-124.21581432128, 41.751281859306], [-124.214593, 41.751933]]]]}}, {"type": "Feature", "properties": {"name": "West Sacramento"}, "geometry": {"type": "Polygon", "coordinates": [[[-121.58815, 38.542337], [-121.587479, 38.544994], [-121.584996, 38.549245], [-121.582898, 38.551004], [-121.583231, 38.573234], [-121.582898, 38.573489], [-121.582886, 38.576236], [-121.582766, 38.57875], [-121.570491, 38.582635], [-121.572616, 38.589414], [-121.570868, 38.590628], [-121.573809, 38.593906], [-121.5758, 38.596883], [-121.576173, 38.59767], [-121.572436, 38.598226], [-121.561202, 38.601371], [-121.555778, 38.602715], [-121.553864, 38.603594], [-121.549869, 38.599405], [-121.54789, 38.598774], [-121.544567, 38.597704], [-121.54349, 38.598506], [-121.54055, 38.600769], [-121.539067, 38.601904], [-121.534797, 38.60295], [-121.527667, 38.604604], [-121.525725, 38.604294], [-121.524954, 38.604171], [-121.515766, 38.602704], [-121.511566, 38.600904], [-121.508668, 38.596803], [-121.506835, 38.589022], [-121.506275, 38.586288], [-121.508266, 38.580505], [-121.511566, 38.575005], [-121.518966, 38.568705], [-121.520965, 38.566205], [-121.518451, 38.561275], [-121.516537, 38.557895], [-121.51513, 38.555168], [-121.51129, 38.54629], [-121.512618, 38.541666], [-121.513199, 38.540743], [-121.520366, 38.535367], [-121.528467, 38.532106], [-121.529774, 38.53121], [-121.530976, 38.52897], [-121.530767, 38.527906], [-121.529922, 38.52678], [-121.525177, 38.522682], [-121.524199, 38.52151], [-121.5255, 38.518777], [-121.531396, 38.51727], [-121.540823, 38.516504], [-121.54548, 38.515615], [-121.551782, 38.513861], [-121.553569, 38.512305], [-121.554985, 38.510164], [-121.55855, 38.503174], [-121.558676, 38.50214], [-121.558701, 38.501939], [-121.575653, 38.504028], [-121.582528, 38.505417], [-121.582421, 38.504473], [-121.582221, 38.502688], [-121.584584, 38.502694], [-121.58768, 38.502708], [-121.588345, 38.515465], [-121.58815, 38.542337]]]}}, {"type": "Feature", "properties": {"name": "Woodland"}, "geometry": {"type": "MultiPolygon", "coordinates": [[[[-121.708185, 38.669332], [-121.676677, 38.669332], [-121.676677, 38.65499], [-121.708185, 38.65499], [-121.708185, 38.669332]]], [[[-121.802658, 38.66312], [-121.80261, 38.666385], [-121.802514, 38.677667], [-121.802493, 38.684907], [-121.802442, 38.692186], [-121.802438, 38.694736], [-121.797782, 38.694738], [-121.797782, 38.694211], [-121.793183, 38.69427], [-121.793153, 38.692066], [-121.788365, 38.69204], [-121.788479, 38.695359], [-121.786272, 38.695336], [-121.786321, 38.693885], [-121.785725, 38.692028], [-121.783822, 38.692021], [-121.775287, 38.691929], [-121.77524, 38.696803], [-121.769279, 38.69191], [-121.765256, 38.691876], [-121.76522, 38.695864], [-121.770304, 38.697096], [-121.770248, 38.698841], [-121.765207, 38.698915], [-121.765165, 38.709313], [-121.76203, 38.7093], [-121.765052, 38.701785], [-121.764738, 38.700374], [-121.76294, 38.698762], [-121.727874, 38.698546], [-121.727832, 38.69176], [-121.735358, 38.691715], [-121.735622, 38.684454], [-121.737492, 38.684459], [-121.737039, 38.677423], [-121.728544, 38.677341], [-121.7284, 38.684423], [-121.718781, 38.684309], [-121.714274, 38.684535], [-121.709818, 38.67833], [-121.709363, 38.673452], [-121.722174, 38.673316], [-121.723445, 38.67232], [-121.723446, 38.671115], [-121.728514, 38.671092], [-121.728539, 38.663596], [-121.719108, 38.663557], [-121.719108, 38.669264], [-121.709439, 38.669225], [-121.70944, 38.647789], [-121.719102, 38.647841], [-121.719039, 38.640792], [-121.72914, 38.640924], [-121.747392, 38.640978], [-121.747701, 38.641977], [-121.747359, 38.655706], [-121.761183, 38.655528], [-121.761264, 38.651848], [-121.765907, 38.651566], [-121.7659, 38.655719], [-121.775056, 38.655738], [-121.784318, 38.655786], [-121.793546, 38.655975], [-121.797757, 38.655907], [-121.802678, 38.656058], [-121.802658, 38.66312]]], [[[-121.765615, 38.662869], [-121.761044, 38.662842], [-121.760782, 38.666709], [-121.765556, 38.6669], [-121.765615, 38.662869]]], [[[-121.719102, 38.647841], [-121.719102, 38.648097], [-121.719105, 38.662951], [-121.728469, 38.663005], [-121.728892, 38.647891], [-121.72106, 38.64785], [-121.719102, 38.647841]]]]}}, {"type": "Feature", "properties": {"name": "Lincoln"}, "geometry": {"type": "MultiPolygon", "coordinates": [[[[-121.358456, 38.926453], [-121.344598, 38.926456], [-121.340057, 38.919275], [-121.317684, 38.911802], [-121.303119, 38.903541], [-121.279477, 38.904642], [-121.274732, 38.905684], [-121.272442, 38.908446], [-121.265214, 38.904805], [-121.252381, 38.900963], [-121.251619, 38.897715], [-121.247134, 38.894008], [-121.245936, 38.890191], [-121.247106, 38.886499], [-121.235828, 38.868413], [-121.232416, 38.866671], [-121.228716, 38.861931], [-121.228277, 38.861199], [-121.228809, 38.856154], [-121.231452, 38.851404], [-121.23148, 38.845243], [-121.231646, 38.839157], [-121.247058, 38.839213], [-121.266109, 38.83921], [-121.290646, 38.839604], [-121.299713, 38.839621], [-121.307099, 38.839034], [-121.306711, 38.852234], [-121.304952, 38.857113], [-121.326034, 38.857155], [-121.335493, 38.853561], [-121.338894, 38.856103], [-121.345799, 38.851683], [-121.349293, 38.868102], [-121.335494, 38.86811], [-121.330676, 38.864517], [-121.33177, 38.868134], [-121.330627, 38.872736], [-121.321855, 38.873662], [-121.321399, 38.886294], [-121.330714, 38.889956], [-121.334456, 38.897262], [-121.340268, 38.897283], [-121.358454, 38.920076], [-121.358456, 38.926453]]], [[[-121.405051, 38.948126], [-121.38638, 38.948162], [-121.386351, 38.940904], [-121.405055, 38.940864], [-121.405051, 38.948126]]]]}}, {"type": "Feature", "properties": {"name": "Shasta Lake"}, "geometry": {"type": "Polygon", "coordinates": [[[-122.411286, 40.688403], [-122.411072, 40.709456], [-122.405248, 40.709671], [-122.393463, 40.709755], [-122.392414, 40.705829], [-122.389862, 40.695349], [-122.387748, 40.695338], [-122.362844, 40.695251], [-122.360343, 40.695221], [-122.355309, 40.695229], [-122.355251, 40.699831], [-122.355225, 40.700245], [-122.355304, 40.705935], [-122.337722, 40.706048], [-122.337203, 40.705865], [-122.341976, 40.698215], [-122.344324, 40.694155], [-122.348254, 40.680262], [-122.345564, 40.680173], [-122.345048, 40.668896], [-122.345228, 40.667589], [-122.345434, 40.664918], [-122.345411, 40.662199], [-122.34543, 40.658373], [-122.349449, 40.658366], [-122.355029, 40.658343], [-122.355028, 40.656438], [-122.354933, 40.651077], [-122.361318, 40.651023], [-122.364737, 40.651031], [-122.384208, 40.650943], [-122.392486, 40.651052], [-122.393822, 40.663193], [-122.394074, 40.665724], [-122.396914, 40.665734], [-122.411231, 40.66572], [-122.4111, 40.685456], [-122.411286, 40.688403]]]}}, {"type": "Feature", "properties": {"name": "Cotati"}, "geometry": {"type": "Polygon", "coordinates": [[[-122.728998, 38.334477], [-122.726929, 38.333536], [-122.726938, 38.335917], [-122.724605, 38.335899], [-122.724581, 38.334601], [-122.719821, 38.334521], [-122.717226, 38.333668], [-122.71569, 38.335352], [-122.722416, 38.339218], [-122.722241, 38.342301], [-122.722924, 38.343063], [-122.713333, 38.343078], [-122.713044, 38.342455], [-122.712793, 38.341914], [-122.712732, 38.337042], [-122.712215, 38.335871], [-122.707984, 38.333295], [-122.706527, 38.333827], [-122.70522, 38.331702], [-122.706258, 38.330665], [-122.703997, 38.328186], [-122.697967, 38.330671], [-122.696758, 38.329732], [-122.695597, 38.330212], [-122.693591, 38.331062], [-122.69435, 38.332204], [-122.692261, 38.333083], [-122.692904, 38.334114], [-122.69076, 38.334897], [-122.689596, 38.333058], [-122.690056, 38.332734], [-122.688029, 38.328713], [-122.689535, 38.328708], [-122.688425, 38.326926], [-122.69005, 38.326357], [-122.69243, 38.330048], [-122.694806, 38.329011], [-122.696681, 38.328205], [-122.696374, 38.327703], [-122.692812, 38.321599], [-122.69179, 38.321596], [-122.690669, 38.319825], [-122.695699, 38.319823], [-122.694954, 38.318038], [-122.69857, 38.317868], [-122.699105, 38.318316], [-122.703611, 38.314945], [-122.705838, 38.316473], [-122.713149, 38.314998], [-122.714334, 38.316583], [-122.714192, 38.317746], [-122.71345, 38.319212], [-122.712859, 38.321087], [-122.71306, 38.32133], [-122.713751, 38.321327], [-122.715359, 38.321487], [-122.714534, 38.323553], [-122.720917, 38.325474], [-122.721881, 38.327005], [-122.720535, 38.328015], [-122.728378, 38.329291], [-122.726925, 38.331696], [-122.726421, 38.333004], [-122.729619, 38.333413], [-122.728998, 38.334477]]]}}, {"type": "Feature", "properties": {"name": "Healdsburg"}, "geometry": {"type": "MultiPolygon", "coordinates": [[[[-122.865811, 38.58439], [-122.861668, 38.58497], [-122.860878, 38.581957], [-122.861582, 38.581396], [-122.865857, 38.581521], [-122.865811, 38.58439]]], [[[-122.86613, 38.591283], [-122.865555, 38.591271], [-122.864146, 38.591245], [-122.864558, 38.589651], [-122.865704, 38.589661], [-122.86613, 38.591283]]], [[[-122.882459, 38.604458], [-122.881078, 38.604873], [-122.878626, 38.601314], [-122.880863, 38.602115], [-122.881818, 38.602894], [-122.882459, 38.604458]]], [[[-122.885943, 38.639204], [-122.881858, 38.642537], [-122.872922, 38.647639], [-122.868548, 38.647543], [-122.854106, 38.649683], [-122.85407, 38.642324], [-122.860642, 38.640913], [-122.864551, 38.638677], [-122.866523, 38.639609], [-122.864558, 38.637723], [-122.866184, 38.634991], [-122.863841, 38.631434], [-122.863484, 38.628661], [-122.855182, 38.627858], [-122.85403, 38.624034], [-122.851315, 38.622848], [-122.849225, 38.624136], [-122.846166, 38.620563], [-122.848561, 38.615054], [-122.845736, 38.613216], [-122.843706, 38.61454], [-122.844009, 38.611219], [-122.842947, 38.61185], [-122.842492, 38.611909], [-122.843696, 38.610285], [-122.856142, 38.608358], [-122.853319, 38.606832], [-122.855672, 38.604179], [-122.855724, 38.603409], [-122.848954, 38.592895], [-122.865006, 38.602096], [-122.866711, 38.602116], [-122.872563, 38.600383], [-122.868544, 38.602294], [-122.873124, 38.607265], [-122.878613, 38.614237], [-122.878235, 38.626251], [-122.88337, 38.63735], [-122.885943, 38.639204]]], [[[-122.902546, 38.656922], [-122.900127, 38.656921], [-122.900203, 38.65555], [-122.894958, 38.649564], [-122.896288, 38.648872], [-122.898722, 38.65169], [-122.900461, 38.651612], [-122.900517, 38.65317], [-122.901921, 38.653169], [-122.901587, 38.654699], [-122.902546, 38.656922]]]]}}, {"type": "Feature", "properties": {"name": "Avenal"}, "geometry": {"type": "Polygon", "coordinates": [[[-120.16594, 36.022912], [-120.125972, 36.053407], [-120.124504, 36.054277], [-120.103463, 36.070512], [-120.098157, 36.074646], [-120.062326, 36.102266], [-120.058676, 36.099032], [-120.058395, 36.094836], [-120.057397, 36.094396], [-120.057325, 36.079755], [-120.0754, 36.079816], [-120.07546, 36.060887], [-120.075354, 36.050754], [-120.093159, 36.050778], [-120.092847, 36.022003], [-120.110703, 36.021843], [-120.111172, 35.968452], [-120.110879, 35.968035], [-120.111046, 35.964311], [-120.125799, 35.963959], [-120.128891, 35.963931], [-120.128801, 35.978478], [-120.128772, 35.992938], [-120.155457, 35.99266], [-120.155625, 35.99998], [-120.164702, 35.999833], [-120.164583, 36.019084], [-120.164692, 36.021199], [-120.167742, 36.021535], [-120.16594, 36.022912]]]}}, {"type": "Feature", "properties": {"name": "Corcoran"}, "geometry": {"type": "MultiPolygon", "coordinates": [[[[-119.553017, 36.108934], [-119.545116, 36.114278], [-119.545316, 36.108932], [-119.553017, 36.108934]]], [[[-119.572017, 36.137932], [-119.549743, 36.137923], [-119.549721, 36.136333], [-119.554208, 36.136204], [-119.554218, 36.13441], [-119.571943, 36.134487], [-119.571921, 36.13566], [-119.563153, 36.135693], [-119.563143, 36.136697], [-119.571991, 36.13663], [-119.572017, 36.137932]]], [[[-119.581013, 36.083523], [-119.57508, 36.083511], [-119.575067, 36.079773], [-119.581006, 36.079831], [-119.581013, 36.083523]]], [[[-119.58994, 36.109035], [-119.584522, 36.109026], [-119.584549, 36.111827], [-119.581044, 36.111826], [-119.581013, 36.109023], [-119.574248, 36.109005], [-119.574291, 36.114175], [-119.576653, 36.114231], [-119.576686, 36.116254], [-119.575999, 36.116262], [-119.57603, 36.119711], [-119.571835, 36.119605], [-119.574658, 36.123482], [-119.566629, 36.12356], [-119.565278, 36.121656], [-119.567127, 36.121638], [-119.566514, 36.120834], [-119.571603, 36.120894], [-119.570844, 36.119857], [-119.567812, 36.119855], [-119.567786, 36.118922], [-119.562205, 36.118911], [-119.561468, 36.117996], [-119.563254, 36.118011], [-119.563242, 36.116189], [-119.567707, 36.116246], [-119.567714, 36.114466], [-119.563225, 36.114663], [-119.564582, 36.113118], [-119.564881, 36.111242], [-119.555596, 36.107432], [-119.554342, 36.107694], [-119.554255, 36.105292], [-119.554236, 36.101269], [-119.55217, 36.101244], [-119.551079, 36.097805], [-119.550231, 36.096165], [-119.554227, 36.096227], [-119.554295, 36.094423], [-119.554154, 36.079828], [-119.554077, 36.072601], [-119.538804, 36.072372], [-119.536274, 36.06895], [-119.536285, 36.065496], [-119.536268, 36.065271], [-119.536161, 36.050782], [-119.536905, 36.050765], [-119.536778, 36.042018], [-119.554035, 36.042109], [-119.553892, 36.050789], [-119.562997, 36.050774], [-119.562985, 36.065158], [-119.563062, 36.079867], [-119.571916, 36.079866], [-119.572007, 36.087148], [-119.58103, 36.087097], [-119.581187, 36.090807], [-119.589856, 36.090814], [-119.589863, 36.094445], [-119.58994, 36.109035]]]]}}, {"type": "Feature", "properties": {"name": "Lemoore"}, "geometry": {"type": "Polygon", "coordinates": [[[-119.84355, 36.294356], [-119.834743, 36.295761], [-119.834377, 36.295854], [-119.834377, 36.301908], [-119.807725, 36.301858], [-119.80771, 36.305676], [-119.807742, 36.313385], [-119.798831, 36.313402], [-119.796376, 36.313408], [-119.796366, 36.315204], [-119.794263, 36.315177], [-119.794255, 36.317026], [-119.79095, 36.317104], [-119.790981, 36.320841], [-119.78078, 36.320772], [-119.780779, 36.321949], [-119.77956, 36.320769], [-119.764857, 36.320695], [-119.766079, 36.316944], [-119.764686, 36.313488], [-119.764043, 36.312068], [-119.764812, 36.306494], [-119.767471, 36.303878], [-119.767602, 36.299055], [-119.769857, 36.294178], [-119.770014, 36.291664], [-119.770141, 36.29137], [-119.77625, 36.291328], [-119.776263, 36.28729], [-119.779159, 36.287321], [-119.780848, 36.286605], [-119.780997, 36.277049], [-119.789894, 36.27644], [-119.789888, 36.269177], [-119.798894, 36.269065], [-119.798793, 36.25467], [-119.805533, 36.254749], [-119.807749, 36.258218], [-119.807692, 36.258855], [-119.807683, 36.269275], [-119.807913, 36.282245], [-119.807902, 36.284688], [-119.808733, 36.283985], [-119.835, 36.284202], [-119.843529, 36.283943], [-119.84355, 36.294356]]]}}, {"type": "Feature", "properties": {"name": "Carpinteria"}, "geometry": {"type": "Polygon", "coordinates": [[[-119.542693, 34.411412], [-119.540943, 34.410424], [-119.538906, 34.410452], [-119.539118, 34.409333], [-119.536073, 34.408164], [-119.536926, 34.406818], [-119.534624, 34.405979], [-119.53362, 34.406899], [-119.52994, 34.405175], [-119.528986, 34.407342], [-119.527851, 34.407056], [-119.526514, 34.409594], [-119.51776, 34.406934], [-119.517154, 34.409292], [-119.519341, 34.410209], [-119.519459, 34.411112], [-119.518071, 34.413613], [-119.514263, 34.412592], [-119.51555, 34.409991], [-119.515004, 34.408619], [-119.51485, 34.407858], [-119.509952, 34.406915], [-119.505463, 34.405256], [-119.508355, 34.398602], [-119.506769, 34.395663], [-119.506357, 34.396025], [-119.5029, 34.39713], [-119.503237, 34.390377], [-119.500477, 34.389539], [-119.500385, 34.39101], [-119.496671, 34.391456], [-119.496728, 34.39238], [-119.49502, 34.392394], [-119.494996, 34.391272], [-119.490799, 34.390819], [-119.485312, 34.388845], [-119.484509, 34.39057], [-119.481938, 34.389974], [-119.482039, 34.384709], [-119.480095, 34.384868], [-119.480184, 34.384197], [-119.483048, 34.384057], [-119.482289, 34.382865], [-119.483544, 34.381459], [-119.4861351159, 34.3809829529984], [-119.489661999434, 34.3821889326809], [-119.497339, 34.384814], [-119.502476987132, 34.3845267262301], [-119.504046, 34.384439], [-119.504217305718, 34.3844871076429], [-119.510655, 34.386295], [-119.5188, 34.389282], [-119.523563, 34.393188], [-119.529207763298, 34.3951567096724], [-119.527446, 34.39928], [-119.526197, 34.399599], [-119.529355, 34.401136], [-119.537781, 34.405022], [-119.539907, 34.405498], [-119.542703, 34.405606], [-119.542693, 34.411412]]]}}, {"type": "Feature", "properties": {"name": "Petaluma"}, "geometry": {"type": "MultiPolygon", "coordinates": [[[[-122.578599, 38.298846], [-122.57759, 38.299314], [-122.574868, 38.29749], [-122.576828, 38.296922], [-122.579043, 38.297934], [-122.578599, 38.298846]]], [[[-122.614575, 38.295642], [-122.614065, 38.296223], [-122.613167, 38.295753], [-122.613693, 38.295694], [-122.614294, 38.295462], [-122.614575, 38.295642]]], [[[-122.682363, 38.276436], [-122.671527, 38.280704], [-122.666041, 38.277677], [-122.654627, 38.269173], [-122.651396, 38.270667], [-122.64746, 38.277116], [-122.627751, 38.2684], [-122.612093, 38.264646], [-122.603688, 38.260202], [-122.59141, 38.248354], [-122.586085, 38.238018], [-122.572337, 38.224636], [-122.578994, 38.209528], [-122.583861, 38.218432], [-122.594069, 38.220582], [-122.606259, 38.224819], [-122.615424, 38.228257], [-122.618224, 38.218836], [-122.62773, 38.219696], [-122.624664, 38.207791], [-122.637206, 38.205269], [-122.637228, 38.2143], [-122.643657, 38.216336], [-122.655695, 38.219809], [-122.664807, 38.226614], [-122.656512, 38.230113], [-122.660069, 38.234641], [-122.659727, 38.236536], [-122.663237, 38.23956], [-122.659518, 38.242006], [-122.660313, 38.246798], [-122.659532, 38.250062], [-122.652403, 38.24542], [-122.647236, 38.246991], [-122.648267, 38.251802], [-122.653424, 38.259802], [-122.666252, 38.263952], [-122.67572, 38.272666], [-122.682404, 38.273671], [-122.682363, 38.276436]]], [[[-122.655114, 38.25807], [-122.651781, 38.255599], [-122.651713, 38.255976], [-122.652924, 38.257002], [-122.65275, 38.257235], [-122.655114, 38.25807]]], [[[-122.651159, 38.255158], [-122.649325, 38.253238], [-122.648215, 38.252199], [-122.646771, 38.253334], [-122.647828, 38.254606], [-122.648458, 38.255104], [-122.648795, 38.255202], [-122.649549, 38.255064], [-122.650162, 38.255174], [-122.651159, 38.255158]]]]}}, {"type": "Feature", "properties": {"name": "Lompoc"}, "geometry": {"type": "MultiPolygon", "coordinates": [[[[-120.496349, 34.588436], [-120.493274, 34.588041], [-120.494377, 34.586386], [-120.49443, 34.585319], [-120.49713, 34.586914], [-120.496349, 34.588436]]], [[[-120.519052, 34.679541], [-120.503735, 34.691777], [-120.478412, 34.68888], [-120.449016, 34.688694], [-120.454551, 34.680163], [-120.451417, 34.677054], [-120.452148, 34.673643], [-120.457225, 34.673078], [-120.457525, 34.669945], [-120.453939, 34.669919], [-120.453185, 34.663946], [-120.448067, 34.665589], [-120.445134, 34.663664], [-120.443255, 34.66064], [-120.436307, 34.650044], [-120.436755, 34.649214], [-120.432327, 34.638684], [-120.434063, 34.635476], [-120.440254, 34.632773], [-120.444642, 34.628778], [-120.45123, 34.630735], [-120.45422, 34.628543], [-120.459259, 34.631041], [-120.461856, 34.631053], [-120.466884, 34.628244], [-120.471245, 34.630601], [-120.480224, 34.620812], [-120.487823, 34.622467], [-120.486195, 34.624864], [-120.484432, 34.627516], [-120.482313, 34.629429], [-120.482173, 34.630545], [-120.484352, 34.634344], [-120.475518, 34.639136], [-120.479796, 34.648396], [-120.475495, 34.650048], [-120.479724, 34.653625], [-120.484004, 34.661095], [-120.485296, 34.663662], [-120.488351, 34.665431], [-120.492706, 34.668627], [-120.494309, 34.671241], [-120.496436, 34.669929], [-120.503682, 34.668449], [-120.5071, 34.673348], [-120.510314, 34.674262], [-120.515737, 34.6759], [-120.518985, 34.677349], [-120.519052, 34.679541]]]]}}, {"type": "Feature", "properties": {"name": "Fort Bragg"}, "geometry": {"type": "MultiPolygon", "coordinates": [[[[-123.754888, 39.441976], [-123.752118, 39.442114], [-123.75204, 39.443958], [-123.751979, 39.441607], [-123.753535, 39.440288], [-123.754957, 39.440544], [-123.754888, 39.441976]]], [[[-123.770861, 39.428842], [-123.766102, 39.428943], [-123.766158, 39.426199], [-123.766181, 39.425414], [-123.770894, 39.425344], [-123.770861, 39.428842]]], [[[-123.771189, 39.400236], [-123.769111, 39.399484], [-123.764478, 39.395207], [-123.764693, 39.391933], [-123.76661, 39.392326], [-123.766621, 39.392563], [-123.766648, 39.392833], [-123.766699, 39.396589], [-123.771189, 39.397308], [-123.771189, 39.400236]]], [[[-123.780492, 39.444322], [-123.77998, 39.444206], [-123.779944, 39.443544], [-123.77929, 39.443551], [-123.779244, 39.441344], [-123.77959, 39.441337], [-123.780382, 39.441435], [-123.780492, 39.444322]]], [[[-123.80505, 39.419592], [-123.803529, 39.419364], [-123.803356, 39.419189], [-123.803362, 39.418962], [-123.803853, 39.418712], [-123.804687, 39.418709], [-123.805086, 39.419087], [-123.80505, 39.419592]]], [[[-123.819884, 39.439489], [-123.812536, 39.442642], [-123.812536, 39.450534], [-123.811967, 39.454185], [-123.80762, 39.457887], [-123.806332, 39.454095], [-123.807093, 39.45589], [-123.807089, 39.456738], [-123.807192, 39.457219], [-123.807311, 39.457657], [-123.807466, 39.457955], [-123.807615, 39.458119], [-123.806642, 39.464972], [-123.803865, 39.470311], [-123.800588, 39.469664], [-123.800474, 39.466225], [-123.802646, 39.463036], [-123.800667, 39.4593], [-123.802223, 39.454927], [-123.803885, 39.454202], [-123.79799, 39.450283], [-123.790505, 39.446199], [-123.787605, 39.442613], [-123.784592, 39.441662], [-123.783973, 39.445024], [-123.78337, 39.443116], [-123.782735, 39.438131], [-123.78757, 39.436352], [-123.791051, 39.43223], [-123.79581, 39.434543], [-123.796913, 39.431353], [-123.801848, 39.425575], [-123.803894, 39.427645], [-123.805751, 39.426256], [-123.805728, 39.420726], [-123.807908, 39.419519], [-123.812884, 39.419866], [-123.809424409872, 39.4267956147223], [-123.812774, 39.430894], [-123.817765, 39.43273], [-123.819884, 39.439489]]]]}}, {"type": "Feature", "properties": {"name": "Poway"}, "geometry": {"type": "Polygon", "coordinates": [[[-117.084295, 32.964573], [-117.066704, 32.97529], [-117.062094, 32.993199], [-117.058317, 33.001499], [-117.056674, 33.007432], [-117.05377, 33.018734], [-117.046229, 33.034678], [-117.037578, 33.046999], [-117.035276, 33.051692], [-117.031876, 33.053161], [-117.030123, 33.054784], [-117.024183, 33.05873], [-117.023166, 33.05908], [-117.018631, 33.062617], [-117.014708, 33.065559], [-117.012102, 33.062535], [-117.005458, 33.059233], [-116.996491, 33.030164], [-116.999311, 33.022687], [-116.996124, 33.007672], [-116.98314, 33.01101], [-116.970189, 33.011213], [-116.979306, 33.000167], [-116.962061, 32.992472], [-116.962061, 32.988677], [-116.957791, 32.981358], [-116.944846, 32.988695], [-116.940337, 32.970658], [-116.9578, 32.963065], [-116.962125, 32.962951], [-116.988787, 32.95952], [-116.999278, 32.944197], [-117.010529, 32.940451], [-117.014952, 32.937133], [-117.026128, 32.931928], [-117.033041, 32.929098], [-117.037457, 32.927253], [-117.048208, 32.927801], [-117.057369, 32.930712], [-117.065441, 32.927723], [-117.066639, 32.927717], [-117.067325, 32.935083], [-117.070805, 32.942324], [-117.075398, 32.948529], [-117.084295, 32.964573]]]}}, {"type": "Feature", "properties": {"name": "San Marcos"}, "geometry": {"type": "MultiPolygon", "coordinates": [[[[-117.229863, 33.131208], [-117.220155, 33.138302], [-117.216939, 33.143265], [-117.211254, 33.154495], [-117.203454, 33.16385], [-117.199624, 33.163538], [-117.191342, 33.168469], [-117.183328, 33.177804], [-117.183234, 33.174821], [-117.17717, 33.173204], [-117.16578, 33.1746], [-117.161483, 33.175601], [-117.156357, 33.18824], [-117.152423, 33.17967], [-117.145414, 33.177404], [-117.147806, 33.170189], [-117.141297, 33.159299], [-117.136038, 33.160545], [-117.127627, 33.156324], [-117.122173, 33.147083], [-117.116547, 33.136032], [-117.112306, 33.134883], [-117.121488, 33.132002], [-117.12961, 33.133269], [-117.139968, 33.12736], [-117.152844, 33.113193], [-117.156526, 33.102217], [-117.17073, 33.098664], [-117.177209, 33.098021], [-117.183057, 33.094927], [-117.198274, 33.084037], [-117.202091, 33.080684], [-117.203706, 33.09262], [-117.210194, 33.091837], [-117.221007, 33.095145], [-117.224294, 33.103852], [-117.225485, 33.109775], [-117.226001, 33.117016], [-117.229863, 33.131208]]], [[[-117.225572, 33.119365], [-117.224481, 33.119263], [-117.223802, 33.118456], [-117.22311, 33.118909], [-117.221303, 33.120097], [-117.221311, 33.120634], [-117.224294, 33.120612], [-117.225589, 33.120598], [-117.225572, 33.119365]]], [[[-117.225468, 33.113358], [-117.216869, 33.113378], [-117.216931, 33.109649], [-117.209585, 33.109574], [-117.209383, 33.109202], [-117.208264, 33.108794], [-117.208172, 33.114886], [-117.207353, 33.114856], [-117.20324, 33.114965], [-117.191468, 33.11483], [-117.190513, 33.12029], [-117.195053, 33.120535], [-117.195122, 33.121939], [-117.195437, 33.122441], [-117.195468, 33.122976], [-117.195519, 33.123387], [-117.196132, 33.127063], [-117.19725, 33.127937], [-117.1998, 33.129984], [-117.200595, 33.130609], [-117.202842, 33.130256], [-117.204003, 33.127231], [-117.208301, 33.127918], [-117.208302, 33.131353], [-117.211265, 33.128752], [-117.211729, 33.12941], [-117.212466, 33.130013], [-117.217276, 33.126089], [-117.215691, 33.124823], [-117.21581, 33.124719], [-117.221232, 33.11979], [-117.221226, 33.119018], [-117.224041, 33.117973], [-117.225524, 33.116691], [-117.225468, 33.113358]]]]}}, {"type": "Feature", "properties": {"name": "Corning"}, "geometry": {"type": "Polygon", "coordinates": [[[-122.204419, 39.908125], [-122.20222, 39.90668], [-122.198557, 39.906701], [-122.199979, 39.925273], [-122.200428, 39.927928], [-122.202373, 39.924541], [-122.202955, 39.928133], [-122.202782, 39.931745], [-122.20222, 39.928339], [-122.198682, 39.928329], [-122.199518, 39.935323], [-122.195342, 39.937035], [-122.192775, 39.935281], [-122.188187, 39.937022], [-122.1836, 39.940645], [-122.178882, 39.938468], [-122.172069, 39.940442], [-122.176919, 39.947389], [-122.174677, 39.945593], [-122.172105, 39.948206], [-122.174619, 39.949055], [-122.16719, 39.95713], [-122.169763, 39.949018], [-122.16727, 39.947234], [-122.169633, 39.942329], [-122.167072, 39.938093], [-122.164382, 39.938778], [-122.167118, 39.935077], [-122.164833, 39.933398], [-122.162517, 39.931496], [-122.160047, 39.927937], [-122.162569, 39.924145], [-122.164898, 39.922738], [-122.167038, 39.918949], [-122.169415, 39.917136], [-122.174639, 39.917026], [-122.17884, 39.918999], [-122.182651, 39.91782], [-122.188168, 39.919155], [-122.192895, 39.91362], [-122.200042, 39.902594], [-122.198543, 39.90632], [-122.202193, 39.906301], [-122.200696, 39.902471], [-122.204419, 39.908125]]]}}, {"type": "Feature", "properties": {"name": "Encinitas"}, "geometry": {"type": "Polygon", "coordinates": [[[-117.31136619566, 33.0819695673897], [-117.305661, 33.084368], [-117.301573, 33.088956], [-117.296371, 33.084787], [-117.291044, 33.086887], [-117.273214, 33.085123], [-117.272307, 33.06866], [-117.262317, 33.070146], [-117.249546, 33.067364], [-117.23957, 33.06062], [-117.22962, 33.062681], [-117.224237, 33.075697], [-117.211728, 33.076704], [-117.202181, 33.080595], [-117.198618, 33.080433], [-117.19991, 33.073044], [-117.197952, 33.067396], [-117.200072, 33.065561], [-117.202467, 33.054714], [-117.20473, 33.050371], [-117.212963, 33.050045], [-117.226355, 33.048247], [-117.229875, 33.042244], [-117.236947, 33.034961], [-117.241797, 33.021773], [-117.244287, 33.021708], [-117.246887, 33.012783], [-117.239295, 33.009417], [-117.245501, 33.005656], [-117.261462, 33.007448], [-117.274924, 33.00305], [-117.278856720647, 33.007600367794], [-117.289339, 33.030164], [-117.294477610652, 33.0362398285526], [-117.30034540501, 33.0523336067991], [-117.309842, 33.075267], [-117.31136619566, 33.0819695673897]]]}}, {"type": "Feature", "properties": {"name": "Santee"}, "geometry": {"type": "Polygon", "coordinates": [[[-117.03668, 32.83844], [-117.024891, 32.838717], [-117.012918, 32.836097], [-117.005412, 32.841557], [-117.016476, 32.837674], [-117.023455, 32.842184], [-117.019009, 32.848836], [-117.015628, 32.850272], [-117.011851, 32.853124], [-117.013813, 32.858008], [-117.014227, 32.861341], [-117.013199, 32.86473], [-117.009339, 32.866442], [-116.996838, 32.885659], [-116.987744, 32.898692], [-116.980413, 32.903087], [-116.962261, 32.872948], [-116.962744, 32.858779], [-116.957031, 32.857872], [-116.952716, 32.853367], [-116.945065, 32.853391], [-116.945084, 32.835509], [-116.93798, 32.824141], [-116.943392, 32.824781], [-116.94754, 32.829633], [-116.96022, 32.829621], [-116.96233, 32.824942], [-116.964034, 32.82956], [-116.983857, 32.83034], [-116.988246, 32.828394], [-116.993509, 32.826292], [-117.000705, 32.82832], [-116.998658, 32.826807], [-116.99646, 32.825224], [-117.000698, 32.824363], [-117.002091, 32.819651], [-117.011201, 32.820277], [-117.013638, 32.817974], [-117.034503, 32.831462], [-117.036605, 32.83297], [-117.03668, 32.83844]]]}}, {"type": "Feature", "properties": {"name": "Solana Beach"}, "geometry": {"type": "Polygon", "coordinates": [[[-117.277639592902, 33.0007117328901], [-117.276237, 33.001448], [-117.275622, 33.003871], [-117.274924, 33.00305], [-117.27258, 33.003926], [-117.259318, 33.003993], [-117.261055, 33.007094], [-117.261462, 33.007448], [-117.259823, 33.007422], [-117.246739, 33.00746], [-117.245501, 33.007453], [-117.245501, 33.005656], [-117.24441, 33.007453], [-117.242819, 33.007465], [-117.240986, 33.007472], [-117.239371, 33.004515], [-117.237734, 33.004675], [-117.237359, 33.003134], [-117.238783, 32.999232], [-117.238733, 32.99594], [-117.238637, 32.992582], [-117.240827, 32.989871], [-117.240839, 32.987576], [-117.238686, 32.987573], [-117.238693, 32.98574], [-117.242572, 32.985708], [-117.249574, 32.985521], [-117.249526, 32.982049], [-117.254058, 32.982105], [-117.256062, 32.982121], [-117.256149, 32.979417], [-117.256815, 32.979366], [-117.257014, 32.979375], [-117.261595, 32.980431], [-117.264375, 32.980343], [-117.26846, 32.980253], [-117.269109, 32.980241], [-117.272052792201, 32.9801391738307], [-117.274937574054, 32.9906679283136], [-117.277549, 33.000199], [-117.277639592902, 33.0007117328901]]]}}, {"type": "Feature", "properties": {"name": "Farmersville"}, "geometry": {"type": "MultiPolygon", "coordinates": [[[[-119.220482, 36.304998], [-119.220476, 36.305315], [-119.216056, 36.305305], [-119.216056, 36.306053], [-119.21591, 36.308916], [-119.213877, 36.30893], [-119.213874, 36.31235], [-119.215866, 36.312374], [-119.215885, 36.319636], [-119.212921, 36.319663], [-119.212873, 36.324704], [-119.213592, 36.324698], [-119.213563, 36.326721], [-119.212293, 36.326709], [-119.209646, 36.326306], [-119.209231, 36.32533], [-119.207891, 36.325636], [-119.207339, 36.324931], [-119.206559, 36.326413], [-119.202403, 36.32652], [-119.202417, 36.321283], [-119.206882, 36.321317], [-119.206946, 36.320006], [-119.207007, 36.315823], [-119.205333, 36.315795], [-119.20533, 36.312455], [-119.19816, 36.312432], [-119.198175, 36.312224], [-119.198431, 36.307799], [-119.195646, 36.30514], [-119.194804, 36.305119], [-119.194336, 36.297491], [-119.203246, 36.297524], [-119.203259, 36.290533], [-119.207238, 36.290549], [-119.209074, 36.290495], [-119.209589, 36.287942], [-119.216337, 36.288201], [-119.216112, 36.29779], [-119.220644, 36.297822], [-119.220482, 36.304998]]], [[[-119.221056, 36.281074], [-119.218759, 36.281051], [-119.218774, 36.283116], [-119.218794, 36.286492], [-119.216601, 36.286514], [-119.216575, 36.283406], [-119.216514, 36.277581], [-119.218248, 36.276756], [-119.218198, 36.279583], [-119.221106, 36.27965], [-119.221056, 36.281074]]]]}}, {"type": "Feature", "properties": {"name": "Lindsay"}, "geometry": {"type": "MultiPolygon", "coordinates": [[[[-119.114885, 36.212347], [-119.112498, 36.212364], [-119.112548, 36.214111], [-119.098587, 36.214258], [-119.099667, 36.216265], [-119.096146, 36.216287], [-119.096194, 36.221374], [-119.091672, 36.221461], [-119.087224, 36.221524], [-119.087152, 36.217913], [-119.082729, 36.217935], [-119.08388, 36.219949], [-119.081784, 36.220169], [-119.082182, 36.218149], [-119.080604, 36.217975], [-119.078286, 36.217974], [-119.078271, 36.21936], [-119.074959, 36.219335], [-119.074942, 36.217816], [-119.076401, 36.217792], [-119.076416, 36.214363], [-119.077519, 36.214359], [-119.07756, 36.217841], [-119.078164, 36.214354], [-119.079651, 36.214213], [-119.079607, 36.211491], [-119.0782, 36.210767], [-119.073572, 36.210785], [-119.073563, 36.214385], [-119.064559, 36.214463], [-119.064491, 36.210789], [-119.069343, 36.210794], [-119.069153, 36.208994], [-119.073525, 36.209002], [-119.073392, 36.203623], [-119.073284, 36.200101], [-119.080094, 36.199975], [-119.079992, 36.196252], [-119.088762, 36.196144], [-119.088088, 36.194646], [-119.091171, 36.194582], [-119.09122, 36.196305], [-119.095782, 36.196202], [-119.095799, 36.198531], [-119.101801, 36.198631], [-119.104035, 36.202163], [-119.10572, 36.201901], [-119.105731, 36.203301], [-119.109041, 36.203357], [-119.109094, 36.205146], [-119.1061, 36.205107], [-119.10897, 36.209714], [-119.110203, 36.21037], [-119.114704, 36.210573], [-119.114885, 36.212347]]], [[[-119.149758, 36.224263], [-119.147508, 36.224285], [-119.147423, 36.226139], [-119.143326, 36.226047], [-119.143299, 36.224238], [-119.141067, 36.224192], [-119.140968, 36.218948], [-119.138763, 36.218045], [-119.145298, 36.218035], [-119.145391, 36.221492], [-119.149854, 36.221608], [-119.149758, 36.224263]]]]}}, {"type": "Feature", "properties": {"name": "Carlsbad"}, "geometry": {"type": "Polygon", "coordinates": [[[-117.359716, 33.168843], [-117.350291, 33.174788], [-117.344101, 33.179824], [-117.326909, 33.181191], [-117.320256, 33.181242], [-117.309633, 33.179559], [-117.299194, 33.177795], [-117.285981, 33.175776], [-117.279562, 33.175774], [-117.270957, 33.177151], [-117.261851, 33.153095], [-117.255904, 33.15346], [-117.255632, 33.152203], [-117.253212, 33.14844], [-117.239542, 33.134979], [-117.229903, 33.135026], [-117.229769, 33.113582], [-117.227218, 33.109848], [-117.225822, 33.107117], [-117.223667, 33.103157], [-117.221007, 33.095145], [-117.216787, 33.088822], [-117.220091, 33.075886], [-117.229158, 33.060998], [-117.239399, 33.060519], [-117.249335, 33.063732], [-117.262213, 33.067883], [-117.268979, 33.06875], [-117.270035, 33.084956], [-117.28726, 33.087043], [-117.296216, 33.084312], [-117.300993, 33.08782], [-117.303201, 33.086868], [-117.309421, 33.082053], [-117.312706593459, 33.0873767285373], [-117.321254241608, 33.1058263618229], [-117.336686, 33.132248], [-117.349339415463, 33.1527683696924], [-117.358657442721, 33.1646150381861], [-117.359716, 33.168843]]]}}, {"type": "Feature", "properties": {"name": "Del Mar"}, "geometry": {"type": "Polygon", "coordinates": [[[-117.272052792201, 32.9801391738307], [-117.269109, 32.980241], [-117.26846, 32.980253], [-117.264375, 32.980343], [-117.261595, 32.980431], [-117.257014, 32.979375], [-117.256815, 32.979366], [-117.256149, 32.979417], [-117.256178, 32.978449], [-117.255974, 32.963592], [-117.255489, 32.957968], [-117.255895, 32.955111], [-117.255902, 32.952978], [-117.260182, 32.952854], [-117.260169, 32.951121], [-117.260684, 32.950988], [-117.259719, 32.948459], [-117.260955, 32.948098], [-117.260893, 32.947935], [-117.260134, 32.945611], [-117.256562, 32.945643], [-117.255918, 32.945644], [-117.255981, 32.942017], [-117.258147, 32.94201], [-117.258127, 32.939019], [-117.259447, 32.937407], [-117.261181, 32.938828], [-117.261748606121, 32.9392941094509], [-117.261806, 32.939725], [-117.268023, 32.957257], [-117.269092, 32.969333], [-117.270558095953, 32.9746838948412], [-117.270970456746, 32.9761889117792], [-117.271552928067, 32.9783147909081], [-117.272052792201, 32.9801391738307]]]}}, {"type": "Feature", "properties": {"name": "Soledad"}, "geometry": {"type": "MultiPolygon", "coordinates": [[[[-121.322041, 36.402018], [-121.321744, 36.402221], [-121.319344, 36.403174], [-121.318674, 36.40383], [-121.318215, 36.406101], [-121.317408, 36.404046], [-121.317597, 36.403336], [-121.318186, 36.402898], [-121.318991, 36.402646], [-121.321808, 36.40129], [-121.322041, 36.402018]]], [[[-121.337597, 36.463409], [-121.337581, 36.470269], [-121.331894, 36.471963], [-121.331913, 36.461922], [-121.337601, 36.46176], [-121.337597, 36.463409]]], [[[-121.337925, 36.434395], [-121.336145, 36.436762], [-121.333616, 36.436755], [-121.333581, 36.445174], [-121.324037, 36.445147], [-121.316914, 36.445103], [-121.316937, 36.441547], [-121.311835, 36.441527], [-121.311856, 36.435598], [-121.311975, 36.429104], [-121.306504, 36.429128], [-121.306506, 36.425079], [-121.30981, 36.425605], [-121.309771, 36.423525], [-121.311683, 36.423756], [-121.311857, 36.420087], [-121.311902, 36.411006], [-121.319415, 36.411382], [-121.319797, 36.4115], [-121.321374, 36.416266], [-121.322029, 36.417503], [-121.325672, 36.421829], [-121.328071, 36.424056], [-121.335912, 36.429291], [-121.337115, 36.431493], [-121.337434, 36.431699], [-121.337925, 36.434395]]], [[[-121.360114, 36.417516], [-121.357804, 36.426689], [-121.354164, 36.426898], [-121.35085, 36.42651], [-121.341795, 36.423032], [-121.338818, 36.422187], [-121.338811, 36.420715], [-121.33705, 36.419763], [-121.339799, 36.417332], [-121.339812, 36.415304], [-121.347112, 36.419066], [-121.353267, 36.417819], [-121.358086, 36.415455], [-121.360114, 36.417516]]], [[[-121.39119, 36.467344], [-121.38509, 36.473122], [-121.383537, 36.474362], [-121.36882, 36.48885], [-121.368185, 36.488916], [-121.368252, 36.474312], [-121.36217, 36.474234], [-121.378412, 36.458486], [-121.385332, 36.463484], [-121.391626, 36.46687], [-121.39119, 36.467344]]]]}}, {"type": "Feature", "properties": {"name": "San Juan Bautista"}, "geometry": {"type": "Polygon", "coordinates": [[[-121.547914, 36.853623], [-121.544975, 36.853564], [-121.536178, 36.853588], [-121.53629, 36.847209], [-121.534527, 36.848438], [-121.531737, 36.846187], [-121.531789, 36.843023], [-121.531021, 36.840761], [-121.519195, 36.840944], [-121.520973, 36.83728], [-121.527171, 36.836909], [-121.527142, 36.839105], [-121.532631, 36.839095], [-121.54464, 36.839006], [-121.542765, 36.841189], [-121.54516, 36.844585], [-121.544768, 36.845275], [-121.545845, 36.845724], [-121.54535, 36.847217], [-121.547914, 36.853623]]]}}, {"type": "Feature", "properties": {"name": "Salinas"}, "geometry": {"type": "MultiPolygon", "coordinates": [[[[-121.680318, 36.672358], [-121.675019, 36.678519], [-121.674894, 36.681226], [-121.673066, 36.684125], [-121.672676, 36.687569], [-121.670164, 36.690171], [-121.670893, 36.698138], [-121.669842, 36.700144], [-121.669704, 36.704695], [-121.663601, 36.711625], [-121.664753, 36.722714], [-121.657939, 36.721773], [-121.656189, 36.733818], [-121.641102, 36.730213], [-121.630356, 36.730965], [-121.62611, 36.729066], [-121.621429, 36.720974], [-121.609327, 36.722335], [-121.5928, 36.7189], [-121.587886, 36.690503], [-121.593476, 36.681972], [-121.600572, 36.67227], [-121.594558, 36.66331], [-121.599399, 36.65928], [-121.597061, 36.652199], [-121.595567, 36.64992], [-121.612599, 36.657963], [-121.618335, 36.656421], [-121.61761, 36.650045], [-121.608636, 36.642477], [-121.616462, 36.639733], [-121.633503, 36.645808], [-121.638667, 36.652799], [-121.642959, 36.651767], [-121.660859, 36.653913], [-121.66197, 36.653383], [-121.673304, 36.662306], [-121.680318, 36.672358]]], [[[-121.686998, 36.660492], [-121.68372, 36.664941], [-121.682806, 36.661288], [-121.680874, 36.66017], [-121.681393, 36.658476], [-121.680266, 36.6589], [-121.681283, 36.657704], [-121.684083, 36.658954], [-121.68666, 36.656042], [-121.686683, 36.656054], [-121.686765, 36.656096], [-121.684196, 36.659013], [-121.686998, 36.660492]]]]}}, {"type": "Feature", "properties": {"name": "Seaside"}, "geometry": {"type": "Polygon", "coordinates": [[[-121.860346, 36.607088], [-121.857841, 36.609919], [-121.857672, 36.611576], [-121.858356390804, 36.6119685560637], [-121.857567, 36.612514], [-121.857117044961, 36.61293536038], [-121.855105, 36.612392], [-121.854948, 36.610145], [-121.852111, 36.610267], [-121.847025, 36.61306], [-121.843891, 36.617513], [-121.841383, 36.622267], [-121.841419, 36.62373], [-121.841173, 36.624984], [-121.839294, 36.627614], [-121.833048, 36.634223], [-121.830895, 36.637467], [-121.825667, 36.642111], [-121.823603, 36.643535], [-121.816362, 36.647809], [-121.815109, 36.649151], [-121.81575, 36.652385], [-121.814756, 36.652858], [-121.809293, 36.652919], [-121.801331, 36.652872], [-121.801329, 36.654781], [-121.790217, 36.654699], [-121.789751, 36.654695], [-121.79003, 36.643853], [-121.794819, 36.631474], [-121.796188, 36.627992], [-121.808278, 36.59681], [-121.819587, 36.596725], [-121.821385, 36.596898], [-121.828943, 36.596844], [-121.829572, 36.596839], [-121.838064, 36.597021], [-121.842697, 36.597138], [-121.844394, 36.59706], [-121.846843, 36.59714], [-121.850052, 36.599736], [-121.850753, 36.598871], [-121.851313, 36.598447], [-121.856074, 36.60137], [-121.855871, 36.602713], [-121.858944, 36.605831], [-121.859727, 36.605786], [-121.860346, 36.607088]]]}}, {"type": "Feature", "properties": {"name": "Jurupa Valley"}, "geometry": {"type": "Polygon", "coordinates": [[[-117.549687, 33.954087], [-117.54884, 33.964551], [-117.548892, 33.985244], [-117.550237, 34.033472], [-117.506891, 34.033485], [-117.499606, 34.033474], [-117.481194, 34.033524], [-117.465489, 34.033574], [-117.435407, 34.034227], [-117.414178, 34.034306], [-117.390587, 34.033873], [-117.375344, 34.033875], [-117.377284, 34.026718], [-117.375416, 34.019399], [-117.370135, 34.01936], [-117.367299, 34.019354], [-117.379265, 34.006253], [-117.378855, 34.00543], [-117.380485, 34.00703], [-117.385822, 34.002444], [-117.392025, 33.996346], [-117.393232, 33.990203], [-117.392998, 33.989727], [-117.410451, 33.975685], [-117.415738, 33.973597], [-117.427644, 33.968482], [-117.435677, 33.96889], [-117.435854, 33.968413], [-117.440116, 33.969328], [-117.448382, 33.969028], [-117.450788, 33.967721], [-117.451404, 33.967632], [-117.452254, 33.967908], [-117.453602, 33.966885], [-117.461125, 33.964536], [-117.471406, 33.964759], [-117.483165, 33.966517], [-117.488231, 33.968803], [-117.505818, 33.967835], [-117.514244, 33.966147], [-117.518207, 33.962798], [-117.523217, 33.960988], [-117.525428, 33.958601], [-117.530444, 33.958015], [-117.531944, 33.959156], [-117.534125, 33.957349], [-117.542507, 33.956511], [-117.54393, 33.952745], [-117.549224, 33.949606], [-117.552338, 33.949989], [-117.549687, 33.954087]]]}}, {"type": "Feature", "properties": {"name": "Chico"}, "geometry": {"type": "MultiPolygon", "coordinates": [[[[-121.898216, 39.771557], [-121.897331, 39.791543], [-121.880238, 39.785961], [-121.87362, 39.782886], [-121.871231, 39.788549], [-121.872366, 39.806776], [-121.863687, 39.81216], [-121.857308, 39.807251], [-121.848324, 39.799216], [-121.841378, 39.790462], [-121.828816, 39.78444], [-121.779641, 39.777162], [-121.741036, 39.801443], [-121.713293, 39.810321], [-121.723443, 39.790905], [-121.732441, 39.777296], [-121.754869, 39.758973], [-121.75437, 39.751252], [-121.768885, 39.73724], [-121.765789, 39.733116], [-121.779771, 39.713362], [-121.788983, 39.70858], [-121.781144, 39.699832], [-121.805024, 39.711689], [-121.810914, 39.707831], [-121.823971, 39.708991], [-121.843789, 39.714575], [-121.849132, 39.716632], [-121.850932, 39.717454], [-121.853845, 39.722635], [-121.86125, 39.727287], [-121.868303, 39.730857], [-121.879599, 39.731993], [-121.882014, 39.731052], [-121.881803, 39.741032], [-121.878594, 39.748953], [-121.883195, 39.750997], [-121.878563, 39.758896], [-121.898178, 39.767945], [-121.898216, 39.771557]]], [[[-121.802737, 39.742319], [-121.802881, 39.740349], [-121.803763, 39.73962], [-121.801282, 39.740061], [-121.799896, 39.740368], [-121.799965, 39.742255], [-121.797184, 39.742583], [-121.798046, 39.748141], [-121.800266, 39.747209], [-121.800729, 39.748195], [-121.803913, 39.746827], [-121.802737, 39.742319]]], [[[-121.796018, 39.753112], [-121.796494, 39.755002], [-121.792653, 39.753568], [-121.790286, 39.757181], [-121.787843, 39.761139], [-121.788569, 39.761981], [-121.787871, 39.762441], [-121.78734, 39.761906], [-121.786183, 39.763687], [-121.784247, 39.764922], [-121.781492, 39.763305], [-121.777486, 39.762412], [-121.776935, 39.763273], [-121.777862, 39.766002], [-121.77811, 39.767169], [-121.783931, 39.765833], [-121.787878, 39.765111], [-121.790134, 39.764098], [-121.790036, 39.762528], [-121.795776, 39.758159], [-121.798928, 39.75429], [-121.796018, 39.753112]]], [[[-121.912217, 39.699155], [-121.907489, 39.700538], [-121.907339, 39.689269], [-121.910701, 39.687793], [-121.912043, 39.687968], [-121.912217, 39.699155]]]]}}, {"type": "Feature", "properties": {"name": "Pacific Grove"}, "geometry": {"type": "MultiPolygon", "coordinates": [[[[-121.941066, 36.61806], [-121.941317, 36.622686], [-121.939545, 36.625818], [-121.938369, 36.62682], [-121.93827556323, 36.6272304231959], [-121.93762, 36.63011], [-121.938547, 36.632428], [-121.938551, 36.633908], [-121.93643, 36.636746], [-121.930968326988, 36.6369179894074], [-121.929666, 36.636959], [-121.92595053321, 36.6352759066419], [-121.925734556763, 36.6351780700728], [-121.92456, 36.634646], [-121.924480719845, 36.6345499579592], [-121.922337, 36.631953], [-121.921726, 36.628401], [-121.921663964823, 36.6283741775643], [-121.921552130574, 36.6283258232741], [-121.917519, 36.626582], [-121.915928, 36.62646], [-121.916261, 36.62488], [-121.91416, 36.623046], [-121.91158, 36.622455], [-121.909526, 36.620973], [-121.904396, 36.620583], [-121.902209545894, 36.6184464580316], [-121.905769, 36.616704], [-121.906579, 36.616314], [-121.908232, 36.615514], [-121.90989, 36.614708], [-121.913672, 36.612873], [-121.91513, 36.612167], [-121.920994, 36.608997], [-121.917548, 36.605002], [-121.916894, 36.604217], [-121.922139, 36.601537], [-121.922393, 36.60153], [-121.923035, 36.602328], [-121.926762, 36.600835], [-121.926727, 36.600874], [-121.934059, 36.597559], [-121.937288, 36.601635], [-121.932853, 36.603676], [-121.932822, 36.605856], [-121.929807, 36.606713], [-121.930107, 36.607144], [-121.931584, 36.606747], [-121.932166, 36.609091], [-121.929366, 36.612759], [-121.933093, 36.61435], [-121.934175, 36.613828], [-121.937066, 36.616106], [-121.939003, 36.617729], [-121.94134174567, 36.6178386984328], [-121.941066, 36.61806]]], [[[-121.929366, 36.612759], [-121.928, 36.612313], [-121.926881, 36.613185], [-121.928882, 36.613604], [-121.929366, 36.612759]]]]}}, {"type": "Feature", "properties": {"name": "Eureka"}, "geometry": {"type": "Polygon", "coordinates": [[[-124.208347, 40.771033], [-124.193628, 40.784956], [-124.190724, 40.79179], [-124.181615, 40.810137], [-124.17304, 40.819507], [-124.112742, 40.83096], [-124.100743, 40.824003], [-124.10086, 40.817298], [-124.106829, 40.815102], [-124.092515, 40.820595], [-124.091099, 40.817858], [-124.091366, 40.813207], [-124.097239, 40.813385], [-124.102161, 40.801148], [-124.108049, 40.801696], [-124.115384, 40.802278], [-124.137682, 40.802306], [-124.139614, 40.785942], [-124.139705, 40.77324], [-124.150422, 40.773162], [-124.153376, 40.773153], [-124.153986, 40.768936], [-124.156778, 40.758869], [-124.151975, 40.756912], [-124.149645, 40.753696], [-124.159061, 40.751627], [-124.173241, 40.75892], [-124.169476, 40.761338], [-124.167118, 40.766003], [-124.163657, 40.765036], [-124.161365, 40.771901], [-124.16703, 40.773245], [-124.177569, 40.773222], [-124.185874, 40.773322], [-124.186897, 40.766035], [-124.1812, 40.760897], [-124.191222, 40.75812], [-124.196488, 40.748307], [-124.202255, 40.746692], [-124.196182, 40.756714], [-124.208201, 40.766048], [-124.208347, 40.771033]]]}}, {"type": "Feature", "properties": {"name": "Rio Dell"}, "geometry": {"type": "Polygon", "coordinates": [[[-124.140378, 40.519382], [-124.135242, 40.518104], [-124.130418, 40.515786], [-124.121063, 40.515767], [-124.106853, 40.515735], [-124.106741, 40.512097], [-124.111062, 40.512009], [-124.106697, 40.510811], [-124.107575, 40.50994], [-124.103452, 40.509635], [-124.101551, 40.50903], [-124.098005, 40.508295], [-124.092347, 40.504772], [-124.089581, 40.502668], [-124.089138, 40.500806], [-124.089686, 40.498967], [-124.093504, 40.494366], [-124.097694, 40.492604], [-124.099869, 40.491849], [-124.100399, 40.491586], [-124.103905, 40.489775], [-124.106235, 40.48809], [-124.106708, 40.490337], [-124.111161, 40.490303], [-124.112697, 40.491112], [-124.118456, 40.490205], [-124.12074, 40.491208], [-124.123345, 40.491538], [-124.123362, 40.493054], [-124.125739, 40.493475], [-124.125862, 40.498962], [-124.124165, 40.498538], [-124.122892, 40.496233], [-124.121621, 40.495539], [-124.120882, 40.497424], [-124.111232, 40.497496], [-124.111221, 40.501119], [-124.120968, 40.501076], [-124.121, 40.504701], [-124.131915, 40.504603], [-124.131963, 40.506101], [-124.134908, 40.50616], [-124.139903, 40.506909], [-124.140018, 40.508531], [-124.134779, 40.508062], [-124.124932, 40.508606], [-124.119377, 40.509093], [-124.119764, 40.509507], [-124.120854, 40.510628], [-124.125323, 40.510025], [-124.130481, 40.509635], [-124.12965, 40.512256], [-124.129115, 40.514345], [-124.14038, 40.518631], [-124.140378, 40.519382]]]}}, {"type": "Feature", "properties": {"name": "Benicia"}, "geometry": {"type": "Polygon", "coordinates": [[[-122.199566, 38.082986], [-122.198222, 38.083817], [-122.196832, 38.083469], [-122.193965, 38.083594], [-122.193953, 38.083886], [-122.181182, 38.099293], [-122.172633, 38.091139], [-122.166627, 38.100507], [-122.15879, 38.099106], [-122.145555, 38.095786], [-122.141545, 38.103638], [-122.13991, 38.109376], [-122.13667, 38.100474], [-122.130869, 38.096194], [-122.129475, 38.091314], [-122.119256, 38.088119], [-122.116642, 38.089729], [-122.114198, 38.086938], [-122.108106, 38.090253], [-122.10376, 38.093887], [-122.106776, 38.084196], [-122.119432, 38.063881], [-122.11714, 38.059279], [-122.13831, 38.039828], [-122.147357, 38.041366], [-122.150584, 38.041862], [-122.153273, 38.041687], [-122.155878, 38.041777], [-122.161212, 38.041941], [-122.16592, 38.042953], [-122.168782, 38.043147], [-122.167446, 38.048573], [-122.171505, 38.054734], [-122.174827, 38.057276], [-122.176208, 38.059016], [-122.179825, 38.06169], [-122.183228, 38.064332], [-122.193068, 38.058444], [-122.195928, 38.059741], [-122.194048, 38.061036], [-122.196007, 38.069331], [-122.199499, 38.076309], [-122.199566, 38.082986]]]}}, {"type": "Feature", "properties": {"name": "Rio Vista"}, "geometry": {"type": "Polygon", "coordinates": [[[-121.732253, 38.19789], [-121.723013, 38.197823], [-121.722983, 38.205011], [-121.713725, 38.205072], [-121.71371, 38.194802], [-121.708477, 38.195046], [-121.709619, 38.198479], [-121.707248, 38.198964], [-121.70467, 38.197888], [-121.704541, 38.194705], [-121.697421, 38.195022], [-121.693341, 38.196662], [-121.683111, 38.197027], [-121.6827, 38.191483], [-121.682558, 38.185264], [-121.682119, 38.180517], [-121.685049, 38.182894], [-121.686061, 38.181956], [-121.686547, 38.179778], [-121.686125, 38.177906], [-121.689433, 38.175322], [-121.684141, 38.171089], [-121.679132, 38.173682], [-121.671029, 38.176842], [-121.668351, 38.175035], [-121.671625, 38.172476], [-121.676203, 38.166773], [-121.68033, 38.162812], [-121.68457, 38.160764], [-121.685586, 38.159705], [-121.685868, 38.154587], [-121.68705, 38.151869], [-121.687705, 38.146829], [-121.688233, 38.145421], [-121.68972, 38.142565], [-121.695866, 38.143998], [-121.694198, 38.14931], [-121.694574, 38.148535], [-121.695919, 38.150389], [-121.699561, 38.149786], [-121.703318, 38.149599], [-121.721197, 38.163821], [-121.710905, 38.171822], [-121.723239, 38.181653], [-121.726008, 38.182981], [-121.732473, 38.183277], [-121.732253, 38.19789]]]}}, {"type": "Feature", "properties": {"name": "Suisun City"}, "geometry": {"type": "MultiPolygon", "coordinates": [[[[-121.974409, 38.250548], [-121.969906, 38.250521], [-121.969948, 38.243305], [-121.974532, 38.243335], [-121.974409, 38.250548]]], [[[-122.053425, 38.23655], [-122.046823, 38.236492], [-122.044275, 38.238964], [-122.044262, 38.24168], [-122.044224, 38.24289], [-122.041153, 38.243788], [-122.04045, 38.243989], [-122.038914, 38.245811], [-122.034114, 38.24915], [-122.029648, 38.251585], [-122.025856, 38.253663], [-122.019958, 38.256915], [-122.019983, 38.258069], [-122.01803, 38.258104], [-122.014846, 38.259738], [-122.007342, 38.263854], [-122.005292, 38.265028], [-122.003258, 38.265006], [-122.003298, 38.262384], [-122.006733, 38.262638], [-122.006767, 38.258853], [-122.006099, 38.253329], [-122.000991, 38.253253], [-121.998378, 38.253219], [-121.993279, 38.253096], [-121.988231, 38.253011], [-121.988099, 38.263645], [-121.988083, 38.264883], [-121.986, 38.265128], [-121.98328, 38.265165], [-121.980173, 38.265127], [-121.981994, 38.261464], [-121.98233, 38.255093], [-121.981847, 38.253458], [-121.98243, 38.25297], [-121.981258, 38.251468], [-121.979108, 38.249789], [-121.979092, 38.243364], [-121.984465, 38.243424], [-121.988086, 38.243457], [-121.988125, 38.242067], [-121.988291, 38.241596], [-121.988267, 38.236184], [-121.989605, 38.236278], [-121.991622, 38.236514], [-121.992168, 38.237031], [-121.998372, 38.236461], [-122.003713, 38.238812], [-122.006756, 38.237933], [-122.006674, 38.240743], [-122.020277, 38.241139], [-122.020283, 38.2419], [-122.02479, 38.241713], [-122.024844, 38.242702], [-122.027822, 38.242625], [-122.029645, 38.243221], [-122.029585, 38.235577], [-122.031871, 38.233889], [-122.033424, 38.233877], [-122.035805, 38.235391], [-122.037452, 38.234603], [-122.036823, 38.232653], [-122.038476, 38.232212], [-122.038072, 38.230478], [-122.042188, 38.230075], [-122.042803, 38.23472], [-122.045672, 38.235853], [-122.054465, 38.235999], [-122.053425, 38.23655]]]]}}, {"type": "Feature", "properties": {"name": "Vacaville"}, "geometry": {"type": "MultiPolygon", "coordinates": [[[[-121.905985, 38.34709], [-121.906045, 38.347238], [-121.905296, 38.347497], [-121.901541, 38.346601], [-121.901529, 38.34356], [-121.896965, 38.343533], [-121.896986, 38.337172], [-121.906147, 38.337225], [-121.905985, 38.34709]]], [[[-121.996703, 38.377014], [-121.992848, 38.377302], [-121.991391, 38.376135], [-121.992947, 38.375108], [-121.993458, 38.376428], [-121.994701, 38.37633], [-121.993437, 38.37548], [-121.995494, 38.374802], [-121.996653, 38.376939], [-121.996703, 38.377014]]], [[[-122.032355, 38.315404], [-122.02271, 38.327828], [-122.016712, 38.339998], [-122.007041, 38.343196], [-122.006694, 38.348109], [-122.013517, 38.352112], [-122.019121, 38.3604], [-122.011803, 38.367982], [-122.011711, 38.371902], [-122.001264, 38.379193], [-121.999112, 38.368973], [-121.99051, 38.369083], [-121.994516, 38.372903], [-121.989733, 38.376359], [-121.996329, 38.384189], [-121.992224, 38.395678], [-121.987047, 38.401184], [-121.977055, 38.404892], [-121.968515, 38.402649], [-121.958989, 38.415814], [-121.933757, 38.409597], [-121.933768, 38.402311], [-121.915697, 38.402923], [-121.915594, 38.416986], [-121.903631, 38.4088], [-121.912628, 38.402514], [-121.924697, 38.393608], [-121.930787, 38.387682], [-121.930748, 38.37564], [-121.924785, 38.358806], [-121.912424, 38.349274], [-121.933826, 38.32309], [-121.943124, 38.313247], [-121.976706, 38.315692], [-121.99739, 38.308644], [-122.025378, 38.313604], [-122.032355, 38.315404]]]]}}, {"type": "Feature", "properties": {"name": "Vallejo"}, "geometry": {"type": "MultiPolygon", "coordinates": [[[[-122.202633, 38.168621], [-122.195573, 38.173233], [-122.194965, 38.172723], [-122.197043, 38.170746], [-122.198721, 38.16849], [-122.200247, 38.168381], [-122.201292, 38.168354], [-122.202633, 38.168621]]], [[[-122.34990078297, 38.1280401234634], [-122.296009, 38.113242], [-122.294923, 38.122029], [-122.282751, 38.118494], [-122.276156, 38.120738], [-122.268872, 38.126181], [-122.255789, 38.128537], [-122.262194, 38.13215], [-122.268398, 38.137316], [-122.256011, 38.140895], [-122.276905, 38.150594], [-122.289215, 38.155217], [-122.261148, 38.15536], [-122.238376, 38.155226], [-122.213634, 38.154976], [-122.205965, 38.145922], [-122.193215, 38.144492], [-122.19538, 38.155017], [-122.196101, 38.162841], [-122.17268, 38.164899], [-122.168387, 38.139252], [-122.166441, 38.132189], [-122.187667, 38.116268], [-122.176817, 38.105548], [-122.194055, 38.083864], [-122.198216, 38.083906], [-122.199548, 38.08099], [-122.193556, 38.061708], [-122.201365, 38.062739], [-122.209155, 38.066902], [-122.221003, 38.064977], [-122.235071, 38.069632], [-122.241184, 38.077831], [-122.244106, 38.063795], [-122.274748, 38.066955], [-122.317293, 38.112038], [-122.34990078297, 38.1280401234634]]], [[[-122.241208, 38.095292], [-122.240114, 38.094103], [-122.240025, 38.094081], [-122.234272, 38.092659], [-122.236231, 38.091934], [-122.232993, 38.09165], [-122.231131, 38.089502], [-122.23067, 38.089704], [-122.228497, 38.090147], [-122.225625, 38.090011], [-122.221406, 38.088933], [-122.222617, 38.087324], [-122.22026, 38.086453], [-122.220647, 38.081769], [-122.221315, 38.080677], [-122.221643, 38.08008], [-122.220048, 38.079869], [-122.215627, 38.079308], [-122.215396, 38.079944], [-122.211831, 38.084394], [-122.210757, 38.085137], [-122.210092, 38.085797], [-122.21208, 38.086079], [-122.21376, 38.087914], [-122.211714, 38.090628], [-122.211636, 38.094798], [-122.213375, 38.094889], [-122.213361, 38.096692], [-122.218801, 38.096719], [-122.218796, 38.095032], [-122.21879, 38.094423], [-122.216375, 38.093836], [-122.216675, 38.093194], [-122.217281, 38.093335], [-122.217541, 38.092647], [-122.218039, 38.09277], [-122.217797, 38.093455], [-122.218819, 38.093691], [-122.218917, 38.092219], [-122.221225, 38.089092], [-122.230152, 38.091536], [-122.229562, 38.094345], [-122.227858, 38.0943], [-122.229836, 38.094422], [-122.229792, 38.094783], [-122.236403, 38.096333], [-122.238071, 38.096993], [-122.240916, 38.095411], [-122.241208, 38.095292]]], [[[-122.211117, 38.106053], [-122.210785, 38.106036], [-122.210108, 38.106073], [-122.210161, 38.108142], [-122.210911, 38.108147], [-122.211117, 38.106053]]]]}}, {"type": "Feature", "properties": {"name": "Greenfield"}, "geometry": {"type": "MultiPolygon", "coordinates": [[[[-121.225808, 36.341729], [-121.222198, 36.343669], [-121.218537, 36.347356], [-121.211783, 36.345798], [-121.213496, 36.344762], [-121.216986, 36.34265], [-121.218325, 36.342657], [-121.220572, 36.34452], [-121.22416, 36.341874], [-121.224504, 36.340206], [-121.225808, 36.341729]]], [[[-121.26126, 36.35026], [-121.248905, 36.341556], [-121.254196, 36.339044], [-121.252861, 36.337441], [-121.250051, 36.334699], [-121.249967, 36.334753], [-121.245093, 36.330881], [-121.240493, 36.333472], [-121.239221, 36.331945], [-121.231861, 36.336072], [-121.229295, 36.333091], [-121.226753, 36.330109], [-121.23229, 36.327039], [-121.230829, 36.32545], [-121.232854, 36.32448], [-121.231582, 36.322978], [-121.228663, 36.324608], [-121.231889, 36.321896], [-121.22775, 36.316972], [-121.221996, 36.311703], [-121.226788, 36.310138], [-121.229681, 36.308656], [-121.234577, 36.312847], [-121.244253, 36.30748], [-121.249157, 36.313186], [-121.257464, 36.308577], [-121.259999, 36.311544], [-121.258117, 36.312598], [-121.263212, 36.318571], [-121.261355, 36.319605], [-121.2601, 36.318094], [-121.258235, 36.319144], [-121.256967, 36.317653], [-121.253311, 36.31972], [-121.255834, 36.322676], [-121.257193, 36.324248], [-121.255331, 36.325293], [-121.256565, 36.326698], [-121.252924, 36.328744], [-121.25802, 36.334687], [-121.25653, 36.335528], [-121.256538, 36.335624], [-121.256986, 36.338494], [-121.256818, 36.340301], [-121.260327, 36.344655], [-121.26362, 36.34811], [-121.26126, 36.35026]]]]}}, {"type": "Feature", "properties": {"name": "San Mateo"}, "geometry": {"type": "MultiPolygon", "coordinates": [[[[-122.354999, 37.564157], [-122.349554, 37.570964], [-122.340938, 37.575971], [-122.330827, 37.582981], [-122.334625, 37.587107], [-122.325119, 37.591526], [-122.315713, 37.583666], [-122.296859691412, 37.5754576908652], [-122.284475, 37.57062], [-122.279432, 37.56214], [-122.280225, 37.555942], [-122.283908, 37.554131], [-122.284486, 37.550465], [-122.278977, 37.545651], [-122.277321, 37.538288], [-122.276664, 37.534223], [-122.274974, 37.530471], [-122.278278, 37.528835], [-122.286783, 37.529571], [-122.291291, 37.527645], [-122.301947, 37.523365], [-122.311742, 37.524441], [-122.314957, 37.519208], [-122.323711, 37.521018], [-122.326853, 37.515062], [-122.330197, 37.512587], [-122.337917, 37.514206], [-122.337054, 37.515471], [-122.335525, 37.517246], [-122.329984, 37.51751], [-122.338035, 37.518988], [-122.338666, 37.52055], [-122.334502, 37.524706], [-122.341579, 37.531735], [-122.338697, 37.540598], [-122.332957, 37.538924], [-122.331366, 37.545746], [-122.329065, 37.548296], [-122.33918, 37.547081], [-122.339468, 37.552728], [-122.3307, 37.560624], [-122.330507, 37.563941], [-122.333151, 37.565697], [-122.334003, 37.566143], [-122.345641, 37.564133], [-122.353086, 37.561187], [-122.354999, 37.564157]]], [[[-122.326486, 37.539437], [-122.322697, 37.537355], [-122.320033, 37.539471], [-122.318227, 37.541002], [-122.319979, 37.542379], [-122.32038, 37.54443], [-122.321178, 37.543771], [-122.324648, 37.545925], [-122.329383, 37.54188], [-122.326486, 37.539437]]]]}}, {"type": "Feature", "properties": {"name": "Belmont"}, "geometry": {"type": "Polygon", "coordinates": [[[-122.326853, 37.515062], [-122.325166, 37.52004], [-122.321792, 37.521221], [-122.314957, 37.519208], [-122.313285, 37.521562], [-122.3073, 37.521163], [-122.301947, 37.523365], [-122.29328, 37.526978], [-122.287413, 37.529267], [-122.286783, 37.529571], [-122.284519, 37.530416], [-122.277855, 37.52987], [-122.274974, 37.530471], [-122.276734, 37.533855], [-122.265697, 37.534076], [-122.267925, 37.530658], [-122.268398, 37.527978], [-122.264598, 37.523554], [-122.262406, 37.519338], [-122.267923, 37.523798], [-122.270209, 37.516857], [-122.268186, 37.513534], [-122.277313, 37.512941], [-122.277972, 37.511456], [-122.286557, 37.510584], [-122.286527, 37.506614], [-122.289557, 37.50201], [-122.287333, 37.499693], [-122.291677, 37.498873], [-122.293844, 37.497643], [-122.300544, 37.49992], [-122.308009, 37.502216], [-122.313947, 37.502995], [-122.320387, 37.503651], [-122.3245, 37.510502], [-122.326579, 37.511739], [-122.326853, 37.515062]]]}}, {"type": "Feature", "properties": {"name": "Brisbane"}, "geometry": {"type": "Polygon", "coordinates": [[[-122.426163, 37.695151], [-122.424731, 37.695723], [-122.423707, 37.696206], [-122.421086, 37.699148], [-122.419223, 37.699143], [-122.413417, 37.697831], [-122.411338, 37.701364], [-122.410718, 37.705691], [-122.406958, 37.704639], [-122.405292, 37.708262], [-122.404682, 37.708331], [-122.395107, 37.708339], [-122.39337898114, 37.7082675699903], [-122.394156, 37.707636], [-122.389680713967, 37.688051654874], [-122.387626, 37.67906], [-122.381708, 37.677261], [-122.380995, 37.67237], [-122.380995, 37.6717699703916], [-122.391917, 37.671762], [-122.391046, 37.673197], [-122.3966, 37.673881], [-122.396588, 37.674718], [-122.396576, 37.675577], [-122.407989, 37.675539], [-122.408075, 37.684803], [-122.40954, 37.684805], [-122.40954, 37.686013], [-122.412103, 37.685606], [-122.416049, 37.686363], [-122.426142, 37.692688], [-122.426163, 37.695151]]]}}, {"type": "Feature", "properties": {"name": "Dos Palos"}, "geometry": {"type": "Polygon", "coordinates": [[[-120.663022, 36.986914], [-120.654161, 36.986848], [-120.653752, 36.983993], [-120.648892, 36.983953], [-120.648905, 36.982017], [-120.644711, 36.981877], [-120.644701, 36.986121], [-120.644693, 36.989135], [-120.640848, 36.989108], [-120.640884, 36.990719], [-120.631111, 36.990848], [-120.631132, 36.996316], [-120.62731, 36.996294], [-120.627277, 36.991944], [-120.626594, 36.991958], [-120.622197, 36.991981], [-120.622228, 36.989911], [-120.617588, 36.989929], [-120.617594, 36.987338], [-120.621602, 36.987357], [-120.617595, 36.986929], [-120.617541, 36.983564], [-120.622257, 36.979841], [-120.626496, 36.979823], [-120.62661, 36.978262], [-120.626611, 36.978175], [-120.630933, 36.978179], [-120.630947, 36.974625], [-120.634674, 36.974624], [-120.634674, 36.975748], [-120.635448, 36.975733], [-120.635443, 36.977802], [-120.633166, 36.978215], [-120.632974, 36.980324], [-120.634548, 36.981745], [-120.635576, 36.98175], [-120.644711, 36.981779], [-120.644951, 36.981768], [-120.653759, 36.981821], [-120.657661, 36.981901], [-120.663022, 36.986914]]]}}, {"type": "Feature", "properties": {"name": "Gustine"}, "geometry": {"type": "MultiPolygon", "coordinates": [[[[-120.97835, 37.254196], [-120.973599, 37.254157], [-120.973568, 37.252863], [-120.978319, 37.252874], [-120.97835, 37.254196]]], [[[-121.020508, 37.259919], [-121.012556, 37.260137], [-121.008062, 37.26016], [-121.007928, 37.261502], [-121.000243, 37.261484], [-120.999749, 37.260151], [-120.999131, 37.260208], [-120.994424, 37.260232], [-120.989726, 37.260385], [-120.970127, 37.260219], [-120.967748, 37.260716], [-120.966218, 37.261722], [-120.962313, 37.26691], [-120.961808, 37.267179], [-120.96192, 37.2605], [-120.963758, 37.260434], [-120.963728, 37.258459], [-120.960798, 37.258228], [-120.960844, 37.249112], [-120.963037, 37.249064], [-120.963144, 37.25136], [-120.96738, 37.251238], [-120.967475, 37.252952], [-120.967196, 37.260179], [-120.969604, 37.259794], [-120.994426, 37.260023], [-120.994404, 37.253088], [-120.989893, 37.253041], [-120.985179, 37.252993], [-120.985099, 37.249161], [-120.989865, 37.249182], [-120.994393, 37.249202], [-120.994401, 37.248014], [-120.994377, 37.245781], [-120.994364, 37.242826], [-120.994328, 37.23839], [-121.003491, 37.238435], [-121.00348, 37.24049], [-121.00345, 37.245775], [-121.011544, 37.245759], [-121.012341, 37.245806], [-121.012819, 37.245808], [-121.012538, 37.252955], [-121.012543, 37.256305], [-121.016304, 37.255301], [-121.016925, 37.256775], [-121.020508, 37.259919]]]]}}, {"type": "Feature", "properties": {"name": "Merced"}, "geometry": {"type": "MultiPolygon", "coordinates": [[[[-120.543354, 37.228624], [-120.538632, 37.248132], [-120.52405, 37.273329], [-120.514032, 37.299099], [-120.512245, 37.311414], [-120.514297, 37.318382], [-120.504869, 37.320621], [-120.504454, 37.334587], [-120.494607, 37.346508], [-120.481445, 37.36489], [-120.469909, 37.37553], [-120.450483, 37.346679], [-120.435227, 37.324339], [-120.444397, 37.318455], [-120.446655, 37.313697], [-120.453265, 37.31406], [-120.4603, 37.31395], [-120.461563, 37.308025], [-120.448844, 37.307939], [-120.450622, 37.301463], [-120.454836, 37.295543], [-120.449376, 37.297417], [-120.408022, 37.295218], [-120.433484, 37.273207], [-120.443507, 37.276564], [-120.467519, 37.288853], [-120.481086, 37.284491], [-120.469784, 37.277215], [-120.483407, 37.281109], [-120.487536, 37.286843], [-120.489408, 37.280211], [-120.497013, 37.288204], [-120.503903, 37.284334], [-120.499232, 37.278951], [-120.512883, 37.280723], [-120.524025, 37.244005], [-120.521941, 37.229394], [-120.525016, 37.228618], [-120.543354, 37.228624]]], [[[-120.493122, 37.31504], [-120.489821, 37.314505], [-120.489239, 37.314266], [-120.489347, 37.317343], [-120.490481, 37.316306], [-120.493433, 37.315772], [-120.493122, 37.31504]]], [[[-120.451103, 37.322458], [-120.450453, 37.322459], [-120.449834, 37.324008], [-120.451051, 37.324545], [-120.451103, 37.322458]]], [[[-120.448465, 37.320034], [-120.44638, 37.319835], [-120.444369, 37.320214], [-120.441932, 37.320205], [-120.441863, 37.322787], [-120.443433, 37.324527], [-120.444722, 37.323591], [-120.445875, 37.324245], [-120.448367, 37.324134], [-120.448465, 37.320034]]], [[[-120.447799, 37.287823], [-120.4444, 37.287811], [-120.433554, 37.287796], [-120.433503, 37.294876], [-120.444853, 37.294864], [-120.444862, 37.290135], [-120.447784, 37.289533], [-120.447799, 37.287823]]]]}}, {"type": "Feature", "properties": {"name": "Daly City"}, "geometry": {"type": "MultiPolygon", "coordinates": [[[[-122.500599868563, 37.701107117504], [-122.487841, 37.703213], [-122.486127, 37.708145], [-122.469057, 37.708232], [-122.45905, 37.708231], [-122.45247, 37.708148], [-122.445875, 37.708233], [-122.441258, 37.708311], [-122.431341, 37.708231], [-122.42389, 37.708236], [-122.415182, 37.708231], [-122.405365, 37.708255], [-122.410718, 37.705691], [-122.419223, 37.699143], [-122.427207, 37.703489], [-122.43068, 37.704843], [-122.44097, 37.7037], [-122.442367, 37.701698], [-122.446857, 37.702833], [-122.45147, 37.698698], [-122.453368, 37.694878], [-122.45477, 37.692338], [-122.448395, 37.688339], [-122.446535, 37.684724], [-122.455224, 37.688836], [-122.459716, 37.68619], [-122.465986, 37.688317], [-122.466448, 37.682521], [-122.465444, 37.671871], [-122.461806, 37.665697], [-122.463414, 37.662349], [-122.457209, 37.65548], [-122.452999, 37.654619], [-122.452222, 37.649347], [-122.456786, 37.649986], [-122.466853, 37.650255], [-122.47076, 37.649406], [-122.473874, 37.657449], [-122.476788, 37.661982], [-122.485016, 37.664289], [-122.484728, 37.662489], [-122.491705, 37.662246], [-122.495378215782, 37.6643498435446], [-122.496589966892, 37.6833849763869], [-122.500599868563, 37.701107117504]]], [[[-122.488942, 37.692924], [-122.488907, 37.690104], [-122.484329, 37.689648], [-122.48388, 37.686857], [-122.48126, 37.686079], [-122.479144, 37.686736], [-122.475332, 37.686062], [-122.475627, 37.690038], [-122.475897, 37.69038], [-122.475868, 37.691094], [-122.477561, 37.693226], [-122.474502, 37.693243], [-122.473005, 37.692536], [-122.471815, 37.693257], [-122.471828, 37.694816], [-122.479804, 37.694792], [-122.479673, 37.695426], [-122.484841, 37.695648], [-122.486624, 37.696273], [-122.489014, 37.696277], [-122.488942, 37.692924]]], [[[-122.461128, 37.688303], [-122.459756, 37.686254], [-122.458771, 37.687396], [-122.45967, 37.688807], [-122.461097, 37.689588], [-122.461128, 37.688303]]]]}}, {"type": "Feature", "properties": {"name": "Menlo Park"}, "geometry": {"type": "MultiPolygon", "coordinates": [[[[-122.229271, 37.424733], [-122.213643, 37.432717], [-122.20797, 37.431318], [-122.203007, 37.42998], [-122.192374, 37.425835], [-122.197097, 37.432298], [-122.199796, 37.435526], [-122.195761, 37.446079], [-122.19342, 37.461786], [-122.185261, 37.458698], [-122.175445, 37.460276], [-122.167218, 37.463677], [-122.167865, 37.471696], [-122.177902, 37.476186], [-122.182876, 37.483998], [-122.189498, 37.487529], [-122.179122, 37.487273], [-122.178984, 37.489372], [-122.173044, 37.496217], [-122.149632, 37.502671], [-122.127617495261, 37.4997039977042], [-122.1309, 37.483367], [-122.145864, 37.475594], [-122.155364, 37.468827], [-122.149996, 37.461753], [-122.145006, 37.458476], [-122.155928, 37.455418], [-122.162695, 37.453844], [-122.170303, 37.447185], [-122.17986, 37.439461], [-122.189879, 37.42883], [-122.191686, 37.423863], [-122.197927, 37.420736], [-122.214286, 37.417925], [-122.220178, 37.420274], [-122.223808, 37.420275], [-122.229271, 37.424733]]], [[[-122.192374, 37.425835], [-122.193119, 37.425318], [-122.193621, 37.424755], [-122.197427, 37.422297], [-122.192054, 37.423756], [-122.191564, 37.424449], [-122.192374, 37.425835]]]]}}, {"type": "Feature", "properties": {"name": "San Francisco"}, "geometry": {"type": "MultiPolygon", "coordinates": [[[[-122.377679, 37.83046], [-122.373453, 37.832298], [-122.368752, 37.831286], [-122.362911, 37.822696], [-122.364289, 37.81887], [-122.358779, 37.814278], [-122.360775, 37.812831], [-122.361107, 37.808029], [-122.362294, 37.807016], [-122.367138, 37.807429], [-122.371649, 37.809379], [-122.372836, 37.811068], [-122.371269, 37.814669], [-122.378962, 37.826897], [-122.377679, 37.83046]]], [[[-122.420317989313, 37.8630581631191], [-122.419324, 37.862851], [-122.418793, 37.861948], [-122.419927351108, 37.8607017616283], [-122.420317989313, 37.8630581631191]]], [[[-122.425227, 37.828586], [-122.423245, 37.828721], [-122.420248, 37.826513], [-122.420722, 37.82525], [-122.42277, 37.825256], [-122.425407, 37.827269], [-122.425227, 37.828586]]], [[[-122.514483, 37.780829], [-122.493756799537, 37.7879559304919], [-122.485757214251, 37.7906791146768], [-122.477189297282, 37.8091229212514], [-122.463793, 37.804653], [-122.43243018499, 37.8074607392625], [-122.420263, 37.80855], [-122.40549406459, 37.8070298571653], [-122.400847, 37.804876], [-122.392265621653, 37.7938855075821], [-122.387669, 37.788809], [-122.387669, 37.7827910294118], [-122.385706761378, 37.7672532906085], [-122.382285, 37.760855], [-122.383103, 37.753312], [-122.376241, 37.748523], [-122.368244, 37.739866], [-122.37587, 37.735659], [-122.374609, 37.73288], [-122.370077, 37.732788], [-122.366161, 37.732844], [-122.363647, 37.722072], [-122.379289, 37.724302], [-122.377476879317, 37.7169755986227], [-122.378765, 37.709522], [-122.39337898114, 37.7082675699903], [-122.405292, 37.708262], [-122.41238, 37.708303], [-122.420082, 37.708231], [-122.430027, 37.708281], [-122.434589, 37.708132], [-122.444482, 37.708332], [-122.4523, 37.708138], [-122.458509, 37.708231], [-122.468939, 37.708232], [-122.485788, 37.708116], [-122.498093, 37.708132], [-122.508121548602, 37.7354395332202], [-122.513067688424, 37.7707830331714], [-122.514483, 37.780829]]], [[[-123.013916, 37.700355], [-123.007786, 37.698943], [-123.007548, 37.70214], [-123.003507, 37.704396], [-123.000893, 37.701011], [-122.998754, 37.697438], [-123.002794, 37.692736], [-123.005884, 37.693489], [-123.007548, 37.695934], [-123.012777, 37.696498], [-123.013916, 37.700355]]], [[[-122.331615467306, 37.7870695682435], [-122.328024583922, 37.7813728248168], [-122.332037, 37.782035], [-122.331615467306, 37.7870695682435]]]]}}, {"type": "Feature", "properties": {"name": "Loyalton"}, "geometry": {"type": "Polygon", "coordinates": [[[-120.250965, 39.678963], [-120.249681, 39.68153], [-120.245728, 39.681563], [-120.245746, 39.680554], [-120.240738, 39.680603], [-120.240668, 39.679158], [-120.238014, 39.679108], [-120.238015, 39.675549], [-120.238054, 39.673176], [-120.247649, 39.672796], [-120.250906, 39.67311], [-120.250965, 39.678963]]]}}, {"type": "Feature", "properties": {"name": "Wheatland"}, "geometry": {"type": "Polygon", "coordinates": [[[-121.452642, 39.00159], [-121.44436, 39.02087], [-121.430917, 39.014108], [-121.427764, 39.011618], [-121.429975, 39.01414], [-121.427132, 39.014129], [-121.424306, 39.014912], [-121.420647, 39.017019], [-121.412719, 39.019758], [-121.40985, 39.019438], [-121.397237, 39.028106], [-121.395203, 39.037649], [-121.390754, 39.034307], [-121.387201, 39.045578], [-121.383298, 39.053722], [-121.376584, 39.059445], [-121.373552, 39.057578], [-121.372199, 39.060709], [-121.373453, 39.06218], [-121.36905, 39.065418], [-121.356863, 39.061518], [-121.355571, 39.061058], [-121.348336, 39.040548], [-121.352953, 39.038105], [-121.361182, 39.034874], [-121.366708, 39.031962], [-121.37238, 39.02773], [-121.377072, 39.021014], [-121.385813, 39.016348], [-121.38827, 39.014495], [-121.392959, 39.010824], [-121.396891, 39.009152], [-121.399198, 39.007241], [-121.402437, 39.004509], [-121.406064, 39.001612], [-121.40647, 39.000237], [-121.407894, 38.99905], [-121.414765, 38.997104], [-121.420582, 38.998303], [-121.424263, 39.000337], [-121.425878, 39.007514], [-121.427939, 39.006174], [-121.431431, 39.003714], [-121.434251, 38.999026], [-121.441946, 38.999886], [-121.44863, 39.000026], [-121.452642, 39.00159]]]}}, {"type": "Feature", "properties": {"name": "Beaumont"}, "geometry": {"type": "Polygon", "coordinates": [[[-117.071477, 33.964301], [-117.042578, 33.962457], [-117.025819, 33.953971], [-117.015224, 33.955098], [-117.014003, 33.968648], [-117.007932, 33.96146], [-117.000178, 33.96037], [-116.998885, 33.961484], [-116.981504, 33.965066], [-116.977265, 33.961461], [-116.966425, 33.957886], [-116.964283, 33.954264], [-116.952669, 33.959758], [-116.947006, 33.946565], [-116.946792, 33.926363], [-116.94628, 33.903658], [-116.929053, 33.886034], [-116.913884, 33.881524], [-116.924685, 33.879003], [-116.920279, 33.856689], [-116.928957, 33.854017], [-116.94579, 33.845458], [-116.963473, 33.835431], [-116.990744, 33.84922], [-116.999372, 33.860352], [-116.986193, 33.874797], [-116.95771, 33.889396], [-116.964027, 33.907583], [-116.968367, 33.911441], [-116.972814, 33.918648], [-116.985898, 33.915161], [-116.994521, 33.918433], [-117.007853, 33.926207], [-117.02105, 33.929838], [-117.034093, 33.925144], [-117.045411, 33.944227], [-117.071477, 33.964301]]]}}, {"type": "Feature", "properties": {"name": "Canyon Lake"}, "geometry": {"type": "Polygon", "coordinates": [[[-117.284006, 33.688035], [-117.280208, 33.688077], [-117.279754, 33.688077], [-117.27985, 33.695334], [-117.275408, 33.695349], [-117.275443, 33.697867], [-117.275303, 33.706228], [-117.275431, 33.713491], [-117.266756, 33.713674], [-117.263818, 33.71374], [-117.258137, 33.713869], [-117.258004, 33.713872], [-117.258025, 33.693082], [-117.258044, 33.684828], [-117.257503, 33.684834], [-117.253652, 33.684867], [-117.253687, 33.688505], [-117.240526, 33.688625], [-117.240425, 33.685138], [-117.235596, 33.685032], [-117.235063, 33.683282], [-117.234955, 33.68089], [-117.234995, 33.67836], [-117.236261, 33.677871], [-117.240392, 33.677699], [-117.240474, 33.677701], [-117.240475, 33.670587], [-117.250549, 33.670339], [-117.26221, 33.670401], [-117.266596, 33.670375], [-117.266619, 33.673978], [-117.269124, 33.674028], [-117.271262, 33.673339], [-117.271946, 33.673356], [-117.2753, 33.673437], [-117.276928, 33.674038], [-117.276969, 33.67764], [-117.277564, 33.67951], [-117.279658, 33.679564], [-117.279758, 33.681425], [-117.28076, 33.681453], [-117.280755, 33.683137], [-117.284017, 33.683148], [-117.284006, 33.688035]]]}}, {"type": "Feature", "properties": {"name": "Cathedral City"}, "geometry": {"type": "Polygon", "coordinates": [[[-116.501938, 33.882782], [-116.474072, 33.8886], [-116.440787, 33.859369], [-116.423492, 33.835864], [-116.405827, 33.830944], [-116.405226, 33.821402], [-116.407179, 33.818911], [-116.426459, 33.830629], [-116.438695, 33.830637], [-116.440722, 33.82327], [-116.449343, 33.801472], [-116.449426, 33.78697], [-116.440831, 33.779715], [-116.447351, 33.776283], [-116.458296, 33.77252], [-116.462428, 33.770509], [-116.46513, 33.769504], [-116.472026, 33.760697], [-116.476074, 33.75609], [-116.476593, 33.758369], [-116.481324, 33.76059], [-116.481459, 33.762448], [-116.477299, 33.771318], [-116.475543, 33.77262], [-116.479868, 33.784121], [-116.486416, 33.786892], [-116.484264, 33.792004], [-116.483112, 33.794388], [-116.477192, 33.787123], [-116.475445, 33.787], [-116.469403, 33.786872], [-116.469411, 33.788679], [-116.471122, 33.795923], [-116.475477, 33.801351], [-116.478666, 33.815905], [-116.493002, 33.819456], [-116.493209, 33.830344], [-116.493246, 33.852017], [-116.493572, 33.871163], [-116.501938, 33.882782]]]}}, {"type": "Feature", "properties": {"name": "Desert Hot Springs"}, "geometry": {"type": "MultiPolygon", "coordinates": [[[[-116.632685, 33.990645], [-116.61537, 33.990021], [-116.58899, 33.99052], [-116.586821, 33.992437], [-116.582458, 33.994481], [-116.581056, 33.99257], [-116.550637, 33.990736], [-116.536323, 33.988473], [-116.537962, 33.987251], [-116.54304, 33.983132], [-116.539961, 33.977485], [-116.542927, 33.978019], [-116.539782, 33.976129], [-116.527554, 33.976606], [-116.527688, 33.988407], [-116.527613, 33.990547], [-116.518963, 33.990459], [-116.506984, 33.983268], [-116.504737, 33.980328], [-116.503574, 33.983266], [-116.500184, 33.983213], [-116.492687, 33.983255], [-116.492652, 33.976018], [-116.47503, 33.961423], [-116.467369, 33.961418], [-116.457526, 33.947771], [-116.475068, 33.946858], [-116.475373, 33.939529], [-116.484065, 33.939622], [-116.492971, 33.939468], [-116.497466, 33.93222], [-116.50177, 33.924998], [-116.493027, 33.917683], [-116.501623, 33.891382], [-116.50369, 33.879752], [-116.50666, 33.881234], [-116.530858, 33.899861], [-116.543302, 33.903516], [-116.545312, 33.917598], [-116.536563, 33.924902], [-116.527432, 33.940566], [-116.531678, 33.946777], [-116.527685, 33.961503], [-116.5363, 33.9541], [-116.545024, 33.96146], [-116.59045, 33.961352], [-116.597718, 33.946448], [-116.615232, 33.947333], [-116.632685, 33.990645]]], [[[-116.514513, 33.968735], [-116.510162, 33.968735], [-116.510178, 33.969339], [-116.510195, 33.972371], [-116.512334, 33.974223], [-116.512341, 33.976077], [-116.51455, 33.976077], [-116.514513, 33.968735]]]]}}, {"type": "Feature", "properties": {"name": "Indio"}, "geometry": {"type": "MultiPolygon", "coordinates": [[[[-116.185944, 33.704044], [-116.18151, 33.704042], [-116.181551, 33.700402], [-116.185946, 33.700371], [-116.185944, 33.704044]]], [[[-116.190285, 33.70036], [-116.185946, 33.700371], [-116.185946, 33.700242], [-116.190281, 33.700215], [-116.190285, 33.70036]]], [[[-116.30127, 33.816467], [-116.283772, 33.812888], [-116.265783, 33.802034], [-116.257256, 33.776684], [-116.242054, 33.765273], [-116.229816, 33.758468], [-116.208752, 33.756168], [-116.199356, 33.75117], [-116.190931, 33.746951], [-116.181492, 33.773216], [-116.177443, 33.780483], [-116.164178, 33.726792], [-116.171155, 33.729144], [-116.18167, 33.722252], [-116.194676, 33.711388], [-116.194065, 33.705854], [-116.19469, 33.700365], [-116.199054, 33.703963], [-116.20311, 33.70038], [-116.216471, 33.693187], [-116.213248, 33.685498], [-116.233892, 33.671036], [-116.268711, 33.685372], [-116.268738, 33.702715], [-116.270533, 33.707282], [-116.265732, 33.710375], [-116.264397, 33.7147], [-116.277516, 33.721914], [-116.268752, 33.730512], [-116.266817, 33.738317], [-116.268427, 33.743749], [-116.271631, 33.748368], [-116.295066, 33.758291], [-116.286427, 33.758359], [-116.283267, 33.777278], [-116.285453, 33.796437], [-116.301142, 33.798329], [-116.301251, 33.81203], [-116.30127, 33.816467]]], [[[-116.19905, 33.705854], [-116.196753, 33.705847], [-116.199018, 33.708461], [-116.199049, 33.707764], [-116.19905, 33.705854]]]]}}, {"type": "Feature", "properties": {"name": "Moreno Valley"}, "geometry": {"type": "Polygon", "coordinates": [[[-117.296486, 33.961018], [-117.283424, 33.953643], [-117.261453, 33.953852], [-117.263593, 33.962898], [-117.265194, 33.968285], [-117.270243, 33.977394], [-117.275447, 33.982971], [-117.264732, 33.986282], [-117.261536, 33.982846], [-117.226381, 33.975537], [-117.217773, 33.968299], [-117.191797, 33.961136], [-117.158572, 33.961527], [-117.143267, 33.953821], [-117.139039, 33.939403], [-117.123744, 33.932918], [-117.120621, 33.928159], [-117.100004, 33.917289], [-117.088266, 33.904146], [-117.102331, 33.903171], [-117.129803, 33.895512], [-117.138474, 33.893854], [-117.156326, 33.897769], [-117.176644, 33.890267], [-117.191239, 33.880588], [-117.207063, 33.865624], [-117.207998, 33.865989], [-117.211912, 33.859102], [-117.243811, 33.861958], [-117.243659, 33.880998], [-117.243573, 33.902774], [-117.261114, 33.910159], [-117.283618, 33.916814], [-117.288666, 33.927747], [-117.283212, 33.931801], [-117.278972, 33.931441], [-117.284043, 33.943678], [-117.29645, 33.955811], [-117.296486, 33.961018]]]}}, {"type": "Feature", "properties": {"name": "Norco"}, "geometry": {"type": "Polygon", "coordinates": [[[-117.60711, 33.912183], [-117.598879, 33.916603], [-117.598659, 33.918008], [-117.594634, 33.918791], [-117.597642, 33.923707], [-117.586189, 33.928762], [-117.569795, 33.940246], [-117.558302, 33.945908], [-117.553828, 33.957175], [-117.5538, 33.949987], [-117.549224, 33.949606], [-117.544106, 33.953556], [-117.534125, 33.957349], [-117.531965, 33.957855], [-117.525428, 33.958601], [-117.523235, 33.959334], [-117.523253, 33.957528], [-117.523446, 33.953737], [-117.523856, 33.949314], [-117.515888, 33.945601], [-117.511693, 33.941178], [-117.51475, 33.935738], [-117.516286, 33.928153], [-117.514144, 33.920891], [-117.513365, 33.917998], [-117.512565, 33.912135], [-117.515173, 33.909226], [-117.52417, 33.904383], [-117.531029, 33.904816], [-117.538904, 33.899097], [-117.543622, 33.898042], [-117.551448, 33.896448], [-117.556929, 33.901962], [-117.558393, 33.894949], [-117.563243, 33.895784], [-117.567636, 33.896397], [-117.57033, 33.900716], [-117.579861, 33.905328], [-117.588115, 33.914632], [-117.601611, 33.907921], [-117.604113, 33.909639], [-117.60711, 33.912183]]]}}, {"type": "Feature", "properties": {"name": "Capitola"}, "geometry": {"type": "Polygon", "coordinates": [[[-121.96992, 36.974623], [-121.970815, 36.978049], [-121.97115, 36.978178], [-121.970782, 36.979882], [-121.968042, 36.980413], [-121.965567, 36.979607], [-121.965518, 36.982722], [-121.964778, 36.984176], [-121.962212, 36.98294], [-121.95775, 36.983392], [-121.957171, 36.984029], [-121.952937, 36.983548], [-121.952037, 36.983627], [-121.947649, 36.983924], [-121.941136, 36.983905], [-121.936533, 36.984365], [-121.935131, 36.984196], [-121.932787, 36.984008], [-121.932699, 36.983844], [-121.931849, 36.983777], [-121.932493, 36.981839], [-121.92981, 36.981494], [-121.931239, 36.979049], [-121.933214530451, 36.9781165404696], [-121.93402997378, 36.9781078664634], [-121.93947, 36.97805], [-121.939504416436, 36.9780313812722], [-121.95167, 36.97145], [-121.951972053664, 36.9712023706776], [-121.956037744426, 36.9678692402812], [-121.957037, 36.967461], [-121.958235, 36.968739], [-121.964899, 36.968131], [-121.964899, 36.96785], [-121.967383, 36.967469], [-121.967382, 36.967127], [-121.968642, 36.967111], [-121.96829, 36.965757], [-121.969465, 36.965227], [-121.969126, 36.967098], [-121.970046, 36.967654], [-121.967384, 36.967905], [-121.965642, 36.968069], [-121.965405, 36.968435], [-121.967386, 36.968839], [-121.96739, 36.969932], [-121.968287, 36.972906], [-121.973208, 36.973697], [-121.96992, 36.974623]]]}}, {"type": "Feature", "properties": {"name": "Santa Cruz"}, "geometry": {"type": "MultiPolygon", "coordinates": [[[[-122.033644, 36.999709], [-122.034846, 37.001717], [-122.032903, 37.002413], [-122.031075, 37.0007], [-122.031036, 37.000635], [-122.034946, 36.998901], [-122.033644, 36.999709]]], [[[-122.07309, 37.003248], [-122.051008, 37.001574], [-122.049356, 37.009604], [-122.04325, 37.005375], [-122.033729, 36.995011], [-122.028115, 36.992201], [-122.020543, 36.991331], [-122.014923, 36.992901], [-122.018678, 36.997368], [-122.020715, 37.001321], [-122.018538, 37.002415], [-122.009921, 37.000392], [-122.002945, 37.000898], [-121.997623, 37.006956], [-121.994065, 37.009589], [-121.992225, 37.002642], [-121.987441, 36.995054], [-121.98737, 36.989925], [-121.991569, 36.985209], [-121.993378, 36.984445], [-121.994669, 36.983303], [-121.995009, 36.978022], [-122.000912, 36.968363], [-122.00174, 36.96815], [-122.000559381299, 36.9605738599538], [-122.012765904644, 36.9632133029575], [-122.026104, 36.958812], [-122.033665406792, 36.9524101437449], [-122.041889511993, 36.952187459198], [-122.049863, 36.949284], [-122.067685439879, 36.9490030955886], [-122.068819, 36.953719], [-122.065318, 36.958872], [-122.065454, 36.961572], [-122.070839, 36.972474], [-122.06075, 36.977989], [-122.065318, 36.983976], [-122.069204, 36.994676], [-122.069678, 37.000999], [-122.07309, 37.003248]]], [[[-122.014923, 36.992901], [-122.014277, 36.991463], [-122.011689, 36.991489], [-122.011734, 36.994728], [-122.009989, 36.997019], [-122.011831, 36.996215], [-122.012274, 36.994115], [-122.014093, 36.993022], [-122.014923, 36.992901]]], [[[-122.109082, 36.977241], [-122.107709, 36.978905], [-122.107389, 36.981812], [-122.104298, 36.981538], [-122.104825, 36.980094], [-122.103786, 36.976967], [-122.104688, 36.965211], [-122.104229, 36.97203], [-122.108532, 36.972396], [-122.108028, 36.97618], [-122.109082, 36.977241]]]]}}, {"type": "Feature", "properties": {"name": "Fremont"}, "geometry": {"type": "MultiPolygon", "coordinates": [[[[-122.128803, 37.566851], [-122.111083, 37.561384], [-122.10122, 37.562636], [-122.091727, 37.562247], [-122.062817, 37.571168], [-122.062818, 37.584763], [-122.055099, 37.590335], [-122.041459, 37.588119], [-122.03352, 37.586112], [-122.025295, 37.578427], [-122.013197, 37.580703], [-122.005866, 37.586484], [-121.978365, 37.606679], [-121.950425, 37.598016], [-121.939608, 37.598827], [-121.936294, 37.591154], [-121.928374, 37.584376], [-121.931325, 37.57629], [-121.927619, 37.571479], [-121.920501, 37.564365], [-121.918495, 37.55983], [-121.909575, 37.555009], [-121.890668, 37.547936], [-121.880468, 37.533316], [-121.880783, 37.507893], [-121.873277, 37.491089], [-121.874009, 37.477407], [-121.885966, 37.471375], [-121.898306, 37.466661], [-121.917265, 37.458391], [-121.927561, 37.456925], [-121.931471, 37.460911], [-121.938903, 37.462394], [-121.947087, 37.467424], [-121.964157, 37.463151], [-121.994311, 37.466049], [-122.037266, 37.464699], [-122.055541, 37.49523], [-122.111344, 37.50758], [-122.132396742885, 37.5622167520914], [-122.128803, 37.566851]]], [[[-122.070189, 37.517864], [-122.067382, 37.51828], [-122.064519, 37.513016], [-122.06094, 37.514099], [-122.055754, 37.514225], [-122.054989, 37.510417], [-122.054028, 37.508454], [-122.054521, 37.505666], [-122.05736, 37.499223], [-122.050849, 37.497625], [-122.050781, 37.496469], [-122.041124, 37.493526], [-122.038309, 37.493697], [-122.035303, 37.492389], [-122.032234, 37.489354], [-122.029735, 37.488853], [-122.030177, 37.487255], [-122.030262, 37.482665], [-122.027449, 37.478663], [-122.025852, 37.478979], [-122.025368, 37.480623], [-122.025282, 37.482412], [-122.024849, 37.48325], [-122.023141, 37.484693], [-122.0198, 37.484589], [-122.017368, 37.483541], [-122.014292, 37.481375], [-122.009747, 37.488982], [-122.010535, 37.493062], [-122.006055, 37.494617], [-122.003186, 37.494469], [-121.999521, 37.493315], [-121.996467, 37.498073], [-121.992025, 37.498066], [-121.993479, 37.499446], [-121.99332, 37.499453], [-121.997852, 37.504245], [-121.995373, 37.51084], [-121.994816, 37.513828], [-121.989281, 37.520863], [-121.98831, 37.521749], [-121.987767, 37.522432], [-121.987975, 37.522531], [-122.00236, 37.529774], [-122.014861, 37.536695], [-122.017348, 37.539133], [-122.020081, 37.542769], [-122.022895, 37.546533], [-122.028684, 37.554125], [-122.031219, 37.556592], [-122.038506, 37.563408], [-122.042259, 37.558756], [-122.045052, 37.556261], [-122.05208, 37.551742], [-122.05518, 37.549454], [-122.063959, 37.542784], [-122.064476, 37.542386], [-122.067333, 37.540231], [-122.066648, 37.538727], [-122.06468, 37.534691], [-122.068089, 37.524168], [-122.061345, 37.523267], [-122.060469, 37.521584], [-122.07089, 37.519017], [-122.070189, 37.517864]]]]}}, {"type": "Feature", "properties": {"name": "Hemet"}, "geometry": {"type": "MultiPolygon", "coordinates": [[[[-117.042173, 33.776555], [-117.037821, 33.776572], [-117.037836, 33.780393], [-117.033501, 33.780375], [-117.033498, 33.780178], [-117.033423, 33.774314], [-117.042154, 33.774349], [-117.042173, 33.776555]]], [[[-117.06982, 33.745974], [-117.054609, 33.758244], [-117.036149, 33.751114], [-117.015386, 33.772745], [-116.978144, 33.772912], [-116.968947, 33.769298], [-116.955593, 33.761213], [-116.950225, 33.758542], [-116.940356, 33.753377], [-116.928308, 33.75692], [-116.928266, 33.761346], [-116.91846, 33.76531], [-116.915085, 33.760445], [-116.908896, 33.751416], [-116.932576, 33.747737], [-116.948219, 33.744052], [-116.957582, 33.746237], [-116.958606, 33.743081], [-116.958551, 33.734901], [-116.962849, 33.727635], [-116.967201, 33.722805], [-116.95963, 33.709513], [-116.954052, 33.702391], [-116.971239, 33.685808], [-116.984257, 33.678482], [-116.990693, 33.68568], [-117.000942, 33.698111], [-117.002352, 33.704397], [-117.007052, 33.70393], [-117.013778, 33.704118], [-117.020949, 33.708353], [-117.040579, 33.699288], [-117.050104, 33.712154], [-117.047962, 33.732789], [-117.061358, 33.7436], [-117.069082, 33.745008], [-117.06982, 33.745974]]]]}}, {"type": "Feature", "properties": {"name": "Manhattan Beach"}, "geometry": {"type": "Polygon", "coordinates": [[[-118.422753072278, 33.9049578245664], [-118.419625, 33.906141], [-118.418411, 33.903713], [-118.417476, 33.901774], [-118.415774, 33.901649], [-118.415042, 33.901842], [-118.412505, 33.901905], [-118.402582, 33.90195], [-118.39858, 33.901968], [-118.396173, 33.901866], [-118.378701, 33.901905], [-118.378721, 33.894646], [-118.378688, 33.891917], [-118.37868, 33.887376], [-118.378664, 33.883714], [-118.378666, 33.88278], [-118.378667, 33.880073], [-118.380037, 33.8794], [-118.380065, 33.875663], [-118.379955, 33.872834], [-118.382742, 33.872846], [-118.385116, 33.872852], [-118.387365, 33.872861], [-118.39041, 33.872804], [-118.391371, 33.872812], [-118.395522, 33.872831], [-118.395963, 33.877101], [-118.401784, 33.877102], [-118.401987, 33.877102], [-118.40276, 33.877046], [-118.404539, 33.877146], [-118.407192, 33.877747], [-118.408855163508, 33.8772286472528], [-118.409651786911, 33.8790570888607], [-118.411601, 33.883531], [-118.412005510604, 33.8843081988504], [-118.413923829232, 33.8879939243082], [-118.414871845701, 33.8898153779423], [-118.415514893335, 33.8910508854343], [-118.416787936099, 33.8934968222322], [-118.41866295288, 33.8970993504998], [-118.419597107128, 33.8988941702146], [-118.420257354695, 33.9001627244743], [-118.421492885637, 33.9025365886384], [-118.422753072278, 33.9049578245664]]]}}, {"type": "Feature", "properties": {"name": "Pinole"}, "geometry": {"type": "Polygon", "coordinates": [[[-122.317668, 38.00323], [-122.314386, 38.004769], [-122.313331731142, 38.0115109053013], [-122.300823, 38.010893], [-122.295117747547, 38.0151988352936], [-122.294764, 38.013355], [-122.290777, 38.008622], [-122.284701, 38.00945], [-122.284733, 38.008778], [-122.281647, 38.004107], [-122.279043, 38.003251], [-122.277583, 37.999212], [-122.268913, 37.992732], [-122.259538, 37.99176], [-122.253677, 37.993614], [-122.235999, 37.983406], [-122.238837, 37.983453], [-122.243534, 37.982], [-122.247867, 37.981994], [-122.250025, 37.983168], [-122.254153, 37.981674], [-122.257288, 37.978492], [-122.257637, 37.977622], [-122.256096, 37.975143], [-122.268048, 37.974269], [-122.274387, 37.97818], [-122.27902, 37.982477], [-122.281955, 37.982037], [-122.283903, 37.983168], [-122.288475, 37.984299], [-122.286232, 37.986755], [-122.290708, 37.987238], [-122.291985, 37.989643], [-122.291862, 37.98796], [-122.294577, 37.987353], [-122.300472, 37.98588], [-122.307579, 37.989458], [-122.311091, 37.984578], [-122.312818, 37.984119], [-122.315556, 37.986105], [-122.313728, 37.989013], [-122.307291, 37.99283], [-122.311591, 37.997744], [-122.312032, 37.998497], [-122.313761, 37.99774], [-122.314658, 37.997912], [-122.315197, 37.997054], [-122.316264, 37.997641], [-122.317668, 38.00323]]]}}, {"type": "Feature", "properties": {"name": "Garden Grove"}, "geometry": {"type": "Polygon", "coordinates": [[[-118.042935, 33.774743], [-118.041517, 33.791592], [-118.019776, 33.792032], [-118.011048, 33.799187], [-117.995004, 33.788362], [-117.997164, 33.787445], [-117.992878, 33.773847], [-117.988397, 33.781131], [-117.986803, 33.784809], [-117.984126, 33.788424], [-117.988556, 33.795667], [-117.976447, 33.803058], [-117.971919, 33.805689], [-117.960841, 33.803018], [-117.947851, 33.803063], [-117.937056, 33.798678], [-117.938587, 33.792311], [-117.928233, 33.796015], [-117.91724, 33.792427], [-117.91053, 33.790623], [-117.904734, 33.790727], [-117.897367, 33.778039], [-117.898627, 33.768989], [-117.905089, 33.764583], [-117.91172, 33.755934], [-117.930103, 33.759703], [-117.931553, 33.75861], [-117.935461, 33.759655], [-117.942404, 33.748707], [-117.943877, 33.737074], [-117.946085, 33.739135], [-117.946211, 33.750477], [-117.959219, 33.746735], [-117.961403, 33.748089], [-117.961464, 33.755889], [-117.976737, 33.759372], [-117.992033, 33.771177], [-117.99888, 33.773816], [-118.02686, 33.774033], [-118.042935, 33.774743]]]}}, {"type": "Feature", "properties": {"name": "Chino"}, "geometry": {"type": "Polygon", "coordinates": [[[-117.735344, 34.0188], [-117.728649, 34.029917], [-117.724245, 34.031552], [-117.718192, 34.027973], [-117.715557, 34.029024], [-117.715566, 34.030743], [-117.715595, 34.033417], [-117.711233, 34.033466], [-117.710169, 34.038893], [-117.706888, 34.037069], [-117.705124, 34.032569], [-117.703685, 34.033499], [-117.702539, 34.035284], [-117.702601, 34.040754], [-117.691759, 34.047641], [-117.680816, 34.040897], [-117.680732, 34.033642], [-117.672004, 34.03193], [-117.66329, 34.031939], [-117.654569, 34.0301], [-117.654483, 34.019313], [-117.650686, 33.997584], [-117.606825, 33.983324], [-117.610943, 33.971807], [-117.610923, 33.942657], [-117.655375, 33.924343], [-117.674019, 33.946871], [-117.671349, 33.954848], [-117.674812, 33.959985], [-117.683363, 33.968934], [-117.690999, 33.975703], [-117.697593, 33.982748], [-117.708956, 33.982728], [-117.717321, 33.986282], [-117.717065, 33.98989], [-117.723943, 34.000772], [-117.71539, 34.012563], [-117.715486, 34.022084], [-117.719868, 34.024625], [-117.72864, 34.022432], [-117.735344, 34.0188]]]}}, {"type": "Feature", "properties": {"name": "Rolling Hills Estates"}, "geometry": {"type": "Polygon", "coordinates": [[[-118.392538, 33.762213], [-118.388542, 33.766316], [-118.381575, 33.771855], [-118.381419, 33.774562], [-118.37828, 33.776708], [-118.372843, 33.784587], [-118.370848, 33.778978], [-118.374326, 33.773962], [-118.368808, 33.7713], [-118.363521, 33.771276], [-118.363343, 33.77679], [-118.365689, 33.785683], [-118.372147, 33.787476], [-118.367495, 33.794149], [-118.342017, 33.787585], [-118.346895, 33.781149], [-118.341546, 33.781911], [-118.334719, 33.781427], [-118.331677, 33.785441], [-118.328544, 33.785214], [-118.325015, 33.783094], [-118.323149, 33.785865], [-118.322302, 33.785867], [-118.318941, 33.781681], [-118.31828, 33.77529], [-118.318348, 33.764906], [-118.323632, 33.768452], [-118.331752, 33.766911], [-118.331, 33.769569], [-118.335636, 33.766523], [-118.332779, 33.771821], [-118.345889, 33.777554], [-118.353024, 33.781805], [-118.357559, 33.7818], [-118.363575, 33.77814], [-118.36272, 33.771188], [-118.366736, 33.767772], [-118.376574, 33.770208], [-118.378774, 33.759282], [-118.388849, 33.757164], [-118.392538, 33.762213]]]}}, {"type": "Feature", "properties": {"name": "Solvang"}, "geometry": {"type": "Polygon", "coordinates": [[[-120.154707, 34.591784], [-120.154245, 34.597137], [-120.148342, 34.602981], [-120.145982, 34.605882], [-120.140826, 34.606203], [-120.139118, 34.608673], [-120.135284, 34.610542], [-120.134253, 34.60897], [-120.132066, 34.61044], [-120.128473, 34.60694], [-120.12488, 34.606889], [-120.122094, 34.609788], [-120.119921, 34.606889], [-120.121624, 34.603487], [-120.123855, 34.601025], [-120.126433, 34.598432], [-120.128849, 34.595212], [-120.134918, 34.592052], [-120.134008, 34.590721], [-120.136849, 34.586494], [-120.141339, 34.588793], [-120.1431, 34.58468], [-120.141662, 34.579951], [-120.145334, 34.578116], [-120.141838, 34.575529], [-120.143021, 34.572412], [-120.1416, 34.568528], [-120.139358, 34.562565], [-120.142694, 34.55917], [-120.145283, 34.566323], [-120.147819, 34.57314], [-120.147312, 34.579909], [-120.144346, 34.584587], [-120.144684, 34.585091], [-120.150839, 34.588072], [-120.154707, 34.591784]]]}}, {"type": "Feature", "properties": {"name": "Carson"}, "geometry": {"type": "Polygon", "coordinates": [[[-118.288566, 33.804268], [-118.287233, 33.810414], [-118.287228, 33.824383], [-118.287145, 33.837136], [-118.284917, 33.846239], [-118.284564, 33.858765], [-118.281555, 33.862802], [-118.281608, 33.872631], [-118.282579, 33.88184], [-118.273148, 33.88575], [-118.265245, 33.886027], [-118.260873, 33.886104], [-118.259829, 33.885285], [-118.257459, 33.886188], [-118.261473, 33.880935], [-118.253427, 33.880258], [-118.248741, 33.882017], [-118.247765, 33.88044], [-118.248606, 33.873294], [-118.248611, 33.869495], [-118.242495, 33.867728], [-118.235622, 33.867299], [-118.234644, 33.855926], [-118.233976, 33.846646], [-118.206591, 33.846567], [-118.207691, 33.839331], [-118.211278, 33.83918], [-118.212558, 33.835876], [-118.216008, 33.834278], [-118.216847, 33.831715], [-118.216781, 33.829429], [-118.21755, 33.825736], [-118.222296, 33.824382], [-118.226607, 33.829493], [-118.228066, 33.824195], [-118.223928, 33.807053], [-118.227342, 33.799839], [-118.237508, 33.800508], [-118.258445, 33.799442], [-118.263972, 33.804569], [-118.264592, 33.80007], [-118.275295, 33.798635], [-118.286546, 33.797643], [-118.288767, 33.801089], [-118.288566, 33.804268]]]}}, {"type": "Feature", "properties": {"name": "Santa Fe Springs"}, "geometry": {"type": "Polygon", "coordinates": [[[-118.098315, 33.943847], [-118.093051, 33.950654], [-118.086846, 33.962224], [-118.088837, 33.966913], [-118.070887, 33.960494], [-118.067735, 33.963912], [-118.06638, 33.964684], [-118.071445, 33.969495], [-118.073952, 33.972521], [-118.070704, 33.97228], [-118.059984, 33.969309], [-118.054861, 33.961759], [-118.053007, 33.956708], [-118.053653, 33.949298], [-118.046406, 33.948071], [-118.050522, 33.944402], [-118.046495, 33.941811], [-118.045957, 33.939868], [-118.047144, 33.931737], [-118.047847, 33.926741], [-118.051716, 33.92947], [-118.055198, 33.928104], [-118.053686, 33.916901], [-118.036493, 33.915234], [-118.037878, 33.904281], [-118.029065, 33.897823], [-118.038421, 33.887775], [-118.063101, 33.89505], [-118.058134, 33.900004], [-118.046729, 33.895166], [-118.044454, 33.902488], [-118.05103, 33.90602], [-118.058309, 33.914111], [-118.068321, 33.929891], [-118.079123, 33.931685], [-118.085441, 33.932346], [-118.09296, 33.935325], [-118.098315, 33.943847]]]}}, {"type": "Feature", "properties": {"name": "Livingston"}, "geometry": {"type": "MultiPolygon", "coordinates": [[[[-120.741518, 37.382274], [-120.741375, 37.389799], [-120.739778, 37.39086], [-120.740471, 37.391498], [-120.740259, 37.391726], [-120.740714, 37.392158], [-120.741333, 37.392375], [-120.741329, 37.392618], [-120.739722, 37.393976], [-120.739792, 37.394456], [-120.737299, 37.391607], [-120.73522, 37.392596], [-120.736973, 37.393976], [-120.739375, 37.396229], [-120.740825, 37.397981], [-120.740919, 37.399831], [-120.738016, 37.400776], [-120.736849, 37.402437], [-120.734525, 37.40349], [-120.733518, 37.405178], [-120.731439, 37.405701], [-120.730396, 37.406388], [-120.729725, 37.407821], [-120.726341, 37.40744], [-120.725664, 37.406671], [-120.723898, 37.405434], [-120.722969, 37.403812], [-120.723047, 37.396764], [-120.714438, 37.396805], [-120.709325, 37.396812], [-120.709269, 37.389551], [-120.704924, 37.389555], [-120.704884, 37.392991], [-120.700404, 37.392966], [-120.70047, 37.384046], [-120.705067, 37.384069], [-120.705131, 37.381586], [-120.705194, 37.380731], [-120.709676, 37.382307], [-120.714165, 37.382139], [-120.714244, 37.378516], [-120.705197, 37.378228], [-120.705266, 37.375014], [-120.714317, 37.375028], [-120.714398, 37.371372], [-120.723578, 37.371316], [-120.729955, 37.371339], [-120.729971, 37.373754], [-120.729008, 37.374934], [-120.739439, 37.374954], [-120.739416, 37.378503], [-120.741594, 37.378485], [-120.741518, 37.382274]]], [[[-120.759385, 37.393523], [-120.759332, 37.393555], [-120.757757, 37.393083], [-120.755339, 37.394747], [-120.752713, 37.395468], [-120.75268, 37.395303], [-120.752695, 37.393323], [-120.754683, 37.392731], [-120.755306, 37.385756], [-120.755197, 37.389276], [-120.759584, 37.38927], [-120.759385, 37.393523]]]]}}, {"type": "Feature", "properties": {"name": "St. Helena"}, "geometry": {"type": "MultiPolygon", "coordinates": [[[[-122.49015, 38.558793], [-122.488142, 38.558828], [-122.47996, 38.558754], [-122.479948, 38.556062], [-122.480928, 38.553626], [-122.485336, 38.553608], [-122.485325, 38.555154], [-122.490073, 38.555151], [-122.49015, 38.558793]]], [[[-122.491098, 38.508866], [-122.492193, 38.510949], [-122.490832, 38.510483], [-122.490798, 38.512551], [-122.492683, 38.513982], [-122.487933, 38.517505], [-122.48414, 38.521114], [-122.481262, 38.522994], [-122.478849, 38.522819], [-122.472732, 38.520659], [-122.471336, 38.518902], [-122.471368, 38.519218], [-122.46673, 38.518547], [-122.461244, 38.514278], [-122.458596, 38.514189], [-122.458189, 38.511442], [-122.456686, 38.511191], [-122.453847, 38.513442], [-122.449468, 38.513137], [-122.449925, 38.516088], [-122.448857, 38.520043], [-122.442529, 38.519913], [-122.439578, 38.519855], [-122.439676, 38.512926], [-122.442996, 38.512894], [-122.444269, 38.512279], [-122.445174, 38.510084], [-122.442096, 38.508919], [-122.4476, 38.509151], [-122.451808, 38.510596], [-122.450724, 38.509364], [-122.446125, 38.507369], [-122.443145, 38.505367], [-122.44138, 38.505415], [-122.43829, 38.502825], [-122.436395, 38.502011], [-122.440336, 38.498658], [-122.441711, 38.499774], [-122.442009, 38.501013], [-122.453908, 38.492196], [-122.45956, 38.48801], [-122.461529, 38.489694], [-122.465256, 38.486948], [-122.46953, 38.48698], [-122.470866, 38.486494], [-122.476308, 38.486527], [-122.478594, 38.487495], [-122.479021, 38.48693], [-122.481437, 38.48816], [-122.481398, 38.494659], [-122.490966, 38.494622], [-122.490873, 38.504326], [-122.487256, 38.50402], [-122.486744, 38.506136], [-122.488903, 38.50694], [-122.490128, 38.506629], [-122.493027, 38.50757], [-122.491098, 38.508866]]]]}}, {"type": "Feature", "properties": {"name": "Atascadero"}, "geometry": {"type": "Polygon", "coordinates": [[[-120.743793, 35.495674], [-120.705653, 35.525783], [-120.703237, 35.525406], [-120.704425, 35.526593], [-120.706462, 35.530973], [-120.69621, 35.528795], [-120.681299, 35.521133], [-120.659794, 35.501571], [-120.648931, 35.498752], [-120.640412, 35.489179], [-120.628764, 35.474567], [-120.623542, 35.456199], [-120.621504, 35.451933], [-120.630339, 35.450601], [-120.6355, 35.447237], [-120.637398, 35.443223], [-120.641515, 35.439717], [-120.644098, 35.441692], [-120.647799, 35.446039], [-120.654106, 35.440909], [-120.653042, 35.445142], [-120.653945, 35.452308], [-120.662115, 35.452423], [-120.669345, 35.45275], [-120.673235, 35.451882], [-120.678802, 35.45071], [-120.681661, 35.448009], [-120.689481, 35.44753], [-120.699689, 35.449826], [-120.701683, 35.443197], [-120.719191, 35.446709], [-120.712647, 35.450393], [-120.711964, 35.452794], [-120.714305, 35.454596], [-120.725764, 35.458864], [-120.736028, 35.471427], [-120.728333, 35.482646], [-120.724617, 35.484432], [-120.731177, 35.490315], [-120.744735, 35.493987], [-120.743793, 35.495674]]]}}, {"type": "Feature", "properties": {"name": "Paso Robles"}, "geometry": {"type": "MultiPolygon", "coordinates": [[[[-120.533857, 35.666755], [-120.529433, 35.666732], [-120.529449, 35.659452], [-120.531519, 35.659407], [-120.53393, 35.659358], [-120.533857, 35.666755]]], [[[-120.7076, 35.625634], [-120.701977, 35.626766], [-120.705, 35.630181], [-120.699825, 35.63744], [-120.70599, 35.636061], [-120.699682, 35.640893], [-120.696878, 35.644042], [-120.70147, 35.652722], [-120.697183, 35.652734], [-120.696298, 35.658728], [-120.684613, 35.655647], [-120.672258, 35.655673], [-120.67225, 35.652037], [-120.658139, 35.662885], [-120.645345, 35.677445], [-120.622831, 35.692278], [-120.605542, 35.68886], [-120.61002, 35.669987], [-120.611867, 35.661965], [-120.614847, 35.655435], [-120.614626, 35.644842], [-120.636478, 35.640263], [-120.641072, 35.613737], [-120.632171, 35.611899], [-120.646227, 35.591599], [-120.664464, 35.601574], [-120.68186, 35.60648], [-120.684734, 35.595639], [-120.690872, 35.5912], [-120.695442, 35.589304], [-120.69871, 35.576716], [-120.700314, 35.581957], [-120.703192, 35.587314], [-120.692874, 35.602376], [-120.692894, 35.614117], [-120.69457, 35.618116], [-120.703347, 35.62262], [-120.7076, 35.625634]]]]}}, {"type": "Feature", "properties": {"name": "Morro Bay"}, "geometry": {"type": "Polygon", "coordinates": [[[-120.874464828754, 35.4123760070777], [-120.874169, 35.415131], [-120.871946, 35.41279], [-120.871668, 35.409256], [-120.868105, 35.405921], [-120.861761, 35.405279], [-120.861275, 35.403101], [-120.858232, 35.399412], [-120.850438, 35.397773], [-120.853121, 35.392459], [-120.850448, 35.386917], [-120.850179, 35.383496], [-120.846456, 35.378939], [-120.842166, 35.374278], [-120.837428, 35.372726], [-120.827352, 35.36801], [-120.822923, 35.364504], [-120.818148, 35.363499], [-120.826587, 35.359431], [-120.823034, 35.350178], [-120.826719, 35.348708], [-120.827564, 35.338275], [-120.831104, 35.339363], [-120.833217, 35.340291], [-120.840646, 35.339405], [-120.842934, 35.343866], [-120.84549, 35.350775], [-120.858636, 35.35363], [-120.862097434884, 35.3538663729658], [-120.86593, 35.360529], [-120.869356496096, 35.362088125307], [-120.869567, 35.371996], [-120.864857, 35.371979], [-120.864105, 35.376814], [-120.866159638165, 35.3932444820144], [-120.869209, 35.403276], [-120.871056589155, 35.4064749387746], [-120.873581143787, 35.4108459839674], [-120.874464828754, 35.4123760070777]]]}}, {"type": "Feature", "properties": {"name": "Pismo Beach"}, "geometry": {"type": "Polygon", "coordinates": [[[-120.715298, 35.176674], [-120.708337, 35.177501], [-120.698384, 35.176252], [-120.697616, 35.176257], [-120.689578, 35.166672], [-120.688086, 35.166209], [-120.684743, 35.165152], [-120.676189, 35.163032], [-120.674134, 35.164107], [-120.671592, 35.16393], [-120.666171, 35.16221], [-120.665931, 35.158161], [-120.662728, 35.156082], [-120.659598, 35.153422], [-120.656848, 35.152381], [-120.653329, 35.151249], [-120.643785, 35.147222], [-120.63697, 35.153735], [-120.63184, 35.153107], [-120.634699, 35.149202], [-120.633152, 35.148242], [-120.620776, 35.14288], [-120.604602, 35.13631], [-120.605227, 35.133955], [-120.606811, 35.129491], [-120.612185, 35.130899], [-120.619191, 35.132948], [-120.622927, 35.131621], [-120.631809, 35.131113], [-120.631886, 35.128421], [-120.646147, 35.143943], [-120.662475, 35.153357], [-120.671371579067, 35.1525218480252], [-120.680246, 35.158285], [-120.682787, 35.158018], [-120.686974, 35.160708], [-120.704203, 35.173206], [-120.711429655321, 35.1752273205426], [-120.714185, 35.175998], [-120.715298, 35.176674]]]}}, {"type": "Feature", "properties": {"name": "Belvedere"}, "geometry": {"type": "Polygon", "coordinates": [[[-122.474204, 37.87738], [-122.472703885835, 37.8790753276972], [-122.471184, 37.880793], [-122.472257202092, 37.8832609972765], [-122.472556107075, 37.8839483763725], [-122.46687, 37.881611], [-122.463603, 37.87873], [-122.462511, 37.877316], [-122.460067, 37.875925], [-122.459614, 37.874672], [-122.460003, 37.874228], [-122.459259, 37.873789], [-122.459054, 37.873487], [-122.458867, 37.873409], [-122.458719, 37.873442], [-122.458254, 37.873205], [-122.458022, 37.873026], [-122.458055, 37.873243], [-122.457006, 37.872775], [-122.457170252495, 37.8722123289406], [-122.457984, 37.871875], [-122.460657, 37.874], [-122.462479, 37.873297], [-122.463130916752, 37.8720340176765], [-122.463245, 37.871813], [-122.462482, 37.868752], [-122.458459, 37.865571], [-122.458072, 37.86327], [-122.459596, 37.862703], [-122.468823, 37.868854], [-122.473661, 37.874929], [-122.474204, 37.87738]]]}}, {"type": "Feature", "properties": {"name": "Bell Gardens"}, "geometry": {"type": "Polygon", "coordinates": [[[-118.170255, 33.955338], [-118.170249, 33.955684], [-118.16954, 33.962479], [-118.169157, 33.96358], [-118.169094, 33.963786], [-118.167559, 33.966479], [-118.165711, 33.968163], [-118.167185, 33.970128], [-118.167413, 33.974687], [-118.167126, 33.977389], [-118.167049, 33.979358], [-118.163065, 33.978956], [-118.149643, 33.977653], [-118.149612, 33.976646], [-118.150006, 33.975139], [-118.150231, 33.974259], [-118.14681, 33.973887], [-118.142123, 33.973357], [-118.140615, 33.973192], [-118.1333, 33.972521], [-118.131863, 33.972822], [-118.130636, 33.973295], [-118.12937, 33.970986], [-118.132745, 33.97093], [-118.134328, 33.970381], [-118.135359, 33.969593], [-118.136758, 33.9675], [-118.137713, 33.965975], [-118.139467, 33.963599], [-118.14427, 33.960924], [-118.154131, 33.955553], [-118.156591, 33.953544], [-118.158604, 33.951894], [-118.158719, 33.95193], [-118.163973, 33.953287], [-118.170285, 33.954103], [-118.170255, 33.955338]]]}}, {"type": "Feature", "properties": {"name": "Hawthorne"}, "geometry": {"type": "Polygon", "coordinates": [[[-118.378701, 33.901905], [-118.37868, 33.91489], [-118.370082, 33.91632], [-118.369894, 33.90394], [-118.367059, 33.902343], [-118.361258, 33.905597], [-118.361735, 33.907767], [-118.361253, 33.910801], [-118.361258, 33.913795], [-118.361864, 33.91465], [-118.361235, 33.916421], [-118.36866, 33.916377], [-118.365618, 33.917937], [-118.366835, 33.923838], [-118.368375, 33.929021], [-118.361834, 33.930946], [-118.360212, 33.932266], [-118.355873, 33.934523], [-118.349018, 33.933527], [-118.346099, 33.93277], [-118.343875, 33.930942], [-118.336281, 33.930007], [-118.336665, 33.926101], [-118.329415, 33.925677], [-118.32576, 33.926676], [-118.326245, 33.929187], [-118.322098, 33.930797], [-118.313394, 33.923532], [-118.314594, 33.918536], [-118.320422, 33.916466], [-118.334878, 33.912841], [-118.333982, 33.91077], [-118.326512, 33.909197], [-118.326492, 33.901811], [-118.333, 33.89829], [-118.339265, 33.89467], [-118.343821, 33.893392], [-118.343836, 33.896463], [-118.343823, 33.901933], [-118.351444, 33.90192], [-118.35237, 33.901915], [-118.358553, 33.900552], [-118.361286, 33.897022], [-118.365858, 33.894643], [-118.378721, 33.894646], [-118.378701, 33.901905]]]}}, {"type": "Feature", "properties": {"name": "Irvine"}, "geometry": {"type": "MultiPolygon", "coordinates": [[[[-117.868646, 33.690052], [-117.855434, 33.704699], [-117.833204, 33.698689], [-117.819631, 33.700577], [-117.813733, 33.694981], [-117.799807, 33.703803], [-117.80219, 33.71733], [-117.788052, 33.729252], [-117.77933, 33.735573], [-117.76408, 33.75814], [-117.759757, 33.770375], [-117.754236, 33.773617], [-117.746159, 33.763135], [-117.73567, 33.750774], [-117.706817, 33.740489], [-117.704352, 33.737713], [-117.717617, 33.731895], [-117.724708, 33.717946], [-117.733864, 33.70797], [-117.720264, 33.709797], [-117.704622, 33.700837], [-117.694, 33.695064], [-117.699856, 33.667149], [-117.703006, 33.655133], [-117.715506, 33.639243], [-117.717466, 33.63592], [-117.726106, 33.633343], [-117.741219, 33.63105], [-117.750924, 33.620511], [-117.774352, 33.618393], [-117.78813, 33.60303], [-117.80506, 33.60919], [-117.821452, 33.620138], [-117.84211, 33.63119], [-117.859528, 33.642529], [-117.861234, 33.65368], [-117.86381, 33.672435], [-117.85945, 33.687559], [-117.868669, 33.688875], [-117.868646, 33.690052]]], [[[-117.862651, 33.696725], [-117.860086, 33.697215], [-117.860655, 33.698064], [-117.860591, 33.698869], [-117.86114, 33.698463], [-117.862651, 33.696725]]]]}}, {"type": "Feature", "properties": {"name": "Delano"}, "geometry": {"type": "MultiPolygon", "coordinates": [[[[-119.329912, 35.775764], [-119.321192, 35.790313], [-119.30305, 35.775875], [-119.280559, 35.78328], [-119.285975, 35.790341], [-119.252862, 35.790433], [-119.241358, 35.790456], [-119.236479, 35.790465], [-119.223494, 35.790487], [-119.205394, 35.783102], [-119.223142, 35.775866], [-119.214145, 35.768646], [-119.218643, 35.761371], [-119.223181, 35.763624], [-119.223152, 35.757475], [-119.236267, 35.751039], [-119.223222, 35.746944], [-119.237312, 35.725086], [-119.236046, 35.718064], [-119.236707, 35.715992], [-119.240823, 35.714248], [-119.241044, 35.717896], [-119.240946, 35.732346], [-119.249488, 35.737772], [-119.247279, 35.739599], [-119.242259, 35.741352], [-119.247327, 35.743379], [-119.266816, 35.746966], [-119.25845, 35.757742], [-119.262918, 35.761373], [-119.276276, 35.76136], [-119.271824, 35.765002], [-119.276311, 35.774548], [-119.285224, 35.775663], [-119.289826, 35.765002], [-119.29421, 35.768544], [-119.303002, 35.761314], [-119.32972, 35.761254], [-119.329912, 35.775764]]], [[[-119.240544, 35.728381], [-119.239116, 35.728483], [-119.239988, 35.732352], [-119.240187, 35.733236], [-119.240389, 35.733183], [-119.240544, 35.728381]]], [[[-119.329948, 35.746728], [-119.329835, 35.753938], [-119.316378, 35.753985], [-119.316353, 35.74674], [-119.320721, 35.746777], [-119.320778, 35.739508], [-119.330061, 35.739544], [-119.329948, 35.746728]]], [[[-119.333829, 35.761241], [-119.32972, 35.761254], [-119.329833, 35.754074], [-119.333752, 35.754041], [-119.333829, 35.761241]]]]}}, {"type": "Feature", "properties": {"name": "South Gate"}, "geometry": {"type": "Polygon", "coordinates": [[[-118.231485, 33.960938], [-118.225477, 33.959299], [-118.225692, 33.965445], [-118.218786, 33.964768], [-118.206059, 33.963016], [-118.196652, 33.962052], [-118.18528, 33.955637], [-118.178438, 33.956347], [-118.177924, 33.956825], [-118.170285, 33.954103], [-118.158604, 33.951894], [-118.156253, 33.951038], [-118.160041, 33.945789], [-118.165863, 33.93838], [-118.163484, 33.932892], [-118.161541, 33.928847], [-118.167796, 33.926095], [-118.16701, 33.922049], [-118.156237, 33.917044], [-118.159019, 33.909917], [-118.164551, 33.912576], [-118.173259, 33.911804], [-118.169281, 33.91477], [-118.175613, 33.921431], [-118.176263, 33.930763], [-118.180799, 33.930944], [-118.181851, 33.933916], [-118.187627, 33.93489], [-118.195384, 33.935548], [-118.207256, 33.9367], [-118.210532, 33.939827], [-118.213618, 33.941593], [-118.216768, 33.945441], [-118.214548, 33.938865], [-118.218952, 33.9374], [-118.223022, 33.939757], [-118.228237, 33.946625], [-118.229699, 33.953293], [-118.231485, 33.960938]]]}}, {"type": "Feature", "properties": {"name": "Willows"}, "geometry": {"type": "Polygon", "coordinates": [[[-122.218789, 39.526689], [-122.218778, 39.53146], [-122.214571, 39.531448], [-122.207351, 39.531431], [-122.199007, 39.531415], [-122.19897, 39.528971], [-122.195196, 39.528978], [-122.193751, 39.527498], [-122.193599, 39.527832], [-122.193369, 39.527319], [-122.193222, 39.526685], [-122.193178, 39.52421], [-122.18703, 39.524177], [-122.187028, 39.521881], [-122.184728, 39.521795], [-122.184709, 39.520388], [-122.190344, 39.515915], [-122.192433, 39.511733], [-122.193835, 39.511602], [-122.192974, 39.511448], [-122.192935, 39.509578], [-122.183886, 39.509601], [-122.18373, 39.494885], [-122.193178, 39.494984], [-122.193152, 39.491334], [-122.195831, 39.491316], [-122.194913, 39.494797], [-122.194797, 39.494875], [-122.194035, 39.49497], [-122.197022, 39.49629], [-122.19789, 39.497205], [-122.200879, 39.502494], [-122.20785, 39.510773], [-122.208905, 39.512011], [-122.210675, 39.514116], [-122.208771, 39.51409], [-122.208768, 39.515372], [-122.211682, 39.515327], [-122.21351, 39.518157], [-122.214282, 39.520435], [-122.216172, 39.52127], [-122.217265, 39.523616], [-122.219841, 39.523073], [-122.218789, 39.526689]]]}}, {"type": "Feature", "properties": {"name": "San Marino"}, "geometry": {"type": "Polygon", "coordinates": [[[-118.141995, 34.11953], [-118.137278, 34.11835], [-118.134716, 34.117543], [-118.133705, 34.117372], [-118.132834, 34.117345], [-118.132209, 34.117323], [-118.131736, 34.117307], [-118.128261, 34.11783], [-118.129064, 34.122648], [-118.131097, 34.126854], [-118.121693, 34.132021], [-118.117187, 34.132729], [-118.113818, 34.135871], [-118.114019, 34.136391], [-118.113753, 34.136859], [-118.110023, 34.13686], [-118.110021, 34.137175], [-118.103593, 34.137357], [-118.10157, 34.136859], [-118.097732, 34.136914], [-118.094525, 34.136934], [-118.093313, 34.131916], [-118.090775, 34.126115], [-118.090367, 34.126902], [-118.087946, 34.127059], [-118.088214, 34.125563], [-118.089383, 34.125005], [-118.090306, 34.123366], [-118.091068, 34.122395], [-118.091284, 34.119862], [-118.09803, 34.115273], [-118.104189, 34.113439], [-118.106374, 34.113405], [-118.107464, 34.113818], [-118.108552, 34.113392], [-118.111341, 34.113978], [-118.117699, 34.110909], [-118.121095, 34.105275], [-118.127935, 34.111146], [-118.134708, 34.106818], [-118.139535, 34.11252], [-118.140682, 34.116169], [-118.141995, 34.11953]]]}}, {"type": "Feature", "properties": {"name": "Covina"}, "geometry": {"type": "MultiPolygon", "coordinates": [[[[-117.926854, 34.089599], [-117.923179, 34.092214], [-117.914369, 34.095411], [-117.916572, 34.100459], [-117.909908, 34.106856], [-117.890262, 34.106805], [-117.881489, 34.106141], [-117.877154, 34.105475], [-117.869298, 34.103035], [-117.877225, 34.102942], [-117.876285, 34.095722], [-117.870346, 34.094798], [-117.865982, 34.101224], [-117.861614, 34.099424], [-117.85509, 34.099402], [-117.848287, 34.104904], [-117.847996, 34.103041], [-117.845067, 34.10064], [-117.844185, 34.099406], [-117.845443, 34.093488], [-117.846384, 34.09464], [-117.847579, 34.092192], [-117.847671, 34.089507], [-117.853478, 34.0862], [-117.842032, 34.080806], [-117.852647, 34.081646], [-117.860996, 34.078675], [-117.858132, 34.070036], [-117.863317, 34.070574], [-117.869785, 34.075746], [-117.881399, 34.075209], [-117.89231, 34.077208], [-117.903301, 34.075466], [-117.905139, 34.086294], [-117.916563, 34.084655], [-117.926372, 34.086581], [-117.926854, 34.089599]]], [[[-117.905558, 34.095724], [-117.901657, 34.095725], [-117.902295, 34.092532], [-117.902303, 34.092127], [-117.898971, 34.092133], [-117.897891, 34.092133], [-117.897861, 34.095726], [-117.896575, 34.095725], [-117.896571, 34.099359], [-117.896572, 34.099508], [-117.894598, 34.099518], [-117.894599, 34.10067], [-117.897781, 34.100274], [-117.898962, 34.100493], [-117.899116, 34.10073], [-117.903345, 34.100401], [-117.903347, 34.099388], [-117.905572, 34.099402], [-117.905558, 34.095724]]], [[[-117.895006, 34.095722], [-117.890772, 34.095738], [-117.89078, 34.096387], [-117.890868, 34.096662], [-117.890781, 34.099408], [-117.894599, 34.099337], [-117.894533, 34.096851], [-117.895006, 34.095722]]], [[[-117.876634, 34.077441], [-117.874433, 34.077099], [-117.874485, 34.0775], [-117.874499, 34.078884], [-117.876181, 34.078887], [-117.876546, 34.07744], [-117.876634, 34.077441]]], [[[-117.870124, 34.078], [-117.870021, 34.078313], [-117.868908, 34.078321], [-117.868905, 34.078004], [-117.868337, 34.078003], [-117.868329, 34.077029], [-117.867638, 34.07704], [-117.865672, 34.076771], [-117.863228, 34.07834], [-117.861401, 34.079295], [-117.861993, 34.079863], [-117.861567, 34.080717], [-117.863718, 34.080726], [-117.863757, 34.082516], [-117.867677, 34.082502], [-117.867079, 34.079771], [-117.87178, 34.078739], [-117.870124, 34.078]]], [[[-117.864604, 34.075327], [-117.864097, 34.074716], [-117.863592, 34.074457], [-117.863358, 34.074404], [-117.86274, 34.07442], [-117.86198, 34.074388], [-117.861679, 34.07441], [-117.861804, 34.07522], [-117.863052, 34.0751], [-117.864251, 34.075445], [-117.864604, 34.075327]]], [[[-117.851165, 34.088131], [-117.849907, 34.08811], [-117.849895, 34.089114], [-117.849268, 34.089113], [-117.849272, 34.089899], [-117.84989, 34.089898], [-117.849894, 34.090551], [-117.849281, 34.090556], [-117.849487, 34.091223], [-117.850006, 34.09112], [-117.851168, 34.090522], [-117.851165, 34.088131]]], [[[-117.874499, 34.078884], [-117.872387, 34.078871], [-117.872416, 34.080966], [-117.868698, 34.080711], [-117.868691, 34.082504], [-117.868519, 34.082504], [-117.869426, 34.083669], [-117.872428, 34.083866], [-117.872413, 34.082505], [-117.874693, 34.082523], [-117.874437, 34.079343], [-117.874499, 34.078884]]]]}}, {"type": "Feature", "properties": {"name": "South El Monte"}, "geometry": {"type": "Polygon", "coordinates": [[[-118.07026, 34.057241], [-118.067443, 34.062839], [-118.06821, 34.064012], [-118.066099, 34.064121], [-118.060984, 34.063531], [-118.060034, 34.063472], [-118.05531, 34.062707], [-118.058173, 34.058674], [-118.056391, 34.058841], [-118.053475, 34.057278], [-118.052775, 34.059095], [-118.046946, 34.059093], [-118.042365, 34.058611], [-118.039051, 34.058597], [-118.036549, 34.056036], [-118.034126, 34.053181], [-118.034308, 34.052208], [-118.030623, 34.048961], [-118.02819, 34.046899], [-118.027665, 34.044979], [-118.02923, 34.04518], [-118.031432, 34.041881], [-118.028097, 34.039057], [-118.038162, 34.034761], [-118.044671, 34.03499], [-118.048543, 34.033131], [-118.045328, 34.036918], [-118.047637, 34.036241], [-118.050146, 34.037141], [-118.052479, 34.035844], [-118.055512, 34.037615], [-118.049013, 34.03895], [-118.053438, 34.043531], [-118.056771, 34.044572], [-118.059964, 34.045293], [-118.061082, 34.050313], [-118.064363, 34.050755], [-118.069858, 34.053581], [-118.07026, 34.057241]]]}}, {"type": "Feature", "properties": {"name": "Norwalk"}, "geometry": {"type": "Polygon", "coordinates": [[[-118.111611, 33.922077], [-118.106644, 33.931859], [-118.104768, 33.932011], [-118.095607, 33.932052], [-118.089668, 33.931668], [-118.085441, 33.932346], [-118.082462, 33.933481], [-118.079123, 33.931685], [-118.07259, 33.92807], [-118.068321, 33.929891], [-118.063816, 33.917088], [-118.058309, 33.914111], [-118.055398, 33.912514], [-118.05103, 33.90602], [-118.053509, 33.902437], [-118.044454, 33.902488], [-118.042216, 33.898811], [-118.046729, 33.895166], [-118.051673, 33.896508], [-118.058134, 33.900004], [-118.063955, 33.902271], [-118.063101, 33.89505], [-118.055383, 33.88765], [-118.064085, 33.887165], [-118.068476, 33.887559], [-118.072825, 33.885833], [-118.074895, 33.880383], [-118.08235, 33.880366], [-118.087806, 33.880338], [-118.095431, 33.880314], [-118.099887, 33.887402], [-118.104521, 33.886966], [-118.108019, 33.887491], [-118.108158, 33.888208], [-118.108341, 33.906377], [-118.11018, 33.91115], [-118.11132, 33.917024], [-118.111611, 33.922077]]]}}, {"type": "Feature", "properties": {"name": "Chino Hills"}, "geometry": {"type": "Polygon", "coordinates": [[[-117.802539, 33.975551], [-117.78517, 34.004625], [-117.769999, 34.004718], [-117.767046, 34.011193], [-117.767654, 34.019386], [-117.766593, 34.023346], [-117.74398, 34.018527], [-117.733971, 34.011495], [-117.725455, 34.003061], [-117.720677, 33.995161], [-117.716869, 33.989872], [-117.720926, 33.989865], [-117.719477, 33.986271], [-117.717329, 33.987641], [-117.715068, 33.988813], [-117.708192, 33.982741], [-117.699602, 33.98245], [-117.697194, 33.98277], [-117.691904, 33.977524], [-117.689454, 33.973776], [-117.687292, 33.971425], [-117.681052, 33.965603], [-117.677965, 33.961579], [-117.673271, 33.955917], [-117.673113, 33.953784], [-117.666233, 33.949058], [-117.673182, 33.947141], [-117.672982, 33.945406], [-117.658314, 33.929119], [-117.655351, 33.921396], [-117.655145, 33.907708], [-117.676286, 33.888815], [-117.675478, 33.888119], [-117.672744, 33.885388], [-117.668816, 33.880549], [-117.673013, 33.875425], [-117.67191, 33.871086], [-117.675794, 33.87395], [-117.687884, 33.882897], [-117.710285, 33.896668], [-117.732532, 33.911352], [-117.737752, 33.914732], [-117.765567, 33.933834], [-117.77466, 33.940196], [-117.783252, 33.946261], [-117.793551, 33.953822], [-117.793667, 33.968135], [-117.802539, 33.975551]]]}}, {"type": "Feature", "properties": {"name": "Bishop"}, "geometry": {"type": "MultiPolygon", "coordinates": [[[[-118.376925, 37.357766], [-118.376928, 37.357855], [-118.372774, 37.357851], [-118.372119, 37.357842], [-118.372063, 37.349816], [-118.376994, 37.349806], [-118.376925, 37.357766]]], [[[-118.413803, 37.373831], [-118.413805, 37.375913], [-118.395325, 37.375797], [-118.395344, 37.378666], [-118.386279, 37.378604], [-118.386253, 37.3758], [-118.386166, 37.368698], [-118.388531, 37.368599], [-118.388494, 37.367175], [-118.388106, 37.364915], [-118.386092, 37.364963], [-118.386064, 37.363529], [-118.386024, 37.361527], [-118.381519, 37.361507], [-118.381533, 37.359791], [-118.385951, 37.359778], [-118.385949, 37.359723], [-118.379494, 37.359695], [-118.377054, 37.359324], [-118.37709, 37.361498], [-118.376928, 37.357855], [-118.378452, 37.35784], [-118.379501, 37.359602], [-118.385943, 37.359569], [-118.386035, 37.358739], [-118.391317, 37.358675], [-118.391305, 37.35398], [-118.395251, 37.353999], [-118.395267, 37.355522], [-118.398142, 37.355474], [-118.400499, 37.359826], [-118.404636, 37.359841], [-118.404643, 37.361401], [-118.409657, 37.361387], [-118.405906, 37.363832], [-118.408061, 37.363826], [-118.408063, 37.368536], [-118.413806, 37.368534], [-118.413803, 37.373831]]], [[[-118.448699, 37.361269], [-118.447136, 37.361272], [-118.447137, 37.360249], [-118.448704, 37.360231], [-118.448699, 37.361269]]]]}}, {"type": "Feature", "properties": {"name": "Twentynine Palms"}, "geometry": {"type": "Polygon", "coordinates": [[[-116.194626, 34.135129], [-116.194473, 34.136221], [-116.194484, 34.149641], [-116.176952, 34.149535], [-116.177067, 34.164205], [-116.168182, 34.164131], [-116.159422, 34.16411], [-116.107024, 34.164335], [-116.107213, 34.171634], [-116.107017, 34.175194], [-116.098121, 34.175206], [-116.098172, 34.171572], [-116.091571, 34.171595], [-116.091578, 34.165701], [-116.093758, 34.165662], [-116.093755, 34.164308], [-116.07167, 34.16443], [-116.07175, 34.178875], [-116.071748, 34.179028], [-116.071426, 34.20826], [-116.0583, 34.208337], [-116.058316, 34.215759], [-116.058385, 34.227798], [-116.067198, 34.237072], [-116.071602, 34.237102], [-116.075983, 34.237159], [-116.076027, 34.244421], [-116.080381, 34.244457], [-116.080397, 34.248016], [-116.082575, 34.248122], [-116.082558, 34.244475], [-116.089423, 34.244536], [-116.098262, 34.244371], [-116.098267, 34.251644], [-116.063016, 34.25185], [-116.043591, 34.223118], [-116.04111, 34.223161], [-116.036505, 34.216169], [-116.036417, 34.212332], [-116.036366, 34.208627], [-116.036423, 34.19412], [-116.001321, 34.194275], [-116.001519, 34.150875], [-115.983912, 34.150896], [-115.983937, 34.136362], [-115.983894, 34.121778], [-115.974282, 34.121806], [-115.974274, 34.118533], [-115.978646, 34.118521], [-115.978665, 34.115504], [-115.981783, 34.115504], [-115.981782, 34.116404], [-115.983964, 34.116404], [-115.984003, 34.077862], [-116.036567, 34.078257], [-116.036721, 34.106957], [-116.054409, 34.107146], [-116.054407, 34.113766], [-116.054363, 34.121104], [-116.079734, 34.120795], [-116.097344, 34.120752], [-116.194403, 34.12045], [-116.194476, 34.135129], [-116.194626, 34.135129]]]}}, {"type": "Feature", "properties": {"name": "Dana Point"}, "geometry": {"type": "Polygon", "coordinates": [[[-117.732267, 33.494112], [-117.732065, 33.495405], [-117.732269, 33.498128], [-117.729873, 33.496868], [-117.721778, 33.494759], [-117.718317, 33.494921], [-117.713767, 33.491001], [-117.709364, 33.488956], [-117.706061, 33.489106], [-117.700054, 33.491228], [-117.694062, 33.489628], [-117.690368, 33.488577], [-117.68259, 33.48723], [-117.684496, 33.48362], [-117.685367, 33.480771], [-117.678563, 33.478465], [-117.678143, 33.472552], [-117.6762, 33.46816], [-117.67371, 33.46663], [-117.669483, 33.467024], [-117.666447, 33.466926], [-117.654689, 33.464069], [-117.65608, 33.45903], [-117.65828, 33.45644], [-117.657782, 33.454088], [-117.652805, 33.450073], [-117.649094, 33.451577], [-117.64955, 33.445873], [-117.652692, 33.446154], [-117.663589, 33.451981], [-117.673385, 33.458102], [-117.679112083367, 33.4608396058189], [-117.684264212833, 33.4619114554145], [-117.68942, 33.461658], [-117.691984, 33.456627], [-117.691384, 33.454028], [-117.704675, 33.457878], [-117.70855, 33.46063], [-117.713370543169, 33.4600189383596], [-117.715349, 33.460556], [-117.715688, 33.462657], [-117.715102, 33.464463], [-117.720363, 33.472911], [-117.721427, 33.475135], [-117.725329639693, 33.4815316571142], [-117.726407732621, 33.4832987151397], [-117.732261594817, 33.48484306596], [-117.732267, 33.494112]]]}}, {"type": "Feature", "properties": {"name": "Red Bluff"}, "geometry": {"type": "MultiPolygon", "coordinates": [[[[-122.266414, 40.230602], [-122.250593, 40.219536], [-122.247211, 40.209388], [-122.237398, 40.200961], [-122.236865, 40.181424], [-122.233565, 40.180589], [-122.230092, 40.181792], [-122.227853, 40.183322], [-122.220271, 40.186126], [-122.200868, 40.185966], [-122.199669, 40.185664], [-122.208972, 40.185875], [-122.215508, 40.184198], [-122.218943, 40.180997], [-122.217782, 40.175087], [-122.221642, 40.171518], [-122.223972, 40.172636], [-122.229293, 40.174831], [-122.222464, 40.165655], [-122.221597, 40.158838], [-122.215256, 40.147954], [-122.220756, 40.146888], [-122.228077, 40.142696], [-122.239186, 40.144205], [-122.250592, 40.135095], [-122.250951, 40.161096], [-122.256166, 40.165878], [-122.259198, 40.166771], [-122.263921, 40.172082], [-122.26101, 40.173387], [-122.265501, 40.183148], [-122.262531, 40.187995], [-122.256285, 40.184633], [-122.248778, 40.182744], [-122.246936, 40.185338], [-122.246403, 40.200963], [-122.256264, 40.207904], [-122.254625, 40.22104], [-122.259454, 40.223551], [-122.266414, 40.230602]]], [[[-122.247381, 40.167786], [-122.242621, 40.167733], [-122.242791, 40.171433], [-122.243194, 40.171386], [-122.243911, 40.171226], [-122.244388, 40.171248], [-122.244716, 40.171363], [-122.244925, 40.171591], [-122.247321, 40.171581], [-122.247381, 40.167786]]], [[[-122.22516, 40.174953], [-122.224562, 40.174053], [-122.223341, 40.174703], [-122.223434, 40.17619], [-122.22526, 40.175555], [-122.22516, 40.174953]]]]}}, {"type": "Feature", "properties": {"name": "Taft"}, "geometry": {"type": "Polygon", "coordinates": [[[-119.491655, 35.14419], [-119.482975, 35.147512], [-119.482706, 35.153363], [-119.484958, 35.158541], [-119.47403, 35.158469], [-119.472915, 35.15128], [-119.46961, 35.148228], [-119.466592, 35.149816], [-119.465149, 35.151227], [-119.452489, 35.151373], [-119.438391, 35.151441], [-119.435032, 35.155309], [-119.429755, 35.153375], [-119.411869, 35.15153], [-119.376006, 35.137348], [-119.377758, 35.121207], [-119.378721, 35.112676], [-119.376032, 35.093868], [-119.394612, 35.093464], [-119.420265, 35.093619], [-119.429572, 35.107524], [-119.439069, 35.114977], [-119.447578, 35.122447], [-119.44823, 35.136872], [-119.46513, 35.136762], [-119.478596, 35.136685], [-119.475426, 35.133413], [-119.473157, 35.131296], [-119.469238, 35.129652], [-119.464141, 35.12642], [-119.477835, 35.126358], [-119.480131, 35.124969], [-119.482686, 35.123471], [-119.49085, 35.126447], [-119.488543, 35.136577], [-119.491655, 35.14419]]]}}, {"type": "Feature", "properties": {"name": "San Clemente"}, "geometry": {"type": "Polygon", "coordinates": [[[-117.665304, 33.468119], [-117.659795, 33.467803], [-117.648851, 33.466579], [-117.642641, 33.471767], [-117.638045, 33.481081], [-117.633255, 33.480025], [-117.62841, 33.47873], [-117.620557, 33.480075], [-117.610741, 33.47966], [-117.609503, 33.483496], [-117.594981, 33.483499], [-117.591086, 33.486947], [-117.585743, 33.488902], [-117.582921, 33.49077], [-117.579425, 33.488001], [-117.573425, 33.483423], [-117.577824, 33.46899], [-117.579003, 33.464704], [-117.57119, 33.46099], [-117.571986, 33.456128], [-117.573339, 33.453339], [-117.583416, 33.435383], [-117.590784, 33.407508], [-117.595996031481, 33.3877884344227], [-117.600315, 33.397157], [-117.612495, 33.411549], [-117.62217, 33.421996], [-117.631533, 33.430613], [-117.633777130797, 33.4323619289095], [-117.644837607218, 33.4403556790038], [-117.645582, 33.440728], [-117.645716269445, 33.4408304677929], [-117.64955, 33.445873], [-117.649094, 33.451577], [-117.652805, 33.450073], [-117.657782, 33.454088], [-117.65828, 33.45644], [-117.65608, 33.45903], [-117.654689, 33.464069], [-117.666447, 33.466926], [-117.665304, 33.468119]]]}}, {"type": "Feature", "properties": {"name": "Baldwin Park"}, "geometry": {"type": "Polygon", "coordinates": [[[-118.007111, 34.059795], [-118.005251, 34.064298], [-118.001562, 34.07639], [-117.997935, 34.077734], [-117.993297, 34.078799], [-117.982383, 34.081337], [-117.984548, 34.092212], [-117.978012, 34.099379], [-117.974713, 34.106682], [-117.972526, 34.106608], [-117.964931, 34.106746], [-117.960557, 34.106746], [-117.94901, 34.106785], [-117.942955, 34.106932], [-117.948467, 34.099701], [-117.954757, 34.095997], [-117.953546, 34.092354], [-117.954654, 34.089063], [-117.950766, 34.091963], [-117.948794, 34.089322], [-117.945211, 34.086643], [-117.944489, 34.082963], [-117.945903, 34.079354], [-117.950012, 34.077537], [-117.95658, 34.075309], [-117.955987, 34.071917], [-117.957436, 34.070557], [-117.959959, 34.068179], [-117.963642, 34.068395], [-117.962855, 34.065438], [-117.967144, 34.063462], [-117.965925, 34.062562], [-117.969225, 34.063303], [-117.969516, 34.064645], [-117.970661, 34.066029], [-117.975805, 34.064601], [-117.975959, 34.065019], [-117.976639, 34.064349], [-117.978511, 34.063269], [-117.982383, 34.062683], [-117.985106, 34.0624], [-117.985302, 34.062464], [-117.986146, 34.062852], [-117.990054, 34.062807], [-118.000351, 34.061482], [-118.002774, 34.055723], [-118.007732, 34.057993], [-118.007111, 34.059795]]]}}, {"type": "Feature", "properties": {"name": "Compton"}, "geometry": {"type": "MultiPolygon", "coordinates": [[[[-118.263144, 33.905538], [-118.254456, 33.912828], [-118.24989, 33.91729], [-118.239132, 33.917831], [-118.236058, 33.913739], [-118.230782, 33.907727], [-118.222952, 33.912585], [-118.224578, 33.923132], [-118.218207, 33.920406], [-118.213829, 33.913118], [-118.206433, 33.910535], [-118.199485, 33.906625], [-118.193891, 33.910933], [-118.190247, 33.905824], [-118.189638, 33.905635], [-118.189465, 33.902772], [-118.189441, 33.894702], [-118.182374, 33.896212], [-118.179945, 33.892729], [-118.184103, 33.889136], [-118.187907, 33.886307], [-118.187892, 33.881457], [-118.203675, 33.88138], [-118.208874, 33.881292], [-118.208482, 33.874796], [-118.20549, 33.872971], [-118.206941, 33.873092], [-118.215459, 33.869514], [-118.226533, 33.863148], [-118.232155, 33.866552], [-118.235671, 33.8679], [-118.248674, 33.871697], [-118.248734, 33.880415], [-118.261247, 33.880029], [-118.259461, 33.886126], [-118.260891, 33.886178], [-118.259381, 33.892308], [-118.256328, 33.896193], [-118.253762, 33.902801], [-118.263144, 33.905538]]], [[[-118.254045, 33.904357], [-118.253594, 33.902936], [-118.251108, 33.903046], [-118.245619, 33.903399], [-118.245511, 33.906297], [-118.246868, 33.906282], [-118.251006, 33.906153], [-118.254384, 33.90615], [-118.254045, 33.904357]]], [[[-118.205297, 33.884991], [-118.204278, 33.881617], [-118.199465, 33.881638], [-118.196763, 33.881654], [-118.197013, 33.885044], [-118.19793, 33.885036], [-118.199098, 33.888738], [-118.200001, 33.888734], [-118.200568, 33.888729], [-118.200393, 33.886329], [-118.201944, 33.886315], [-118.202076, 33.888252], [-118.206125, 33.887888], [-118.205297, 33.884991]]], [[[-118.200296, 33.904095], [-118.199818, 33.904098], [-118.199333, 33.903993], [-118.19931, 33.903541], [-118.199206, 33.901659], [-118.199871, 33.901628], [-118.199781, 33.900302], [-118.199136, 33.90031], [-118.199093, 33.899399], [-118.198889, 33.896222], [-118.198347, 33.896097], [-118.197494, 33.892851], [-118.197521, 33.892428], [-118.197248, 33.888746], [-118.195079, 33.888767], [-118.195105, 33.88912], [-118.190211, 33.889523], [-118.189649, 33.88953], [-118.189875, 33.896186], [-118.190103, 33.899501], [-118.190173, 33.900566], [-118.191667, 33.900561], [-118.193215, 33.900379], [-118.193127, 33.899468], [-118.193573, 33.899464], [-118.193509, 33.898426], [-118.194154, 33.899458], [-118.19367, 33.900545], [-118.191734, 33.90056], [-118.191965, 33.903593], [-118.190756, 33.905532], [-118.193801, 33.90581], [-118.194199, 33.905116], [-118.194108, 33.903572], [-118.194051, 33.902748], [-118.194946, 33.903575], [-118.194415, 33.905744], [-118.199483, 33.906332], [-118.200453, 33.906422], [-118.200296, 33.904095]]]]}}, {"type": "Feature", "properties": {"name": "Elk Grove"}, "geometry": {"type": "Polygon", "coordinates": [[[-121.488087, 38.43053], [-121.457618, 38.434201], [-121.436194, 38.441462], [-121.421029, 38.43803], [-121.403482, 38.437894], [-121.404981, 38.444781], [-121.405094, 38.452599], [-121.393396, 38.452586], [-121.380642, 38.452572], [-121.360363, 38.452615], [-121.325485, 38.452664], [-121.276879, 38.452531], [-121.280065, 38.444639], [-121.281105, 38.44092], [-121.280861, 38.438188], [-121.272683, 38.430486], [-121.284044, 38.426631], [-121.285513, 38.423652], [-121.297669, 38.428912], [-121.301984, 38.419898], [-121.305081, 38.412382], [-121.339391, 38.39519], [-121.344047, 38.376481], [-121.347957, 38.371289], [-121.358519, 38.372757], [-121.417383, 38.379496], [-121.445316, 38.379302], [-121.449977, 38.375259], [-121.451673, 38.383602], [-121.452623, 38.391795], [-121.458113, 38.408583], [-121.463949, 38.404951], [-121.464391, 38.399924], [-121.472516, 38.392107], [-121.480945, 38.394242], [-121.487008, 38.423529], [-121.488087, 38.43053]]]}}, {"type": "Feature", "properties": {"name": "Lemon Grove"}, "geometry": {"type": "Polygon", "coordinates": [[[-117.064445, 32.729469], [-117.058056, 32.73402], [-117.058101, 32.735125], [-117.051662, 32.741832], [-117.05127, 32.742462], [-117.049283, 32.74315], [-117.042837, 32.744918], [-117.034457, 32.745436], [-117.027024, 32.747178], [-117.01964, 32.747351], [-117.015197, 32.750437], [-117.014452, 32.749696], [-117.015456, 32.747054], [-117.01792, 32.744949], [-117.018588, 32.744502], [-117.014392, 32.740235], [-117.014489, 32.734617], [-117.015756, 32.728985], [-117.014342, 32.728736], [-117.014136, 32.724924], [-117.023165, 32.724973], [-117.022994, 32.718477], [-117.025865, 32.718542], [-117.028464, 32.72118], [-117.029477, 32.721784], [-117.030207, 32.720256], [-117.031952, 32.718821], [-117.031941, 32.71548], [-117.032702, 32.715362], [-117.034497, 32.720331], [-117.038824, 32.719564], [-117.046366, 32.715082], [-117.049312, 32.715151], [-117.049307, 32.719961], [-117.049286, 32.726602], [-117.050432, 32.729648], [-117.049922, 32.731469], [-117.04937, 32.731966], [-117.051607, 32.733953], [-117.052609, 32.732282], [-117.060475, 32.730877], [-117.062881, 32.72949], [-117.064445, 32.729469]]]}}, {"type": "Feature", "properties": {"name": "Fortuna"}, "geometry": {"type": "Polygon", "coordinates": [[[-124.168737, 40.600663], [-124.165868, 40.602846], [-124.164638, 40.610058], [-124.166386, 40.61062], [-124.159015, 40.610446], [-124.154392, 40.610173], [-124.149581, 40.606584], [-124.149624, 40.604019], [-124.142458, 40.602968], [-124.142406, 40.604482], [-124.13732, 40.606619], [-124.136078, 40.610341], [-124.133827, 40.60658], [-124.135435, 40.604713], [-124.130789, 40.599352], [-124.126001, 40.602906], [-124.124377, 40.601079], [-124.122359, 40.599402], [-124.126533, 40.598866], [-124.131448, 40.596094], [-124.130056, 40.594106], [-124.134399, 40.589675], [-124.130383, 40.590618], [-124.123235, 40.587548], [-124.121243, 40.555754], [-124.12442, 40.55996], [-124.126715, 40.562971], [-124.13855, 40.562985], [-124.141609, 40.564853], [-124.146731, 40.562987], [-124.14775, 40.575489], [-124.149648, 40.574533], [-124.154558, 40.576485], [-124.157882, 40.584], [-124.156692, 40.585999], [-124.159256, 40.589367], [-124.161799, 40.591281], [-124.165516, 40.596152], [-124.16799, 40.598358], [-124.168664, 40.59916], [-124.168737, 40.600663]]]}}, {"type": "Feature", "properties": {"name": "Angels"}, "geometry": {"type": "Polygon", "coordinates": [[[-120.572688, 38.086252], [-120.572673, 38.088091], [-120.570708, 38.092973], [-120.567837, 38.087646], [-120.552268, 38.087106], [-120.549773, 38.085053], [-120.547111, 38.082313], [-120.539892, 38.086357], [-120.537927, 38.088099], [-120.538894, 38.086019], [-120.538751, 38.083884], [-120.540269, 38.076322], [-120.535436, 38.077343], [-120.532962, 38.078207], [-120.532702, 38.068264], [-120.536463, 38.057509], [-120.533257, 38.051663], [-120.531094, 38.050663], [-120.527474, 38.044912], [-120.539381, 38.044081], [-120.541395, 38.046571], [-120.54169, 38.051896], [-120.542012, 38.057025], [-120.541539, 38.058967], [-120.541401, 38.062276], [-120.541666, 38.062736], [-120.554036, 38.061824], [-120.562265, 38.062183], [-120.564914, 38.064732], [-120.56874, 38.069543], [-120.567899, 38.070316], [-120.569906, 38.07371], [-120.570508, 38.07115], [-120.570273, 38.074685], [-120.569607, 38.083192], [-120.572688, 38.086252]]]}}, {"type": "Feature", "properties": {"name": "Ridgecrest"}, "geometry": {"type": "Polygon", "coordinates": [[[-117.705801, 35.597044], [-117.696801, 35.607829], [-117.705594, 35.615192], [-117.696679, 35.622515], [-117.705547, 35.629849], [-117.698786, 35.633482], [-117.696515, 35.637104], [-117.696541, 35.6444], [-117.678689, 35.651859], [-117.670053, 35.651801], [-117.667852, 35.680793], [-117.616518, 35.680687], [-117.634353, 35.650847], [-117.634249, 35.608135], [-117.635203, 35.606197], [-117.636145, 35.604377], [-117.638862, 35.60293], [-117.640054, 35.604349], [-117.643567, 35.61155], [-117.652479, 35.608692], [-117.655822, 35.608055], [-117.654734, 35.605634], [-117.656972, 35.608048], [-117.661449, 35.600715], [-117.670465, 35.600809], [-117.670083, 35.578835], [-117.652387, 35.564104], [-117.687863, 35.578598], [-117.679419, 35.586143], [-117.688216, 35.587845], [-117.683877, 35.591608], [-117.679361, 35.593412], [-117.674912, 35.597014], [-117.679888, 35.600722], [-117.688451, 35.593422], [-117.69073, 35.593671], [-117.704916, 35.593335], [-117.705801, 35.597044]]]}}, {"type": "Feature", "properties": {"name": "Hawaiian Gardens"}, "geometry": {"type": "Polygon", "coordinates": [[[-118.08192, 33.830841], [-118.081926, 33.831262], [-118.081812, 33.83126], [-118.081827, 33.831455], [-118.081852, 33.833986], [-118.07969, 33.83401], [-118.079712, 33.8369], [-118.078842, 33.838717], [-118.076397, 33.83872], [-118.072047, 33.83873], [-118.072046, 33.837992], [-118.067641, 33.837992], [-118.067681, 33.834704], [-118.068768, 33.832435], [-118.067707, 33.832491], [-118.067711, 33.833306], [-118.06123, 33.833314], [-118.063322, 33.831526], [-118.063268, 33.824107], [-118.06544, 33.824012], [-118.065933, 33.824012], [-118.066627, 33.822199], [-118.068868, 33.822171], [-118.068721, 33.82402], [-118.071826, 33.823974], [-118.071804, 33.82321], [-118.072497, 33.823468], [-118.074676, 33.823008], [-118.078427, 33.824117], [-118.081337, 33.824977], [-118.081703, 33.825083], [-118.082698, 33.829991], [-118.08192, 33.830841]]]}}, {"type": "Feature", "properties": {"name": "Laguna Beach"}, "geometry": {"type": "Polygon", "coordinates": [[[-117.819469693202, 33.5565506664733], [-117.81095, 33.556375], [-117.806138, 33.552349], [-117.801588, 33.554024], [-117.788069, 33.549364], [-117.785203, 33.551717], [-117.78298, 33.548949], [-117.774141, 33.556855], [-117.777082, 33.558769], [-117.774454, 33.558356], [-117.772635, 33.562281], [-117.764906, 33.563928], [-117.764014, 33.574288], [-117.760394, 33.588483], [-117.761578, 33.599609], [-117.756355, 33.610298], [-117.751635, 33.600762], [-117.75038, 33.59211], [-117.75475, 33.58764], [-117.7614, 33.5828], [-117.749416, 33.559452], [-117.75429, 33.5417], [-117.752949, 33.527144], [-117.745156, 33.52525], [-117.740969, 33.512812], [-117.736537, 33.511324], [-117.735632, 33.507121], [-117.736051, 33.505522], [-117.733213, 33.502813], [-117.733257, 33.49814], [-117.732065, 33.495405], [-117.732291, 33.491046], [-117.734241, 33.48563], [-117.73785, 33.489519], [-117.743076624459, 33.4991864978365], [-117.753250193572, 33.5106008633122], [-117.762675, 33.519339], [-117.766385, 33.523515], [-117.779289207818, 33.5353984796343], [-117.788963491116, 33.5429205874055], [-117.795561, 33.54554], [-117.805013732159, 33.5473198572726], [-117.80527, 33.550604], [-117.812632, 33.554687], [-117.819821, 33.554716], [-117.819469693202, 33.5565506664733]]]}}, {"type": "Feature", "properties": {"name": "Carmel-by-the-Sea"}, "geometry": {"type": "Polygon", "coordinates": [[[-121.932002307992, 36.5572603758244], [-121.929006, 36.55859], [-121.924362, 36.560661], [-121.922693, 36.561851], [-121.921852, 36.564297], [-121.918448, 36.563393], [-121.919719, 36.562348], [-121.913465, 36.562368], [-121.912655, 36.560975], [-121.913663, 36.561116], [-121.914114, 36.558179], [-121.914562, 36.555163], [-121.914957, 36.552566], [-121.915539, 36.548862], [-121.915267, 36.548838], [-121.915316, 36.548683], [-121.915264, 36.548535], [-121.915574, 36.548582], [-121.916412, 36.542285], [-121.916538, 36.541766], [-121.91806, 36.540641], [-121.921088, 36.54282], [-121.922972, 36.542616], [-121.923116, 36.543897], [-121.929207, 36.545432], [-121.93172, 36.544517], [-121.931998407773, 36.5455452259162], [-121.929972, 36.546522], [-121.931566322173, 36.5549544303264], [-121.932002307992, 36.5572603758244]]]}}, {"type": "Feature", "properties": {"name": "Sausalito"}, "geometry": {"type": "Polygon", "coordinates": [[[-122.508418, 37.858939], [-122.505067, 37.862095], [-122.5068, 37.864508], [-122.507042, 37.866944], [-122.507088, 37.871436], [-122.505269, 37.872091], [-122.505986, 37.872325], [-122.505619, 37.872583], [-122.503032, 37.871231], [-122.498979, 37.872788], [-122.498123597132, 37.8722413640755], [-122.496266, 37.870775], [-122.494602, 37.866272], [-122.487709, 37.864208], [-122.47844, 37.859517], [-122.478559899461, 37.8569691364452], [-122.478647760806, 37.8551020828614], [-122.478812, 37.851612], [-122.479487895157, 37.850479556794], [-122.47981122575, 37.8499378255362], [-122.479872, 37.849836], [-122.479863901408, 37.8496938037995], [-122.479743, 37.847571], [-122.47752, 37.84655], [-122.477369669358, 37.8455949154827], [-122.480551, 37.845198], [-122.481348, 37.84419], [-122.484109, 37.845295], [-122.486707, 37.845304], [-122.487587, 37.846338], [-122.488083, 37.845178], [-122.491282, 37.847011], [-122.495433, 37.850647], [-122.495985, 37.850819], [-122.507424, 37.855716], [-122.510171, 37.856855], [-122.508418, 37.858939]]]}}, {"type": "Feature", "properties": {"name": "Wasco"}, "geometry": {"type": "Polygon", "coordinates": [[[-119.420253, 35.601465], [-119.402468, 35.601486], [-119.402393, 35.615959], [-119.384634, 35.615983], [-119.384677, 35.610368], [-119.381074, 35.61034], [-119.381043, 35.601508], [-119.384743, 35.601504], [-119.384863, 35.594431], [-119.367248, 35.594404], [-119.367182, 35.60568], [-119.366916, 35.608773], [-119.35803, 35.608792], [-119.340406, 35.608792], [-119.340266, 35.616034], [-119.335753, 35.616037], [-119.331934, 35.615762], [-119.331901, 35.608733], [-119.331343, 35.608775], [-119.325691, 35.608801], [-119.325825, 35.602526], [-119.326598, 35.601533], [-119.322811, 35.601549], [-119.322946, 35.586812], [-119.330249, 35.586845], [-119.330418, 35.584546], [-119.331858, 35.583865], [-119.331907, 35.579746], [-119.332004, 35.559722], [-119.332327, 35.558727], [-119.330611, 35.558005], [-119.328736, 35.553736], [-119.33203, 35.553723], [-119.336162, 35.553704], [-119.33606, 35.572653], [-119.34926, 35.572648], [-119.349442, 35.576], [-119.358309, 35.575989], [-119.358276, 35.579759], [-119.358213, 35.587019], [-119.358188, 35.589996], [-119.359173, 35.590645], [-119.367067, 35.590634], [-119.367044, 35.593399], [-119.375922, 35.593643], [-119.385209, 35.593404], [-119.384851, 35.586966], [-119.395155, 35.586887], [-119.395005, 35.579575], [-119.402673, 35.579601], [-119.420528, 35.579687], [-119.420253, 35.601465]]]}}, {"type": "Feature", "properties": {"name": "Rosemead"}, "geometry": {"type": "Polygon", "coordinates": [[[-118.108108, 34.062564], [-118.107402, 34.069857], [-118.103815, 34.071577], [-118.099538, 34.072329], [-118.090605, 34.072639], [-118.087191, 34.074863], [-118.087882, 34.080281], [-118.088011, 34.089928], [-118.087262, 34.095017], [-118.077692, 34.091872], [-118.067713, 34.088577], [-118.06308, 34.081187], [-118.057698, 34.082736], [-118.055905, 34.08036], [-118.058515, 34.072424], [-118.072922, 34.072064], [-118.067761, 34.06535], [-118.068765, 34.062836], [-118.069366, 34.060999], [-118.075279, 34.057224], [-118.079653, 34.05172], [-118.081853, 34.048137], [-118.077479, 34.040487], [-118.080698, 34.039328], [-118.082301, 34.03491], [-118.090259, 34.03996], [-118.089016, 34.043804], [-118.083179, 34.043171], [-118.084004, 34.048135], [-118.088314, 34.049999], [-118.090489, 34.051725], [-118.09112, 34.053133], [-118.099457, 34.055373], [-118.103257, 34.053127], [-118.108033, 34.055338], [-118.108108, 34.062564]]]}}, {"type": "Feature", "properties": {"name": "Lomita"}, "geometry": {"type": "Polygon", "coordinates": [[[-118.328671, 33.789017], [-118.326252, 33.788516], [-118.326257, 33.789546], [-118.326446, 33.789545], [-118.32819, 33.790265], [-118.328111, 33.798239], [-118.328091, 33.800863], [-118.325952, 33.800857], [-118.325943, 33.803326], [-118.327924, 33.803334], [-118.327948, 33.805904], [-118.327941, 33.806862], [-118.319919, 33.806861], [-118.319916, 33.807661], [-118.311704, 33.807645], [-118.311748, 33.802216], [-118.30879, 33.802217], [-118.308781, 33.800958], [-118.308753, 33.797834], [-118.308737, 33.79578], [-118.308701, 33.79149], [-118.308697, 33.790987], [-118.308692, 33.790487], [-118.308685, 33.789471], [-118.308694, 33.78686], [-118.308697, 33.786051], [-118.308699, 33.785185], [-118.308704, 33.783666], [-118.30894, 33.782216], [-118.309924, 33.781947], [-118.309762, 33.78083], [-118.309486, 33.779053], [-118.307826, 33.779328], [-118.306427, 33.774958], [-118.308923, 33.774964], [-118.309353, 33.776428], [-118.311772, 33.777128], [-118.312744, 33.775523], [-118.318283, 33.774982], [-118.31828, 33.77529], [-118.315172, 33.778742], [-118.316495, 33.780942], [-118.318941, 33.781681], [-118.31657, 33.783651], [-118.318622, 33.784453], [-118.322302, 33.785867], [-118.322684, 33.785111], [-118.322828, 33.785866], [-118.323149, 33.785865], [-118.325568, 33.786194], [-118.327798, 33.786199], [-118.32868, 33.787257], [-118.328671, 33.789017]]]}}, {"type": "Feature", "properties": {"name": "Scotts Valley"}, "geometry": {"type": "Polygon", "coordinates": [[[-122.041631, 37.03813], [-122.039595, 37.040136], [-122.036853, 37.043961], [-122.037464, 37.050246], [-122.037054, 37.050422], [-122.034163, 37.054525], [-122.0306, 37.053584], [-122.029137, 37.054927], [-122.027008, 37.055609], [-122.027122, 37.057021], [-122.026917, 37.058124], [-122.020887, 37.056604], [-122.020733, 37.058972], [-122.013811, 37.062794], [-122.011407, 37.064961], [-122.010843, 37.067667], [-122.010236, 37.068755], [-122.003452, 37.079184], [-122.000047, 37.077097], [-121.995058, 37.0786], [-121.990357, 37.076814], [-121.987899, 37.078858], [-121.985754, 37.079904], [-121.987811, 37.075146], [-121.987582, 37.068965], [-121.989098, 37.064989], [-121.987625, 37.061046], [-121.992632, 37.060999], [-121.995317, 37.057251], [-121.991438, 37.056075], [-121.993699, 37.05014], [-121.998027, 37.050179], [-121.997903, 37.051957], [-122.003044, 37.051035], [-122.004393, 37.047996], [-122.012308, 37.048362], [-122.00895, 37.042759], [-122.011427, 37.039906], [-122.017841, 37.035207], [-122.019555, 37.033976], [-122.023106, 37.032638], [-122.032792, 37.029183], [-122.032458, 37.033686], [-122.023847, 37.038799], [-122.026034, 37.039581], [-122.030402, 37.039387], [-122.036445, 37.037484], [-122.041659, 37.037916], [-122.041631, 37.03813]]]}}, {"type": "Feature", "properties": {"name": "Roseville"}, "geometry": {"type": "Polygon", "coordinates": [[[-121.446616, 38.806132], [-121.43577, 38.812386], [-121.4261, 38.817216], [-121.419287, 38.812971], [-121.395411, 38.817075], [-121.365377, 38.809838], [-121.324129, 38.810029], [-121.312634, 38.807205], [-121.307232, 38.810134], [-121.297491, 38.795593], [-121.284089, 38.795632], [-121.26862, 38.793241], [-121.265717, 38.780897], [-121.25722, 38.773944], [-121.254894, 38.773544], [-121.250089, 38.773937], [-121.230046, 38.770387], [-121.222765, 38.763735], [-121.226562, 38.751751], [-121.218836, 38.736628], [-121.216557, 38.72156], [-121.225806, 38.72034], [-121.222328, 38.723902], [-121.235207, 38.729442], [-121.240331, 38.722231], [-121.242795, 38.718241], [-121.264855, 38.719716], [-121.270649, 38.720131], [-121.2812, 38.722103], [-121.290403, 38.721501], [-121.305935, 38.722635], [-121.318048, 38.723375], [-121.320198, 38.733618], [-121.318452, 38.73595], [-121.311475, 38.730162], [-121.312688, 38.736421], [-121.311373, 38.743859], [-121.337019, 38.75185], [-121.383348, 38.751697], [-121.400248, 38.758948], [-121.400332, 38.795244], [-121.446616, 38.806132]]]}}, {"type": "Feature", "properties": {"name": "Campbell"}, "geometry": {"type": "Polygon", "coordinates": [[[-121.991962, 37.263629], [-121.984962, 37.266509], [-121.982402, 37.270966], [-121.983033, 37.276406], [-121.977277, 37.279143], [-121.97132, 37.27734], [-121.96477, 37.28194], [-121.967467, 37.286501], [-121.976624, 37.284361], [-121.984115, 37.286238], [-121.976599, 37.289826], [-121.970808, 37.294079], [-121.963064, 37.297603], [-121.95902, 37.297338], [-121.947622, 37.295273], [-121.94451, 37.29547], [-121.945306, 37.297947], [-121.945491, 37.306993], [-121.943158, 37.303309], [-121.939836, 37.302426], [-121.940466, 37.299292], [-121.937427, 37.294241], [-121.931669, 37.297222], [-121.92093, 37.294382], [-121.922597, 37.289862], [-121.923544, 37.281419], [-121.931679, 37.2824], [-121.935706, 37.279217], [-121.93789, 37.273226], [-121.94209, 37.267002], [-121.94516, 37.26173], [-121.9515, 37.25441], [-121.954012, 37.258383], [-121.96263, 37.26411], [-121.979084, 37.264897], [-121.98559, 37.26422], [-121.991962, 37.263629]]]}}, {"type": "Feature", "properties": {"name": "Mountain View"}, "geometry": {"type": "MultiPolygon", "coordinates": [[[[-122.089064, 37.363297], [-122.086976, 37.363268], [-122.08697, 37.36298], [-122.08698, 37.362668], [-122.089036, 37.362614], [-122.089064, 37.363297]]], [[[-122.117622, 37.404279], [-122.115813, 37.40951], [-122.116508, 37.411303], [-122.10797, 37.40842], [-122.101295, 37.412048], [-122.098146, 37.421652], [-122.099514, 37.435995], [-122.093178, 37.44265], [-122.090146, 37.449306], [-122.085441378309, 37.4519498436329], [-122.088088, 37.446532], [-122.093346, 37.436159], [-122.075545, 37.435957], [-122.065458, 37.429017], [-122.058553, 37.424713], [-122.068566, 37.416807], [-122.064164, 37.40875], [-122.05136, 37.40401], [-122.046872, 37.403006], [-122.044981, 37.394453], [-122.04744, 37.38648], [-122.052311, 37.385744], [-122.059083, 37.379113], [-122.063259, 37.366723], [-122.062023, 37.359793], [-122.060732, 37.354807], [-122.06279, 37.35743], [-122.06866, 37.35676], [-122.07779, 37.35954], [-122.077853, 37.366168], [-122.089161, 37.365937], [-122.09597, 37.37076], [-122.0932, 37.37677], [-122.090519, 37.381353], [-122.089516, 37.384576], [-122.09601, 37.38819], [-122.101116, 37.395307], [-122.11531, 37.40232], [-122.117622, 37.404279]]], [[[-122.07407, 37.40119], [-122.07311, 37.40037], [-122.07018, 37.40253], [-122.06994, 37.40274], [-122.073433, 37.403982], [-122.074728, 37.402323], [-122.07407, 37.40119]]]]}}, {"type": "Feature", "properties": {"name": "Sunnyvale"}, "geometry": {"type": "Polygon", "coordinates": [[[-122.063638, 37.346968], [-122.061746, 37.354444], [-122.061639, 37.355405], [-122.061708, 37.360665], [-122.0621, 37.368612], [-122.058328, 37.381414], [-122.05227, 37.38597], [-122.04743, 37.38803], [-122.046647, 37.394962], [-122.037361, 37.400906], [-122.03531, 37.42645], [-122.040418, 37.426947], [-122.058005, 37.426614], [-122.059911423613, 37.4473360004136], [-122.04566296427, 37.4492335747765], [-122.041335, 37.440952], [-121.98632, 37.412231], [-121.986976, 37.388448], [-122.003979, 37.37705], [-121.98244, 37.37174], [-121.982581, 37.370283], [-121.995737, 37.366911], [-121.999616, 37.360653], [-122.000424, 37.353373], [-122.002074, 37.345262], [-122.002262, 37.341439], [-122.002386, 37.337801], [-122.01416, 37.33774], [-122.019992, 37.332916], [-122.030433, 37.33825], [-122.03673, 37.33757], [-122.04312, 37.33756], [-122.044397, 37.333944], [-122.05006, 37.33754], [-122.052752, 37.331855], [-122.057355, 37.332147], [-122.05796, 37.33777], [-122.059584, 37.33753], [-122.065192, 37.34315], [-122.063638, 37.346968]]]}}, {"type": "Feature", "properties": {"name": "Rohnert Park"}, "geometry": {"type": "Polygon", "coordinates": [[[-122.731454, 38.3501], [-122.719146, 38.357714], [-122.721245, 38.361202], [-122.72524, 38.36326], [-122.719248, 38.365373], [-122.714971, 38.369581], [-122.711873, 38.364603], [-122.701497, 38.369424], [-122.699525, 38.370871], [-122.690017, 38.372105], [-122.676448, 38.372367], [-122.685787, 38.365002], [-122.685762, 38.361295], [-122.667295, 38.354248], [-122.674835, 38.345864], [-122.679866, 38.343148], [-122.678132, 38.336175], [-122.67606, 38.325192], [-122.666698, 38.322533], [-122.675778, 38.32147], [-122.680933, 38.31643], [-122.681184, 38.31431], [-122.683377, 38.318794], [-122.690669, 38.319825], [-122.692812, 38.321599], [-122.696681, 38.328205], [-122.69243, 38.330048], [-122.688425, 38.326926], [-122.688029, 38.328713], [-122.689596, 38.333058], [-122.692904, 38.334114], [-122.69435, 38.332204], [-122.695597, 38.330212], [-122.697967, 38.330671], [-122.706258, 38.330665], [-122.706527, 38.333827], [-122.712215, 38.335871], [-122.712793, 38.341914], [-122.713333, 38.343078], [-122.723226, 38.343507], [-122.726171, 38.348078], [-122.731454, 38.3501]]]}}, {"type": "Feature", "properties": {"name": "Grass Valley"}, "geometry": {"type": "MultiPolygon", "coordinates": [[[[-121.070054, 39.229815], [-121.06866, 39.231049], [-121.06782, 39.230996], [-121.067281, 39.229266], [-121.067528, 39.226782], [-121.068241, 39.22783], [-121.069897, 39.227291], [-121.069923, 39.227328], [-121.070001, 39.227441], [-121.070028, 39.227479], [-121.069429, 39.227907], [-121.070054, 39.229815]]], [[[-121.08313, 39.214728], [-121.073125, 39.221994], [-121.06993, 39.224164], [-121.066048, 39.230988], [-121.06548, 39.237556], [-121.071454, 39.242813], [-121.055595, 39.240968], [-121.049565, 39.240726], [-121.039075, 39.244117], [-121.031349, 39.241934], [-121.03283, 39.2319], [-121.023394, 39.230071], [-121.00913, 39.231685], [-121.01624, 39.227347], [-121.025256, 39.220072], [-121.034053, 39.220269], [-121.039802, 39.222012], [-121.050047, 39.219902], [-121.053102, 39.215757], [-121.049289, 39.21184], [-121.050789, 39.211054], [-121.055364, 39.208823], [-121.058213, 39.208389], [-121.060164, 39.207243], [-121.04655, 39.199575], [-121.046506, 39.193306], [-121.043769, 39.181614], [-121.052364, 39.184342], [-121.056964, 39.187993], [-121.061279, 39.192189], [-121.064543, 39.193954], [-121.067375, 39.200319], [-121.071688, 39.209242], [-121.078393, 39.200551], [-121.075113, 39.207302], [-121.08313, 39.214728]]]]}}, {"type": "Feature", "properties": {"name": "Placerville"}, "geometry": {"type": "Polygon", "coordinates": [[[-120.850015, 38.732658], [-120.843376, 38.728411], [-120.838, 38.729672], [-120.835624, 38.735796], [-120.835044, 38.738887], [-120.83267, 38.737859], [-120.827852, 38.739216], [-120.823602, 38.738386], [-120.820697, 38.732892], [-120.82035, 38.736354], [-120.811715, 38.738783], [-120.800429, 38.743073], [-120.80281, 38.74435], [-120.801726, 38.746484], [-120.793732, 38.748626], [-120.787214, 38.744785], [-120.782813, 38.738571], [-120.777616, 38.737895], [-120.771722, 38.736175], [-120.766584, 38.736788], [-120.755875, 38.733324], [-120.751486, 38.729043], [-120.767795, 38.722001], [-120.767387, 38.714372], [-120.77265, 38.715952], [-120.785243, 38.720604], [-120.791696, 38.720846], [-120.800563, 38.719209], [-120.80598, 38.723278], [-120.815697, 38.726189], [-120.8111, 38.728221], [-120.821422, 38.722228], [-120.82586, 38.720215], [-120.832553, 38.717529], [-120.834544, 38.720522], [-120.836856, 38.721805], [-120.842422, 38.725908], [-120.848819, 38.730455], [-120.850015, 38.732658]]]}}, {"type": "Feature", "properties": {"name": "Tulare"}, "geometry": {"type": "Polygon", "coordinates": [[[-119.392846, 36.181693], [-119.375279, 36.189156], [-119.384267, 36.19629], [-119.379151, 36.203532], [-119.373605, 36.207963], [-119.384366, 36.210725], [-119.380856, 36.218186], [-119.376851, 36.22561], [-119.374856, 36.227711], [-119.369513, 36.225657], [-119.362295, 36.231116], [-119.354359, 36.232966], [-119.356435, 36.244967], [-119.340121, 36.24746], [-119.331096, 36.241478], [-119.322339, 36.243958], [-119.312924, 36.240416], [-119.306447, 36.226064], [-119.300673, 36.210941], [-119.295918, 36.196379], [-119.295882, 36.192768], [-119.304723, 36.192685], [-119.31325, 36.191315], [-119.304708, 36.183431], [-119.310391, 36.17968], [-119.315229, 36.167175], [-119.317845, 36.156334], [-119.318776, 36.152802], [-119.327412, 36.138477], [-119.327252, 36.123619], [-119.340415, 36.171236], [-119.348974, 36.174832], [-119.357732, 36.18562], [-119.357712, 36.189238], [-119.361266, 36.196413], [-119.366308, 36.174773], [-119.375276, 36.170452], [-119.375279, 36.172832], [-119.379699, 36.167421], [-119.392846, 36.181693]]]}}, {"type": "Feature", "properties": {"name": "Coalinga"}, "geometry": {"type": "MultiPolygon", "coordinates": [[[[-120.254154, 36.137084], [-120.235759, 36.137271], [-120.235682, 36.122982], [-120.2466, 36.122962], [-120.254102, 36.122753], [-120.254154, 36.137084]]], [[[-120.282013, 36.136914], [-120.271782, 36.136977], [-120.271759, 36.115362], [-120.281374, 36.115441], [-120.282009, 36.122508], [-120.282013, 36.136914]]], [[[-120.29972, 36.170005], [-120.29807, 36.170132], [-120.294847, 36.170132], [-120.29469, 36.165611], [-120.285787, 36.158383], [-120.289839, 36.155173], [-120.291557, 36.156557], [-120.291584, 36.151623], [-120.29541, 36.151614], [-120.295405, 36.159361], [-120.296657, 36.160154], [-120.298, 36.155016], [-120.300743, 36.155606], [-120.298699, 36.163997], [-120.302942, 36.167404], [-120.29972, 36.170005]]], [[[-120.37563, 36.139918], [-120.37236, 36.139988], [-120.372388, 36.143735], [-120.372378, 36.150883], [-120.370519, 36.151077], [-120.370634, 36.15452], [-120.363401, 36.154503], [-120.363457, 36.160941], [-120.367603, 36.165055], [-120.359857, 36.158832], [-120.357221, 36.16652], [-120.361153, 36.166458], [-120.36126, 36.172797], [-120.363753, 36.172692], [-120.36376, 36.179917], [-120.354681, 36.180171], [-120.35386, 36.179851], [-120.354641, 36.176863], [-120.354545, 36.165373], [-120.354492, 36.158335], [-120.345544, 36.158372], [-120.345574, 36.153529], [-120.339514, 36.15354], [-120.339554, 36.151453], [-120.339666, 36.147661], [-120.338592, 36.145708], [-120.336659, 36.145434], [-120.336654, 36.143927], [-120.329593, 36.143887], [-120.329291, 36.143216], [-120.333236, 36.142161], [-120.336418, 36.142372], [-120.336641, 36.143216], [-120.339873, 36.143596], [-120.340039, 36.142293], [-120.345569, 36.137507], [-120.34558, 36.136649], [-120.343799, 36.136591], [-120.325856, 36.136679], [-120.325859, 36.129684], [-120.332016, 36.129714], [-120.343693, 36.129286], [-120.355741, 36.129392], [-120.361671, 36.129021], [-120.365998, 36.129278], [-120.36909, 36.125893], [-120.369948, 36.126428], [-120.372447, 36.122554], [-120.372505, 36.122228], [-120.374374, 36.12214], [-120.373502, 36.123843], [-120.370223, 36.12925], [-120.372257, 36.129238], [-120.372348, 36.136465], [-120.375616, 36.136471], [-120.37563, 36.139918]]]]}}, {"type": "Feature", "properties": {"name": "Tracy"}, "geometry": {"type": "MultiPolygon", "coordinates": [[[[-121.437601, 37.679782], [-121.436832, 37.6796], [-121.435258, 37.678454], [-121.435096, 37.678336], [-121.43596, 37.67795], [-121.436106, 37.677846], [-121.436968, 37.677507], [-121.437343, 37.677389], [-121.440351, 37.679763], [-121.437601, 37.679782]]], [[[-121.548503, 37.743474], [-121.525688, 37.742015], [-121.481917, 37.739596], [-121.484465, 37.754032], [-121.455187, 37.763325], [-121.448756, 37.757735], [-121.435303, 37.765377], [-121.449617, 37.766943], [-121.426948, 37.779649], [-121.423433, 37.769066], [-121.414698, 37.768817], [-121.387738, 37.765251], [-121.380084, 37.75168], [-121.396626, 37.74068], [-121.413991, 37.736569], [-121.416435, 37.721516], [-121.398092, 37.714454], [-121.421169, 37.698836], [-121.440255, 37.681161], [-121.452636, 37.679064], [-121.452607, 37.671072], [-121.467606, 37.663211], [-121.474979, 37.66434], [-121.472594, 37.667162], [-121.484132, 37.668501], [-121.489699, 37.683019], [-121.491651, 37.692545], [-121.493363, 37.698591], [-121.47521, 37.698933], [-121.460227, 37.690215], [-121.45299, 37.696184], [-121.476484, 37.699781], [-121.464496, 37.710537], [-121.452925, 37.71566], [-121.452974, 37.721576], [-121.469093, 37.716573], [-121.46799, 37.732357], [-121.485629, 37.730902], [-121.530817, 37.721929], [-121.537908, 37.735717], [-121.548503, 37.743474]]], [[[-121.425196, 37.715999], [-121.416373, 37.716013], [-121.416426, 37.720529], [-121.425223, 37.720508], [-121.425196, 37.715999]]]]}}, {"type": "Feature", "properties": {"name": "Oceanside"}, "geometry": {"type": "Polygon", "coordinates": [[[-117.398392, 33.2107], [-117.392521, 33.207007], [-117.346916, 33.240636], [-117.296619, 33.279381], [-117.268031, 33.299989], [-117.264191, 33.29497], [-117.257951, 33.292717], [-117.249352, 33.281722], [-117.245832, 33.278035], [-117.239367, 33.267122], [-117.239238, 33.265576], [-117.24926, 33.258882], [-117.242865, 33.256074], [-117.244977, 33.248768], [-117.259916, 33.244522], [-117.261017, 33.23646], [-117.258578, 33.22889], [-117.253487, 33.223153], [-117.258359, 33.21996], [-117.262199, 33.210433], [-117.272319, 33.206673], [-117.279505, 33.197867], [-117.285147, 33.193913], [-117.288249, 33.186729], [-117.2801, 33.181064], [-117.278094, 33.183656], [-117.277365, 33.182087], [-117.273783, 33.183213], [-117.253164, 33.173748], [-117.256579, 33.161762], [-117.261851, 33.153095], [-117.270957, 33.177151], [-117.279562, 33.175774], [-117.285981, 33.175776], [-117.299194, 33.177795], [-117.309633, 33.179559], [-117.320256, 33.181242], [-117.326909, 33.181191], [-117.344101, 33.179824], [-117.350291, 33.174788], [-117.359716, 33.168843], [-117.369119867376, 33.1767746548299], [-117.39148, 33.202762], [-117.398392, 33.2107]]]}}, {"type": "Feature", "properties": {"name": "San Rafael"}, "geometry": {"type": "MultiPolygon", "coordinates": [[[[-122.588777, 38.025212], [-122.573816, 38.026887], [-122.552962, 38.02702], [-122.538139, 38.024912], [-122.521397, 38.025202], [-122.506406, 38.025746], [-122.505437, 38.018176], [-122.519589, 38.014334], [-122.524059, 38.008034], [-122.529717, 37.999299], [-122.520668, 37.991861], [-122.511854, 37.996723], [-122.501338, 37.99683], [-122.465251, 38.00043], [-122.449958591792, 37.9909620064045], [-122.460912, 37.988114], [-122.475259, 37.979357], [-122.47964, 37.983625], [-122.483977, 37.980313], [-122.475709, 37.975519], [-122.492016537728, 37.9701710817676], [-122.496503, 37.967713], [-122.486521, 37.946911], [-122.491778, 37.946014], [-122.504983, 37.949697], [-122.508745, 37.953804], [-122.513318, 37.960694], [-122.513993, 37.952418], [-122.524271, 37.955676], [-122.542892, 37.964757], [-122.547851, 37.970323], [-122.550948, 37.975738], [-122.55063, 37.979729], [-122.55643, 37.984452], [-122.554835, 37.990153], [-122.550547, 37.985861], [-122.557517, 37.993723], [-122.570971, 38.009601], [-122.588777, 38.025212]]], [[[-122.550278, 37.991714], [-122.544106, 37.988986], [-122.545127, 37.9881], [-122.539272, 37.987853], [-122.538881, 37.987114], [-122.537576, 37.986958], [-122.533282, 37.986715], [-122.532372, 37.988556], [-122.530961, 37.989191], [-122.530257, 37.989883], [-122.533999, 37.991951], [-122.53941, 37.993106], [-122.54036, 37.99384], [-122.541018, 37.996393], [-122.544636, 37.994], [-122.54702, 37.995417], [-122.550278, 37.991714]]], [[[-122.510523, 37.968147], [-122.508214, 37.966873], [-122.505688, 37.967868], [-122.506951, 37.969958], [-122.50455, 37.971852], [-122.502763, 37.970311], [-122.501066, 37.970581], [-122.499706, 37.97279], [-122.496551, 37.974964], [-122.496113, 37.975216], [-122.494995, 37.975387], [-122.495117, 37.981873], [-122.496377, 37.981889], [-122.497143, 37.980932], [-122.498067, 37.981074], [-122.498723, 37.981469], [-122.498526, 37.982193], [-122.499999, 37.982547], [-122.500213, 37.981981], [-122.500659, 37.981912], [-122.501186, 37.982215], [-122.50406, 37.981863], [-122.507883, 37.978873], [-122.50573, 37.978553], [-122.508225, 37.976065], [-122.508075, 37.975875], [-122.507796, 37.975357], [-122.507055, 37.974134], [-122.507358, 37.973405], [-122.508813, 37.969952], [-122.509101, 37.969314], [-122.510523, 37.968147]]]]}}, {"type": "Feature", "properties": {"name": "Burlingame"}, "geometry": {"type": "Polygon", "coordinates": [[[-122.403618, 37.581612], [-122.397193, 37.584959], [-122.39095, 37.588998], [-122.388313, 37.59119], [-122.387148, 37.595636], [-122.384056, 37.597918], [-122.369824, 37.60273], [-122.359612373909, 37.5924841624502], [-122.334409, 37.588041], [-122.334625, 37.587107], [-122.33465, 37.586481], [-122.334553, 37.580398], [-122.340938, 37.575971], [-122.342009, 37.57421], [-122.351914, 37.569949], [-122.352883, 37.57285], [-122.35266, 37.577084], [-122.355423, 37.578169], [-122.356854, 37.577304], [-122.363275, 37.580227], [-122.368123, 37.578106], [-122.370419, 37.579391], [-122.371886, 37.580786], [-122.378158, 37.577389], [-122.380299, 37.576624], [-122.382898, 37.574913], [-122.386052, 37.571953], [-122.385806, 37.574481], [-122.387453, 37.575441], [-122.381312, 37.577669], [-122.381408, 37.579548], [-122.381824, 37.578767], [-122.383883, 37.579351], [-122.383902, 37.58037], [-122.382817, 37.580337], [-122.386786, 37.582548], [-122.387631, 37.580143], [-122.392219, 37.576851], [-122.395762, 37.572591], [-122.392321, 37.568796], [-122.397089, 37.574181], [-122.399038, 37.577029], [-122.403618, 37.581612]]]}}, {"type": "Feature", "properties": {"name": "Lodi"}, "geometry": {"type": "MultiPolygon", "coordinates": [[[[-121.315965, 38.144936], [-121.313654, 38.146749], [-121.308447, 38.148887], [-121.307451, 38.150653], [-121.304135, 38.151703], [-121.302491, 38.150589], [-121.301769, 38.149244], [-121.30001, 38.150156], [-121.298056, 38.148919], [-121.296221, 38.150623], [-121.293593, 38.149993], [-121.292124, 38.151964], [-121.287536, 38.154761], [-121.282325, 38.150283], [-121.278794, 38.148338], [-121.278043, 38.150401], [-121.270847, 38.149647], [-121.266903, 38.148908], [-121.263497, 38.148987], [-121.257638, 38.14656], [-121.256442, 38.146231], [-121.253078, 38.148821], [-121.248953, 38.149883], [-121.245815, 38.14868], [-121.243353, 38.146925], [-121.241324, 38.139721], [-121.243234, 38.137488], [-121.243125, 38.130378], [-121.244354, 38.134001], [-121.24765, 38.130512], [-121.243234, 38.12941], [-121.249186, 38.119642], [-121.257369, 38.116054], [-121.258862, 38.107834], [-121.259965, 38.101572], [-121.26045, 38.094275], [-121.273878, 38.101084], [-121.278626, 38.098122], [-121.283319, 38.100946], [-121.296877, 38.100934], [-121.304363, 38.103701], [-121.30632, 38.101231], [-121.308999, 38.102476], [-121.312339, 38.103045], [-121.315927, 38.101084], [-121.31102, 38.11549], [-121.30654, 38.119176], [-121.311058, 38.120941], [-121.306569, 38.121921], [-121.315872, 38.122771], [-121.315965, 38.144936]]], [[[-121.388334, 38.099237], [-121.388091, 38.099254], [-121.386634, 38.096339], [-121.387762, 38.096036], [-121.388647, 38.096258], [-121.388334, 38.099237]]], [[[-121.40527, 38.098785], [-121.388381, 38.099236], [-121.38891, 38.097028], [-121.388958, 38.096583], [-121.388715, 38.096204], [-121.388119, 38.095922], [-121.387737, 38.095928], [-121.384819, 38.096805], [-121.36351, 38.082532], [-121.396298, 38.082454], [-121.40527, 38.098785]]]]}}, {"type": "Feature", "properties": {"name": "Lakewood"}, "geometry": {"type": "Polygon", "coordinates": [[[-118.167704, 33.854258], [-118.164329, 33.854346], [-118.159849, 33.854361], [-118.155519, 33.85747], [-118.156985, 33.860105], [-118.151189, 33.860302], [-118.146651, 33.868936], [-118.142479, 33.868964], [-118.12514, 33.869035], [-118.114307, 33.868972], [-118.111423, 33.865581], [-118.108317, 33.858371], [-118.103055, 33.858318], [-118.100212, 33.848066], [-118.098939, 33.845875], [-118.086804, 33.845969], [-118.082021, 33.849641], [-118.072091, 33.846084], [-118.063389, 33.846153], [-118.059038, 33.845634], [-118.060957, 33.838795], [-118.058988, 33.835207], [-118.067711, 33.833306], [-118.068768, 33.832435], [-118.067641, 33.837992], [-118.072047, 33.83873], [-118.078842, 33.838717], [-118.07969, 33.83401], [-118.081827, 33.831455], [-118.081926, 33.831262], [-118.09324, 33.831291], [-118.098862, 33.83235], [-118.107757, 33.83238], [-118.116532, 33.832409], [-118.120784, 33.832423], [-118.124962, 33.834106], [-118.124911, 33.839555], [-118.124924, 33.847054], [-118.129868, 33.84707], [-118.133787, 33.846723], [-118.142648, 33.846684], [-118.14765, 33.832506], [-118.15104, 33.829486], [-118.154103, 33.827552], [-118.155958, 33.825138], [-118.160853, 33.827577], [-118.164094, 33.822758], [-118.167357, 33.820153], [-118.167361, 33.827781], [-118.164306, 33.832417], [-118.167559, 33.84694], [-118.167704, 33.854258]]]}}, {"type": "Feature", "properties": {"name": "Gardena"}, "geometry": {"type": "Polygon", "coordinates": [[[-118.326512, 33.909197], [-118.326502, 33.91282], [-118.326501, 33.916446], [-118.320422, 33.916466], [-118.317778, 33.916454], [-118.314312, 33.91645], [-118.313716, 33.916453], [-118.309072, 33.916443], [-118.308997, 33.916443], [-118.300363, 33.916426], [-118.291607, 33.916422], [-118.291639, 33.911271], [-118.291646, 33.909161], [-118.291667, 33.901912], [-118.29168, 33.897592], [-118.291771, 33.894202], [-118.291726, 33.892478], [-118.291582, 33.888843], [-118.291432, 33.885216], [-118.291283, 33.881592], [-118.291208, 33.879778], [-118.291182, 33.879142], [-118.291084, 33.876761], [-118.290894, 33.872696], [-118.290565, 33.867166], [-118.29154, 33.865664], [-118.298068, 33.865553], [-118.297771, 33.866468], [-118.294499, 33.86647], [-118.294357, 33.870522], [-118.299143, 33.870531], [-118.299319, 33.865698], [-118.29937, 33.865698], [-118.302561, 33.865696], [-118.309148, 33.865608], [-118.309146, 33.869207], [-118.309123, 33.87281], [-118.30912, 33.872944], [-118.313451, 33.872937], [-118.313493, 33.880132], [-118.313487, 33.881945], [-118.313476, 33.887061], [-118.317818, 33.885523], [-118.326488, 33.882821], [-118.326498, 33.887407], [-118.326511, 33.891028], [-118.326511, 33.894685], [-118.326492, 33.901811], [-118.326492, 33.901932], [-118.326513, 33.905574], [-118.326512, 33.909197]]]}}, {"type": "Feature", "properties": {"name": "Yorba Linda"}, "geometry": {"type": "MultiPolygon", "coordinates": [[[[-117.841564, 33.882672], [-117.837294, 33.882717], [-117.834389, 33.882748], [-117.83436, 33.879913], [-117.83727, 33.87989], [-117.83967, 33.87987], [-117.84159, 33.87979], [-117.841564, 33.882672]]], [[[-117.845824, 33.903857], [-117.841122, 33.903733], [-117.842316, 33.906289], [-117.842413, 33.910146], [-117.835152, 33.914272], [-117.833896, 33.914279], [-117.834999, 33.915046], [-117.836841, 33.915837], [-117.83633, 33.916667], [-117.822121, 33.914783], [-117.825285, 33.909166], [-117.816261, 33.909059], [-117.783384, 33.906672], [-117.769581, 33.908408], [-117.757792, 33.910892], [-117.758613, 33.895423], [-117.75182, 33.89284], [-117.732589, 33.903061], [-117.687884, 33.882897], [-117.685028, 33.875704], [-117.683876, 33.871209], [-117.692722, 33.873025], [-117.700048, 33.87193], [-117.706153, 33.869107], [-117.723764, 33.866964], [-117.740562, 33.870836], [-117.748968, 33.874872], [-117.74689, 33.87855], [-117.765377, 33.87401], [-117.77263, 33.87058], [-117.781068, 33.863475], [-117.786307, 33.866448], [-117.791476, 33.869774], [-117.79537, 33.867726], [-117.803675, 33.87303], [-117.804846, 33.873214], [-117.814047, 33.870811], [-117.826144, 33.87217], [-117.831486, 33.874246], [-117.83436, 33.879913], [-117.83735, 33.88846], [-117.84445, 33.88839], [-117.845824, 33.903857]]], [[[-117.799487, 33.88708], [-117.799123, 33.881557], [-117.79998, 33.88032], [-117.79805, 33.87916], [-117.797272, 33.874941], [-117.794896, 33.875512], [-117.794106, 33.872566], [-117.792729, 33.87511], [-117.793248, 33.877139], [-117.791926, 33.878884], [-117.792137, 33.883243], [-117.789718, 33.883044], [-117.79, 33.88385], [-117.79009, 33.885563], [-117.794709, 33.885322], [-117.795502, 33.885483], [-117.7952, 33.88863], [-117.80004, 33.8886], [-117.799487, 33.88708]]]]}}, {"type": "Feature", "properties": {"name": "Anderson"}, "geometry": {"type": "Polygon", "coordinates": [[[-122.324821, 40.451249], [-122.317957, 40.458577], [-122.324288, 40.461382], [-122.325685, 40.46695], [-122.320756, 40.470967], [-122.314379, 40.468376], [-122.311376, 40.462719], [-122.306386, 40.467856], [-122.308323, 40.472504], [-122.304177, 40.473218], [-122.294576, 40.471926], [-122.276726, 40.468416], [-122.269456, 40.473095], [-122.265408, 40.472891], [-122.257311, 40.468396], [-122.255924, 40.464245], [-122.255943, 40.461382], [-122.25742, 40.462511], [-122.267553, 40.460952], [-122.273244, 40.462221], [-122.277193, 40.462646], [-122.283525, 40.457136], [-122.278961, 40.455638], [-122.272167, 40.457003], [-122.27415, 40.4552], [-122.279092, 40.445827], [-122.278315, 40.441089], [-122.269231, 40.438138], [-122.273964, 40.43267], [-122.274027, 40.432085], [-122.27345, 40.43008], [-122.280583, 40.430729], [-122.282211, 40.426186], [-122.283605, 40.430365], [-122.285636, 40.433362], [-122.287266, 40.43338], [-122.285393, 40.429625], [-122.285133, 40.427882], [-122.284763, 40.425989], [-122.292814, 40.426114], [-122.293387, 40.419725], [-122.311846, 40.418697], [-122.306978, 40.429794], [-122.307249, 40.433337], [-122.302196, 40.440616], [-122.311685, 40.440549], [-122.314563, 40.444177], [-122.317719, 40.444173], [-122.321295, 40.444447], [-122.321341, 40.446054], [-122.326264, 40.449674], [-122.324821, 40.451249]]]}}, {"type": "Feature", "properties": {"name": "Santa Ana"}, "geometry": {"type": "Polygon", "coordinates": [[[-117.943945, 33.741381], [-117.94189, 33.752338], [-117.935461, 33.759655], [-117.9322, 33.758604], [-117.931092, 33.757879], [-117.920251, 33.759791], [-117.907188, 33.753147], [-117.905089, 33.764583], [-117.898682, 33.773786], [-117.89175, 33.774479], [-117.888117, 33.773627], [-117.882079, 33.783851], [-117.867292, 33.778341], [-117.860772, 33.775064], [-117.856828, 33.776452], [-117.850679, 33.774771], [-117.842798, 33.77691], [-117.839012, 33.775097], [-117.833524, 33.773257], [-117.831444, 33.759862], [-117.832232, 33.74828], [-117.834969, 33.746302], [-117.840335, 33.742001], [-117.84219, 33.738823], [-117.83353, 33.73384], [-117.84465, 33.71555], [-117.847593, 33.701219], [-117.865936, 33.693878], [-117.876985, 33.69408], [-117.895936, 33.696342], [-117.907824, 33.696307], [-117.92493, 33.70879], [-117.914226, 33.728608], [-117.915549, 33.73102], [-117.92413, 33.73099], [-117.936588, 33.730846], [-117.941656, 33.733508], [-117.943945, 33.741381]]]}}, {"type": "Feature", "properties": {"name": "El Monte"}, "geometry": {"type": "Polygon", "coordinates": [[[-118.072927, 34.072266], [-118.055768, 34.07245], [-118.055969, 34.084701], [-118.059723, 34.082934], [-118.061845, 34.086633], [-118.055075, 34.089334], [-118.056414, 34.089081], [-118.054952, 34.089779], [-118.052105, 34.090982], [-118.051044, 34.090393], [-118.042106, 34.092505], [-118.037013, 34.092432], [-118.033135, 34.093503], [-118.028561, 34.097086], [-118.025633, 34.096304], [-118.020125, 34.096528], [-118.009566, 34.100946], [-117.997474, 34.098609], [-117.998926, 34.087265], [-118.001562, 34.07639], [-118.005323, 34.064094], [-118.009566, 34.062713], [-118.007844, 34.057666], [-118.010471, 34.05025], [-118.021641, 34.041689], [-118.025594, 34.043227], [-118.02819, 34.046899], [-118.034846, 34.051756], [-118.034126, 34.053181], [-118.036535, 34.056573], [-118.042365, 34.058611], [-118.049163, 34.059096], [-118.053475, 34.057278], [-118.057841, 34.059089], [-118.05531, 34.062707], [-118.060032, 34.063877], [-118.066099, 34.064121], [-118.068568, 34.062836], [-118.068945, 34.065687], [-118.072409, 34.069923], [-118.072927, 34.072266]]]}}, {"type": "Feature", "properties": {"name": "Whittier"}, "geometry": {"type": "MultiPolygon", "coordinates": [[[[-118.05596, 34.027806], [-118.055495, 34.027938], [-118.056179, 34.03019], [-118.055989, 34.030233], [-118.054425, 34.027862], [-118.05257, 34.027576], [-118.053736, 34.02676], [-118.054529, 34.023421], [-118.057745, 34.024653], [-118.05596, 34.027806]]], [[[-118.071272, 33.9948], [-118.070671, 33.99657], [-118.066368, 33.995756], [-118.063697, 33.995322], [-118.067079, 34.000344], [-118.06208, 34.005342], [-118.054023, 34.003492], [-118.046047, 34.000891], [-118.029422, 34.003779], [-118.019726, 33.989684], [-118.006653, 33.986028], [-117.993596, 33.981721], [-117.989509, 33.975142], [-117.976652, 33.975091], [-117.983633, 33.965007], [-117.98092, 33.957947], [-117.987053, 33.950263], [-117.975507, 33.94967], [-117.966691, 33.946058], [-117.976498, 33.94605], [-117.97652, 33.936762], [-117.976536, 33.928166], [-117.985441, 33.929727], [-117.993238, 33.931104], [-118.00083, 33.935237], [-118.005427, 33.939229], [-118.025372, 33.948669], [-118.04142, 33.954628], [-118.045667, 33.950562], [-118.053086, 33.956611], [-118.052126, 33.959754], [-118.055362, 33.966005], [-118.051131, 33.969917], [-118.053668, 33.974321], [-118.052007, 33.978969], [-118.052884, 33.982345], [-118.057182, 33.985313], [-118.065251, 33.988198], [-118.064012, 33.983961], [-118.065574, 33.991007], [-118.066896, 33.991748], [-118.064792, 33.99472], [-118.070779, 33.99291], [-118.071272, 33.9948]]], [[[-118.028304, 33.987597], [-118.027813, 33.987461], [-118.027815, 33.987055], [-118.025276, 33.987518], [-118.023095, 33.988536], [-118.023774, 33.988814], [-118.024442, 33.988736], [-118.024784, 33.988611], [-118.026304, 33.988364], [-118.028308, 33.988124], [-118.028304, 33.987597]]], [[[-118.018465, 33.975304], [-118.017143, 33.975291], [-118.017151, 33.976205], [-118.01564, 33.976195], [-118.01564, 33.977085], [-118.017816, 33.977104], [-118.018465, 33.975304]]]]}}, {"type": "Feature", "properties": {"name": "Del Rey Oaks"}, "geometry": {"type": "Polygon", "coordinates": [[[-121.851313, 36.598447], [-121.850753, 36.598871], [-121.850052, 36.599736], [-121.846843, 36.59714], [-121.844394, 36.59706], [-121.842697, 36.597138], [-121.838064, 36.597021], [-121.829572, 36.596839], [-121.828943, 36.596844], [-121.821385, 36.596898], [-121.820584, 36.594552], [-121.818717, 36.592177], [-121.813002, 36.587459], [-121.809923, 36.582274], [-121.812059, 36.582342], [-121.814814, 36.581997], [-121.819137, 36.58498], [-121.825414, 36.589896], [-121.829191, 36.587471], [-121.826962, 36.585695], [-121.83025, 36.585823], [-121.827795, 36.581337], [-121.829105, 36.581412], [-121.831653, 36.581813], [-121.830518, 36.582805], [-121.832685, 36.586148], [-121.834097, 36.589801], [-121.840626, 36.59239], [-121.8451, 36.591982], [-121.846922, 36.594493], [-121.851058, 36.597615], [-121.851313, 36.598447]]]}}, {"type": "Feature", "properties": {"name": "Marina"}, "geometry": {"type": "Polygon", "coordinates": [[[-121.817384, 36.656915], [-121.816689, 36.662727], [-121.813992, 36.669681], [-121.807979, 36.678443], [-121.808309, 36.679781], [-121.813669747138, 36.6824618735688], [-121.808966, 36.698547], [-121.807899517122, 36.705660687117], [-121.806628, 36.714142], [-121.806240728109, 36.7283342369897], [-121.798661, 36.724685], [-121.799877, 36.722999], [-121.798979, 36.717997], [-121.800609, 36.713907], [-121.799002, 36.711554], [-121.800944, 36.712031], [-121.801322, 36.707722], [-121.802205, 36.706706], [-121.802867, 36.703819], [-121.800465, 36.702876], [-121.799621, 36.704154], [-121.799379, 36.705259], [-121.79858, 36.706627], [-121.789768, 36.702265], [-121.779684, 36.698868], [-121.783478, 36.688641], [-121.78288, 36.687205], [-121.782861, 36.687158], [-121.756835, 36.696261], [-121.75721, 36.69209], [-121.757917, 36.686037], [-121.755906, 36.687092], [-121.755896, 36.686973], [-121.752515, 36.680649], [-121.751396, 36.680044], [-121.750479, 36.679579], [-121.748138, 36.678583], [-121.747432, 36.678458], [-121.746461, 36.678407], [-121.745083, 36.678118], [-121.745938, 36.677847], [-121.748376, 36.676732], [-121.750333, 36.67527], [-121.751235, 36.674316], [-121.756736, 36.666857], [-121.766527, 36.671523], [-121.768072, 36.669995], [-121.774162, 36.665551], [-121.775267, 36.664979], [-121.777396, 36.664269], [-121.785286, 36.662529], [-121.789718, 36.661839], [-121.789751, 36.654695], [-121.790217, 36.654699], [-121.801329, 36.654781], [-121.801331, 36.652872], [-121.809293, 36.652919], [-121.814756, 36.652858], [-121.81575, 36.652385], [-121.817281, 36.655448], [-121.817384, 36.656915]]]}}, {"type": "Feature", "properties": {"name": "Rancho Palos Verdes"}, "geometry": {"type": "Polygon", "coordinates": [[[-118.414633, 33.762807], [-118.403696, 33.781753], [-118.384209, 33.793424], [-118.369231, 33.79516], [-118.372147, 33.787476], [-118.364548, 33.777836], [-118.364603, 33.76925], [-118.374326, 33.773962], [-118.371903, 33.782367], [-118.378934, 33.777192], [-118.381575, 33.771855], [-118.391443, 33.763803], [-118.388114, 33.757074], [-118.376574, 33.770208], [-118.36582, 33.766965], [-118.364243, 33.760964], [-118.354024, 33.751081], [-118.353064, 33.745775], [-118.33822, 33.745617], [-118.330653, 33.751406], [-118.334765, 33.761106], [-118.333425, 33.767496], [-118.331752, 33.766911], [-118.318598, 33.76492], [-118.311772, 33.777128], [-118.311606, 33.763051], [-118.301, 33.757721], [-118.309271, 33.749523], [-118.318449, 33.746842], [-118.319928, 33.742023], [-118.318751, 33.738367], [-118.318531, 33.731987], [-118.329635, 33.727493], [-118.360505, 33.736817], [-118.37017, 33.737895], [-118.376531, 33.740444], [-118.393427, 33.738859], [-118.40238, 33.739506], [-118.411044, 33.743221], [-118.417871739077, 33.7623811279848], [-118.414633, 33.762807]]]}}, {"type": "Feature", "properties": {"name": "Parlier"}, "geometry": {"type": "MultiPolygon", "coordinates": [[[[-119.521046, 36.601492], [-119.518694, 36.60146], [-119.518723, 36.599948], [-119.521074, 36.599943], [-119.521046, 36.601492]]], [[[-119.522061, 36.599214], [-119.521076, 36.599199], [-119.521086, 36.597405], [-119.522101, 36.597401], [-119.522061, 36.599214]]], [[[-119.574873, 36.599568], [-119.570179, 36.599642], [-119.57013, 36.601296], [-119.565977, 36.601321], [-119.565922, 36.605106], [-119.556797, 36.605003], [-119.556754, 36.609569], [-119.556765, 36.612323], [-119.556747, 36.615292], [-119.556725, 36.619478], [-119.547673, 36.619467], [-119.547648, 36.622417], [-119.543083, 36.618742], [-119.543271, 36.614602], [-119.540786, 36.614596], [-119.538975, 36.614588], [-119.538088, 36.619403], [-119.53434, 36.618616], [-119.534372, 36.612049], [-119.533921, 36.61186], [-119.530399, 36.611677], [-119.529868, 36.61141], [-119.529812, 36.61925], [-119.520841, 36.619303], [-119.520902, 36.615449], [-119.516056, 36.615435], [-119.516057, 36.611924], [-119.520965, 36.611355], [-119.521025, 36.604609], [-119.526103, 36.604684], [-119.529929, 36.604751], [-119.538813, 36.604875], [-119.540766, 36.604878], [-119.54263, 36.60489], [-119.542544, 36.603784], [-119.547842, 36.603754], [-119.547891, 36.598111], [-119.55689, 36.5981], [-119.556892, 36.597963], [-119.560363, 36.59835], [-119.563463, 36.59955], [-119.565663, 36.59935], [-119.565663, 36.597825], [-119.567513, 36.59779], [-119.567562, 36.595914], [-119.574884, 36.595938], [-119.574873, 36.599568]]]]}}, {"type": "Feature", "properties": {"name": "American Canyon"}, "geometry": {"type": "MultiPolygon", "coordinates": [[[[-122.227734, 38.225665], [-122.226303, 38.225676], [-122.226275, 38.221652], [-122.227726, 38.22163], [-122.227734, 38.225665]]], [[[-122.283829, 38.201968], [-122.280504, 38.205504], [-122.262818, 38.204706], [-122.256216, 38.206372], [-122.257837, 38.205753], [-122.257196, 38.204544], [-122.256028, 38.195172], [-122.254873, 38.190738], [-122.252695, 38.188662], [-122.250876, 38.18763], [-122.250411, 38.188962], [-122.248862, 38.192898], [-122.243786, 38.191122], [-122.2421, 38.186208], [-122.242657, 38.175733], [-122.2387, 38.172937], [-122.241292, 38.168962], [-122.236857, 38.168913], [-122.231642, 38.166617], [-122.23281, 38.163606], [-122.230765, 38.161133], [-122.230231, 38.156048], [-122.238376, 38.155226], [-122.253726, 38.155309], [-122.261148, 38.15536], [-122.264743, 38.155386], [-122.264723, 38.160774], [-122.268028, 38.164008], [-122.279183, 38.16694], [-122.272552, 38.166151], [-122.270785, 38.173756], [-122.270627, 38.174121], [-122.276819, 38.181128], [-122.282325, 38.184277], [-122.278654, 38.189067], [-122.283909, 38.197048], [-122.283829, 38.201968]]]]}}, {"type": "Feature", "properties": {"name": "El Cerrito"}, "geometry": {"type": "Polygon", "coordinates": [[[-122.322505, 37.931101], [-122.321063, 37.931112], [-122.32038, 37.93112], [-122.320284, 37.934764], [-122.320323, 37.938342], [-122.317313, 37.938316], [-122.316846, 37.938313], [-122.312224, 37.938276], [-122.307971, 37.938241], [-122.303575, 37.938204], [-122.298406, 37.933222], [-122.296628, 37.93236], [-122.295207, 37.931384], [-122.292238, 37.930689], [-122.29064, 37.929245], [-122.291799, 37.927256], [-122.289645, 37.925307], [-122.2867, 37.924254], [-122.281207, 37.918697], [-122.282552, 37.918903], [-122.284705, 37.917373], [-122.288043, 37.914985], [-122.289084, 37.914253], [-122.287805, 37.911335], [-122.287181, 37.909913], [-122.289055, 37.909076], [-122.288456, 37.905623], [-122.291041, 37.904153], [-122.290237, 37.90376], [-122.288576, 37.903411], [-122.288169, 37.897835], [-122.289884, 37.897553], [-122.291979, 37.898225], [-122.292655, 37.898338], [-122.293908, 37.898368], [-122.296207, 37.898925], [-122.299648, 37.898098], [-122.301437, 37.89816], [-122.301579, 37.898229], [-122.30218, 37.898525], [-122.305407, 37.898163], [-122.307211, 37.901416], [-122.306697, 37.901569], [-122.307054, 37.902504], [-122.309168, 37.900835], [-122.309891, 37.902024], [-122.305858, 37.903797], [-122.304319, 37.904412], [-122.305392, 37.90673], [-122.306071, 37.907747], [-122.308489, 37.911273], [-122.310242, 37.913811], [-122.311577, 37.915739], [-122.313164, 37.91673], [-122.313164, 37.916702], [-122.313349, 37.916701], [-122.313338, 37.916975], [-122.314549, 37.918682], [-122.314852, 37.919083], [-122.317537, 37.919103], [-122.32069, 37.919237], [-122.320783, 37.920976], [-122.3207, 37.925442], [-122.320698, 37.927298], [-122.323166, 37.930887], [-122.322505, 37.931101]]]}}, {"type": "Feature", "properties": {"name": "Westmorland"}, "geometry": {"type": "MultiPolygon", "coordinates": [[[[-115.630079, 33.048207], [-115.626905, 33.048217], [-115.626894, 33.044664], [-115.630116, 33.044679], [-115.630079, 33.048207]]], [[[-115.630098, 33.042813], [-115.625918, 33.042809], [-115.625918, 33.040973], [-115.621596, 33.04098], [-115.621588, 33.042756], [-115.619419, 33.042762], [-115.619412, 33.044689], [-115.612781, 33.044697], [-115.612786, 33.04081], [-115.617282, 33.040861], [-115.617288, 33.037456], [-115.612904, 33.037322], [-115.612936, 33.036402], [-115.615139, 33.037056], [-115.616154, 33.035497], [-115.617297, 33.035506], [-115.61731, 33.03371], [-115.620434, 33.033715], [-115.621611, 33.033175], [-115.621563, 33.030074], [-115.62485, 33.030071], [-115.624878, 33.033747], [-115.625884, 33.033744], [-115.625883, 33.035515], [-115.630151, 33.035527], [-115.630098, 33.042813]]]]}}, {"type": "Feature", "properties": {"name": "Calipatria"}, "geometry": {"type": "MultiPolygon", "coordinates": [[[[-115.508249, 33.176588], [-115.475918, 33.176551], [-115.475916, 33.161991], [-115.476223, 33.161991], [-115.508101, 33.162033], [-115.508249, 33.176588]]], [[[-115.527713, 33.133007], [-115.514244, 33.132989], [-115.508, 33.132985], [-115.501911, 33.132979], [-115.501925, 33.118464], [-115.506156, 33.118531], [-115.50616, 33.114941], [-115.509402, 33.114959], [-115.509365, 33.118193], [-115.509362, 33.118463], [-115.512619, 33.118468], [-115.512615, 33.11798], [-115.512598, 33.113088], [-115.514781, 33.11308], [-115.51476, 33.118012], [-115.514676, 33.118505], [-115.526682, 33.118495], [-115.527706, 33.118414], [-115.527714, 33.125762], [-115.527713, 33.133007]]], [[[-115.553776, 33.154827], [-115.544938, 33.15482], [-115.544961, 33.147501], [-115.553602, 33.147528], [-115.553776, 33.154827]]]]}}, {"type": "Feature", "properties": {"name": "Oroville"}, "geometry": {"type": "MultiPolygon", "coordinates": [[[[-121.639817, 39.474285], [-121.635394, 39.493768], [-121.622216, 39.509132], [-121.598934, 39.506726], [-121.607013, 39.502462], [-121.579564, 39.498238], [-121.572588, 39.513432], [-121.578397, 39.520727], [-121.588153, 39.522111], [-121.583944, 39.530655], [-121.576253, 39.534882], [-121.567813, 39.531018], [-121.548509, 39.525225], [-121.549754, 39.519494], [-121.547291, 39.518736], [-121.536416, 39.521201], [-121.533957, 39.524723], [-121.51659, 39.526187], [-121.502659, 39.522765], [-121.503814, 39.512571], [-121.511824, 39.505954], [-121.519341, 39.510587], [-121.523364, 39.504159], [-121.517524, 39.49831], [-121.518394, 39.488991], [-121.538986, 39.492991], [-121.549816, 39.492194], [-121.552376, 39.481957], [-121.559774, 39.467428], [-121.554387, 39.452993], [-121.568952, 39.46552], [-121.572249, 39.467365], [-121.575403, 39.485153], [-121.604537, 39.493691], [-121.624535, 39.480485], [-121.631442, 39.473857], [-121.639817, 39.474285]]], [[[-121.526495, 39.525366], [-121.525832, 39.525068], [-121.525107, 39.525429], [-121.525687, 39.525616], [-121.526482, 39.525462], [-121.526495, 39.525366]]]]}}, {"type": "Feature", "properties": {"name": "Mount Shasta"}, "geometry": {"type": "Polygon", "coordinates": [[[-122.347802, 41.348559], [-122.32559, 41.34897], [-122.325619, 41.334145], [-122.320641, 41.334105], [-122.320646, 41.328182], [-122.319301, 41.328171], [-122.319302, 41.326741], [-122.320579, 41.326703], [-122.320587, 41.3235], [-122.320109, 41.323155], [-122.315637, 41.323519], [-122.315473, 41.323472], [-122.306136, 41.323426], [-122.306158, 41.326056], [-122.306221, 41.327105], [-122.298722, 41.327639], [-122.287251, 41.327829], [-122.287233, 41.320563], [-122.287244, 41.319516], [-122.298158, 41.319791], [-122.297995, 41.312231], [-122.296347, 41.312214], [-122.297104, 41.310765], [-122.298303, 41.311565], [-122.303286, 41.311658], [-122.306223, 41.310336], [-122.303054, 41.309635], [-122.303023, 41.304218], [-122.30111, 41.302382], [-122.302596, 41.30243], [-122.302363, 41.300092], [-122.296344, 41.29989], [-122.294491, 41.298147], [-122.30012, 41.297942], [-122.300111, 41.291171], [-122.307182, 41.291268], [-122.307683, 41.290531], [-122.307703, 41.288684], [-122.30869, 41.289797], [-122.310846, 41.293566], [-122.308446, 41.298236], [-122.308433, 41.299478], [-122.309071, 41.300726], [-122.311163, 41.302266], [-122.311295, 41.300553], [-122.313875, 41.299096], [-122.314846, 41.298669], [-122.317274, 41.300481], [-122.316017, 41.301126], [-122.318193, 41.303185], [-122.316563, 41.30397], [-122.319959, 41.31016], [-122.322313, 41.311509], [-122.325418, 41.309593], [-122.327168, 41.310724], [-122.327093, 41.315195], [-122.325336, 41.315001], [-122.325366, 41.319978], [-122.331506, 41.331106], [-122.332545, 41.332671], [-122.337819, 41.337802], [-122.339839, 41.340504], [-122.342322, 41.345277], [-122.345359, 41.346858], [-122.346981, 41.347907], [-122.347802, 41.348559]]]}}, {"type": "Feature", "properties": {"name": "Trinidad"}, "geometry": {"type": "MultiPolygon", "coordinates": [[[[-124.11423, 41.047377], [-124.114063, 41.04755], [-124.113846, 41.047758], [-124.11366, 41.047897], [-124.113342, 41.047575], [-124.113896, 41.047454], [-124.114111, 41.047299], [-124.11423, 41.047377]]], [[[-124.153622, 41.05355], [-124.148739, 41.061605], [-124.14942174687, 41.0628295109444], [-124.148626, 41.063085], [-124.143976, 41.063115], [-124.139965, 41.063235], [-124.140889, 41.064059], [-124.141357, 41.064943], [-124.141488, 41.065308], [-124.140563, 41.065348], [-124.139772, 41.065629], [-124.138096, 41.066446], [-124.136844, 41.06692], [-124.136544, 41.067403], [-124.135946, 41.067706], [-124.135845, 41.06758], [-124.136003, 41.063291], [-124.136938, 41.062554], [-124.135589, 41.061469], [-124.134772, 41.060603], [-124.137962, 41.061965], [-124.137487, 41.057696], [-124.133226, 41.057631], [-124.133723110622, 41.0531704050688], [-124.136056, 41.055237], [-124.137774885331, 41.0557528283211], [-124.142394, 41.057139], [-124.145288, 41.057557], [-124.147665, 41.055765], [-124.147216, 41.052884], [-124.148939, 41.051467], [-124.151266, 41.051101], [-124.153622, 41.05355]]]]}}, {"type": "Feature", "properties": {"name": "Dixon"}, "geometry": {"type": "MultiPolygon", "coordinates": [[[[-121.804482, 38.391046], [-121.80385, 38.391025], [-121.795414, 38.390902], [-121.795443, 38.387422], [-121.78622, 38.387353], [-121.786244, 38.380065], [-121.795337, 38.380103], [-121.795322, 38.383694], [-121.799799, 38.383744], [-121.799867, 38.387467], [-121.804503, 38.387536], [-121.804482, 38.391046]]], [[[-121.813631, 38.398362], [-121.80445, 38.398414], [-121.804466, 38.394647], [-121.804482, 38.391046], [-121.804689, 38.391057], [-121.813531, 38.391208], [-121.813631, 38.398362]]], [[[-121.85985, 38.445056], [-121.859114, 38.445842], [-121.856336, 38.447822], [-121.840922, 38.459811], [-121.840922, 38.461294], [-121.839286, 38.4614], [-121.837195, 38.462698], [-121.825253, 38.472022], [-121.822331, 38.475182], [-121.822305, 38.479294], [-121.820204, 38.479637], [-121.820227, 38.481805], [-121.816368, 38.4818], [-121.814147, 38.481056], [-121.811432, 38.482874], [-121.803858, 38.489008], [-121.798285, 38.488794], [-121.798286, 38.484263], [-121.803869, 38.48428], [-121.803958, 38.469175], [-121.812179, 38.460017], [-121.810169, 38.459631], [-121.810122, 38.455828], [-121.811846, 38.456577], [-121.815036, 38.456481], [-121.818415, 38.452703], [-121.813167, 38.452706], [-121.813202, 38.44643], [-121.81028, 38.44637], [-121.810363, 38.445449], [-121.811487, 38.445455], [-121.811461, 38.443582], [-121.813298, 38.443594], [-121.813194, 38.43836], [-121.808712, 38.438297], [-121.80873, 38.430952], [-121.822575, 38.431323], [-121.831765, 38.431377], [-121.831942, 38.423879], [-121.836359, 38.423897], [-121.836377, 38.425996], [-121.84117, 38.426037], [-121.841167, 38.427369], [-121.841164, 38.427736], [-121.836661, 38.432917], [-121.841108, 38.432976], [-121.841083, 38.436158], [-121.850216, 38.436275], [-121.850245, 38.438545], [-121.859524, 38.438621], [-121.867858, 38.438588], [-121.85985, 38.445056]]]]}}, {"type": "Feature", "properties": {"name": "Millbrae"}, "geometry": {"type": "Polygon", "coordinates": [[[-122.422878, 37.60714], [-122.420723, 37.609223], [-122.415877, 37.610715], [-122.410187, 37.613582], [-122.409266, 37.614052], [-122.406041, 37.612225], [-122.408975, 37.609288], [-122.408389, 37.607907], [-122.407429, 37.607836], [-122.403925, 37.609675], [-122.406302, 37.612633], [-122.40539, 37.61338], [-122.406072, 37.614982], [-122.401743, 37.610853], [-122.400479, 37.611499], [-122.40108, 37.612182], [-122.400163, 37.612646], [-122.400091, 37.612666], [-122.399083, 37.612019], [-122.397875, 37.612708], [-122.397277, 37.611916], [-122.392091, 37.609989], [-122.391789, 37.609795], [-122.388507, 37.606218], [-122.387287, 37.606899], [-122.383531, 37.604481], [-122.378861, 37.60724], [-122.377843162153, 37.6066885881264], [-122.378545, 37.605592], [-122.373766228571, 37.6040237344538], [-122.384056, 37.597918], [-122.384488, 37.597611], [-122.387148, 37.595636], [-122.390105, 37.592501], [-122.388313, 37.59119], [-122.389946, 37.588242], [-122.39095, 37.588998], [-122.39551, 37.585469], [-122.397193, 37.584959], [-122.399399, 37.584345], [-122.403618, 37.581612], [-122.406071, 37.584039], [-122.406664, 37.584043], [-122.407771, 37.584981], [-122.408848, 37.584981], [-122.412829, 37.589372], [-122.414649, 37.591255], [-122.41944, 37.596066], [-122.423639, 37.599505], [-122.419839, 37.601818], [-122.424928, 37.606072], [-122.422878, 37.60714]]]}}, {"type": "Feature", "properties": {"name": "Rancho Santa Margarita"}, "geometry": {"type": "Polygon", "coordinates": [[[-117.637451, 33.597454], [-117.630219, 33.607472], [-117.626186, 33.618996], [-117.626552, 33.628524], [-117.626577, 33.636805], [-117.62492, 33.639604], [-117.624921, 33.645401], [-117.624924, 33.654997], [-117.62138, 33.668879], [-117.606875, 33.661733], [-117.607264, 33.657982], [-117.608768, 33.655641], [-117.604952, 33.650998], [-117.60306, 33.648788], [-117.602009, 33.646199], [-117.59959, 33.64678], [-117.59383, 33.6524], [-117.589914, 33.655278], [-117.583486, 33.657451], [-117.5765, 33.65661], [-117.564938, 33.66462], [-117.556225, 33.664646], [-117.552025, 33.656745], [-117.555753, 33.651331], [-117.556253, 33.644177], [-117.55622, 33.640296], [-117.558872, 33.632024], [-117.560186, 33.62748], [-117.565904, 33.618007], [-117.566299, 33.612672], [-117.570101, 33.612151], [-117.569027, 33.618351], [-117.570986, 33.627722], [-117.572881, 33.630795], [-117.578214, 33.64113], [-117.5783, 33.642807], [-117.586362, 33.635184], [-117.591984, 33.626599], [-117.593658, 33.622562], [-117.596698, 33.619656], [-117.596586, 33.613994], [-117.594409, 33.610581], [-117.595214, 33.598712], [-117.601563, 33.589673], [-117.61102, 33.58676], [-117.618814, 33.587285], [-117.615339, 33.598512], [-117.61843, 33.602506], [-117.623026, 33.601808], [-117.62649, 33.595899], [-117.637151, 33.596667], [-117.637451, 33.597454]]]}}, {"type": "Feature", "properties": {"name": "Glendale"}, "geometry": {"type": "Polygon", "coordinates": [[[-118.304506, 34.164291], [-118.296516, 34.17598], [-118.291655, 34.182968], [-118.288272, 34.187154], [-118.280093, 34.207113], [-118.266807, 34.230677], [-118.266775, 34.234988], [-118.265999, 34.243892], [-118.2565, 34.252266], [-118.238808, 34.25226], [-118.248545, 34.24385], [-118.248743, 34.222976], [-118.243467, 34.219069], [-118.2352, 34.213031], [-118.227608, 34.205981], [-118.222092, 34.206178], [-118.215068, 34.20638], [-118.212643, 34.195061], [-118.205994, 34.186964], [-118.195784, 34.179988], [-118.190823, 34.18008], [-118.189096, 34.178656], [-118.188881, 34.177876], [-118.189764, 34.169094], [-118.184776, 34.159768], [-118.198195, 34.149045], [-118.207723, 34.147247], [-118.219179, 34.147514], [-118.227788, 34.147197], [-118.228237, 34.146447], [-118.228787, 34.140252], [-118.22929, 34.1356], [-118.235687, 34.134496], [-118.236057, 34.126607], [-118.25364, 34.123303], [-118.257294, 34.121447], [-118.267291, 34.137095], [-118.27373, 34.149613], [-118.278337, 34.153205], [-118.289403, 34.155751], [-118.30282, 34.158589], [-118.304506, 34.164291]]]}}, {"type": "Feature", "properties": {"name": "Alameda"}, "geometry": {"type": "Polygon", "coordinates": [[[-122.333001177211, 37.799054386056], [-122.328507, 37.797493], [-122.315064, 37.794579], [-122.305802, 37.792572], [-122.30104, 37.791954], [-122.294801, 37.792163], [-122.285971, 37.793616], [-122.284396, 37.793597], [-122.278243, 37.793129], [-122.276005, 37.792175], [-122.274709, 37.791511], [-122.274225, 37.791259], [-122.268544, 37.787934], [-122.260056, 37.784489], [-122.256889, 37.785677], [-122.253958, 37.786779], [-122.251332, 37.786881], [-122.246591, 37.784679], [-122.245219, 37.783033], [-122.244817, 37.779123], [-122.243536, 37.776278], [-122.240498, 37.773732], [-122.236566, 37.771731], [-122.236488, 37.771696], [-122.230205, 37.768977], [-122.226583, 37.766934], [-122.224904, 37.764563], [-122.224213, 37.762813], [-122.223647, 37.756926], [-122.223481, 37.754702], [-122.223377, 37.748036], [-122.2265, 37.74808], [-122.2266, 37.745501], [-122.226492, 37.745037], [-122.226443, 37.734387], [-122.226768, 37.727657], [-122.228343, 37.727729], [-122.236181, 37.719851], [-122.245039, 37.725798], [-122.247912, 37.728375], [-122.248487328517, 37.7278947076043], [-122.255989, 37.735674], [-122.258774956593, 37.7378794789986], [-122.260966, 37.739614], [-122.261679, 37.743373], [-122.252226, 37.747619], [-122.248490684267, 37.7489900166831], [-122.244938, 37.750294], [-122.243947, 37.751779], [-122.250561707781, 37.7540808274554], [-122.257007371748, 37.7563238299857], [-122.261136523461, 37.7577607180682], [-122.264503275634, 37.7589323015825], [-122.271905, 37.761508], [-122.274989, 37.765736], [-122.279401, 37.768134], [-122.279871788424, 37.7675851959415], [-122.28307, 37.763857], [-122.289012, 37.764608], [-122.288775, 37.768742], [-122.291510624606, 37.7696296294351], [-122.29987, 37.772342], [-122.30643, 37.776107], [-122.315387, 37.776597], [-122.317767, 37.77968], [-122.328024583922, 37.7813728248168], [-122.331615467306, 37.7870695682435], [-122.33094, 37.795137], [-122.333001177211, 37.799054386056]]]}}, {"type": "Feature", "properties": {"name": "Selma"}, "geometry": {"type": "Polygon", "coordinates": [[[-119.646341, 36.592425], [-119.635779, 36.588192], [-119.630168, 36.588084], [-119.626386, 36.587191], [-119.625723, 36.590788], [-119.624611, 36.598082], [-119.619639, 36.593256], [-119.614943, 36.591917], [-119.61773, 36.590749], [-119.614239, 36.589591], [-119.610284, 36.590722], [-119.610609, 36.59156], [-119.608068, 36.590696], [-119.606157, 36.592484], [-119.601805, 36.590793], [-119.598854, 36.586282], [-119.599559, 36.584904], [-119.597032, 36.58339], [-119.592902, 36.579716], [-119.595691, 36.576181], [-119.601792, 36.576173], [-119.597333, 36.571564], [-119.596318, 36.572768], [-119.592854, 36.56518], [-119.601792, 36.561612], [-119.595101, 36.554343], [-119.598961, 36.554307], [-119.594332, 36.547007], [-119.588775, 36.54062], [-119.592978, 36.539777], [-119.597545, 36.539753], [-119.601994, 36.538047], [-119.606392, 36.547016], [-119.609641, 36.558283], [-119.610804, 36.556242], [-119.614851, 36.554341], [-119.619788, 36.55709], [-119.624235, 36.558012], [-119.624274, 36.554404], [-119.628769, 36.561648], [-119.635358, 36.563594], [-119.630859, 36.568825], [-119.633352, 36.571898], [-119.631015, 36.576365], [-119.637441, 36.583555], [-119.646341, 36.592425]]]}}, {"type": "Feature", "properties": {"name": "Orinda"}, "geometry": {"type": "Polygon", "coordinates": [[[-122.225254, 37.890342], [-122.212554, 37.893518], [-122.209486, 37.89882], [-122.207087, 37.901721], [-122.214091, 37.903903], [-122.210499, 37.908375], [-122.203291, 37.909522], [-122.197137, 37.919456], [-122.192613, 37.920183], [-122.176956, 37.918144], [-122.16987, 37.916062], [-122.16269, 37.914279], [-122.160939, 37.909544], [-122.165059, 37.892363], [-122.164644, 37.891098], [-122.164258, 37.890376], [-122.165032, 37.889546], [-122.161695, 37.883093], [-122.158168, 37.881156], [-122.155545, 37.872628], [-122.145262, 37.868523], [-122.142905, 37.867282], [-122.14323, 37.86591], [-122.144288, 37.865644], [-122.142938, 37.863284], [-122.140324, 37.851951], [-122.141937, 37.845818], [-122.142202, 37.843415], [-122.14604, 37.838867], [-122.156741, 37.843638], [-122.165486, 37.844505], [-122.174896, 37.846907], [-122.188597, 37.851054], [-122.191239, 37.854941], [-122.191377, 37.862739], [-122.194621, 37.865938], [-122.198937, 37.868196], [-122.194427, 37.869648], [-122.191293, 37.874174], [-122.187233, 37.878144], [-122.192965, 37.884042], [-122.217424, 37.879493], [-122.224561, 37.889795], [-122.225254, 37.890342]]]}}, {"type": "Feature", "properties": {"name": "Lake Forest"}, "geometry": {"type": "Polygon", "coordinates": [[[-117.726765, 33.634621], [-117.719972, 33.628903], [-117.717466, 33.63592], [-117.718184, 33.637351], [-117.716877, 33.63779], [-117.714731, 33.638664], [-117.711943, 33.643843], [-117.703006, 33.655133], [-117.69948, 33.659407], [-117.695582, 33.664157], [-117.678029, 33.685031], [-117.677127, 33.686096], [-117.660722, 33.701288], [-117.647979, 33.706176], [-117.641859, 33.702558], [-117.6374, 33.698692], [-117.63382, 33.697515], [-117.63238, 33.69571], [-117.626594, 33.69039], [-117.620822, 33.685897], [-117.62056, 33.68327], [-117.622681, 33.677769], [-117.624204, 33.672756], [-117.626517, 33.670271], [-117.637148, 33.663038], [-117.642035, 33.662217], [-117.644109, 33.658565], [-117.651227, 33.656985], [-117.660489, 33.644475], [-117.661868, 33.642576], [-117.664695, 33.641066], [-117.675111, 33.631836], [-117.68112, 33.62646], [-117.68743, 33.62072], [-117.69273, 33.61726], [-117.692847, 33.610879], [-117.69466, 33.606812], [-117.70771, 33.61464], [-117.715148, 33.622224], [-117.721841, 33.62956], [-117.726765, 33.634621]]]}}, {"type": "Feature", "properties": {"name": "Shafter"}, "geometry": {"type": "MultiPolygon", "coordinates": [[[[-119.29202, 35.470828], [-119.278687, 35.470796], [-119.278702, 35.468855], [-119.278712, 35.46748], [-119.292072, 35.467563], [-119.29202, 35.470828]]], [[[-119.304997, 35.499935], [-119.293644, 35.499885], [-119.29164, 35.503424], [-119.291459, 35.514384], [-119.295813, 35.52075], [-119.28722, 35.514374], [-119.277999, 35.521548], [-119.275897, 35.517857], [-119.269091, 35.521523], [-119.264769, 35.517852], [-119.255543, 35.514278], [-119.239933, 35.510326], [-119.235243, 35.506956], [-119.214351, 35.506847], [-119.20518, 35.510302], [-119.187793, 35.514011], [-119.195381, 35.518406], [-119.203943, 35.526301], [-119.207991, 35.530126], [-119.204735, 35.532983], [-119.192743, 35.536766], [-119.190089, 35.531438], [-119.188502, 35.527503], [-119.183536, 35.518205], [-119.151951, 35.514252], [-119.146811, 35.499589], [-119.152629, 35.492351], [-119.11132, 35.458549], [-119.102812, 35.447256], [-119.098811, 35.443603], [-119.100732, 35.441423], [-119.105126, 35.443715], [-119.109469, 35.4461], [-119.10991, 35.441447], [-119.145701, 35.44152], [-119.163175, 35.441548], [-119.198497, 35.441615], [-119.216171, 35.441643], [-119.225754, 35.441649], [-119.243382, 35.448929], [-119.24293, 35.485217], [-119.260666, 35.488786], [-119.269432, 35.4853], [-119.282135, 35.485338], [-119.282899, 35.488966], [-119.28513, 35.485345], [-119.291782, 35.486088], [-119.289554, 35.488994], [-119.287292, 35.490732], [-119.29619, 35.492629], [-119.304997, 35.499935]]], [[[-119.350262, 35.45633], [-119.341393, 35.456287], [-119.341508, 35.441981], [-119.350223, 35.442008], [-119.350262, 35.45633]]]]}}, {"type": "Feature", "properties": {"name": "Santa Monica"}, "geometry": {"type": "Polygon", "coordinates": [[[-118.515241, 34.02694], [-118.512324, 34.030194], [-118.509346, 34.032794], [-118.508672, 34.032975], [-118.508717, 34.033033], [-118.507688, 34.036269], [-118.507532, 34.040076], [-118.503965, 34.040724], [-118.494476, 34.050433], [-118.493862, 34.050045], [-118.491825, 34.048302], [-118.488881, 34.045781], [-118.483766, 34.04143], [-118.480015, 34.044456], [-118.479647, 34.045107], [-118.479463, 34.045076], [-118.479375, 34.045147], [-118.478438, 34.045629], [-118.477869, 34.046379], [-118.477283, 34.046699], [-118.474465, 34.044279], [-118.473721, 34.044036], [-118.47096, 34.041276], [-118.470888, 34.041334], [-118.469291, 34.039969], [-118.467722, 34.038629], [-118.464594, 34.035957], [-118.46146, 34.03328], [-118.459175, 34.031328], [-118.457704, 34.031638], [-118.457078, 34.029713], [-118.453, 34.027961], [-118.452675, 34.027569], [-118.448866, 34.022971], [-118.443517, 34.016576], [-118.447028, 34.014711], [-118.455995, 34.00999], [-118.458757, 34.008556], [-118.464088, 34.005773], [-118.468903, 34.003175], [-118.470194, 34.002487], [-118.473584, 34.000682], [-118.476622, 33.999092], [-118.47762, 33.998572], [-118.478463, 33.99808], [-118.479917, 33.997353], [-118.482239, 33.995611], [-118.482609641824, 33.995990229138], [-118.486819477633, 34.0002976016531], [-118.492432100207, 34.0060402617723], [-118.502201183367, 34.0160356825455], [-118.503345, 34.017206], [-118.509040557148, 34.0208584647574], [-118.516691930665, 34.0257651615713], [-118.515241, 34.02694]]]}}, {"type": "Feature", "properties": {"name": "Grover Beach"}, "geometry": {"type": "Polygon", "coordinates": [[[-120.636833031053, 35.12883228082], [-120.631886, 35.128421], [-120.63194, 35.129348], [-120.631809, 35.131113], [-120.631231, 35.132058], [-120.622927, 35.131621], [-120.619625, 35.131771], [-120.619191, 35.132948], [-120.619304, 35.134368], [-120.612185, 35.130899], [-120.608125, 35.130082], [-120.606811, 35.129491], [-120.606529, 35.122756], [-120.608946, 35.123337], [-120.609114, 35.120936], [-120.608164, 35.120891], [-120.608365, 35.117877], [-120.609524, 35.115525], [-120.607631, 35.114789], [-120.608243, 35.114833], [-120.608446, 35.110679], [-120.606303, 35.110668], [-120.606308, 35.108581], [-120.604383, 35.108557], [-120.604384, 35.106555], [-120.605627, 35.106571], [-120.608284, 35.106605], [-120.616409, 35.106569], [-120.616486, 35.106481], [-120.621459, 35.105481], [-120.622614, 35.107223], [-120.626181, 35.115076], [-120.627054, 35.115249], [-120.627763, 35.115209], [-120.633971918775, 35.1174892327613], [-120.635171792151, 35.1223013157372], [-120.636778, 35.128743], [-120.636833031053, 35.12883228082]]]}}, {"type": "Feature", "properties": {"name": "Susanville"}, "geometry": {"type": "MultiPolygon", "coordinates": [[[[-120.526042, 40.412027], [-120.494459, 40.411875], [-120.492988, 40.411702], [-120.492965, 40.398082], [-120.513448, 40.397373], [-120.520373, 40.395972], [-120.520433, 40.397561], [-120.526025, 40.397623], [-120.525968, 40.404816], [-120.521251, 40.404912], [-120.521315, 40.408131], [-120.526015, 40.408018], [-120.526042, 40.412027]]], [[[-120.661152, 40.367053], [-120.656247, 40.37094], [-120.654084, 40.370052], [-120.652454, 40.370856], [-120.650698, 40.366208], [-120.652027, 40.36506], [-120.654656, 40.366453], [-120.654427, 40.365282], [-120.657051, 40.364314], [-120.657103, 40.361816], [-120.660752, 40.361786], [-120.661152, 40.367053]]], [[[-120.674019, 40.406295], [-120.668899, 40.409742], [-120.664938, 40.412813], [-120.66693, 40.417106], [-120.67103, 40.418812], [-120.667099, 40.42184], [-120.665447, 40.427611], [-120.666953, 40.432802], [-120.665241, 40.435059], [-120.667173, 40.438336], [-120.651846, 40.438421], [-120.630801, 40.438176], [-120.629532, 40.439844], [-120.626268, 40.445194], [-120.624884, 40.44903], [-120.621773, 40.452666], [-120.606655, 40.453557], [-120.606816, 40.445209], [-120.629983, 40.430647], [-120.630507, 40.423757], [-120.635378, 40.427589], [-120.641208, 40.425895], [-120.644195, 40.423604], [-120.639141, 40.422188], [-120.637449, 40.423798], [-120.634264, 40.419029], [-120.631434, 40.411915], [-120.62577, 40.408698], [-120.622841, 40.409699], [-120.62577, 40.405556], [-120.630762, 40.406242], [-120.632186, 40.405071], [-120.632085, 40.402437], [-120.63783, 40.405762], [-120.641297, 40.407778], [-120.640371, 40.410869], [-120.648987, 40.413467], [-120.651844, 40.406936], [-120.655216, 40.40779], [-120.644024, 40.401785], [-120.656137, 40.402107], [-120.658014, 40.404154], [-120.661718, 40.405912], [-120.661951, 40.404735], [-120.664188, 40.40125], [-120.669225, 40.402225], [-120.674137, 40.40358], [-120.674019, 40.406295]]]]}}, {"type": "Feature", "properties": {"name": "San Dimas"}, "geometry": {"type": "MultiPolygon", "coordinates": [[[[-117.853478, 34.0862], [-117.84724, 34.089274], [-117.846357, 34.091699], [-117.845443, 34.093488], [-117.841998, 34.099414], [-117.839877, 34.099938], [-117.839819, 34.096325], [-117.837639, 34.101235], [-117.837652, 34.113937], [-117.825481, 34.113923], [-117.822378, 34.115732], [-117.8202, 34.120128], [-117.811793, 34.125439], [-117.811503, 34.157835], [-117.793861, 34.165149], [-117.780987, 34.146907], [-117.772748, 34.1435], [-117.776737, 34.13971], [-117.783988, 34.1297], [-117.794174, 34.123881], [-117.793983, 34.122429], [-117.791862, 34.119442], [-117.794043, 34.11572], [-117.791534, 34.106661], [-117.796588, 34.10269], [-117.801383, 34.099403], [-117.796511, 34.097458], [-117.787267, 34.095477], [-117.794706, 34.092179], [-117.785787, 34.090604], [-117.785403, 34.085091], [-117.783878, 34.081026], [-117.780844, 34.077417], [-117.789424, 34.072851], [-117.804849, 34.066889], [-117.809372, 34.064396], [-117.825791, 34.064028], [-117.832371, 34.066694], [-117.83688, 34.070107], [-117.847491, 34.072305], [-117.842032, 34.080806], [-117.853742, 34.083232], [-117.853478, 34.0862]]], [[[-117.849272, 34.084391], [-117.84551, 34.082857], [-117.843837, 34.084334], [-117.842429, 34.083987], [-117.837519, 34.085083], [-117.837732, 34.086007], [-117.820152, 34.090725], [-117.820145, 34.091763], [-117.822314, 34.092163], [-117.825709, 34.092164], [-117.826689, 34.092163], [-117.831142, 34.092174], [-117.831298, 34.092192], [-117.834055, 34.092066], [-117.834047, 34.090489], [-117.836844, 34.089489], [-117.83769, 34.088515], [-117.838614, 34.088458], [-117.839201, 34.088434], [-117.838696, 34.087473], [-117.843467, 34.086605], [-117.844035, 34.087744], [-117.845066, 34.087172], [-117.84618, 34.086841], [-117.846458, 34.086805], [-117.848569, 34.085908], [-117.849272, 34.084391]]]]}}, {"type": "Feature", "properties": {"name": "Arvin"}, "geometry": {"type": "Polygon", "coordinates": [[[-118.85105, 35.194418], [-118.842033, 35.194475], [-118.842096, 35.201299], [-118.842166, 35.209034], [-118.843203, 35.20903], [-118.843188, 35.209529], [-118.842172, 35.20954], [-118.842293, 35.220046], [-118.833323, 35.21999], [-118.833282, 35.216539], [-118.824312, 35.216393], [-118.824293, 35.214862], [-118.82608, 35.214903], [-118.82604, 35.213777], [-118.825558, 35.213763], [-118.82547, 35.213068], [-118.824273, 35.213078], [-118.824225, 35.209113], [-118.815399, 35.209149], [-118.815055, 35.195538], [-118.815192, 35.194586], [-118.806074, 35.194623], [-118.805883, 35.180472], [-118.815113, 35.180272], [-118.815173, 35.191153], [-118.824015, 35.191038], [-118.824143, 35.187323], [-118.82392, 35.172965], [-118.842041, 35.172822], [-118.841976, 35.179637], [-118.851022, 35.17985], [-118.85105, 35.194418]]]}}, {"type": "Feature", "properties": {"name": "Martinez"}, "geometry": {"type": "MultiPolygon", "coordinates": [[[[-122.114183, 38.013597], [-122.111062, 38.013647], [-122.111059, 38.012917], [-122.111408, 38.012469], [-122.114181, 38.012439], [-122.114183, 38.013597]]], [[[-122.156432, 38.024897], [-122.141533, 38.031862], [-122.121131, 38.037891], [-122.097608, 38.041591], [-122.09429, 38.030904], [-122.111992, 38.0266], [-122.129121, 38.018431], [-122.120226, 38.012744], [-122.12467, 38.008393], [-122.114736, 38.005693], [-122.100716, 38.010166], [-122.099578, 38.003858], [-122.094717, 37.997665], [-122.091468, 38.001762], [-122.086547, 38.002204], [-122.079109, 38.001539], [-122.077364, 37.996018], [-122.076944, 37.986106], [-122.079118, 37.980002], [-122.097115, 37.97598], [-122.10231, 37.969833], [-122.094012, 37.960207], [-122.102395, 37.954977], [-122.1058, 37.958523], [-122.111634, 37.955393], [-122.119685, 37.959758], [-122.118805, 37.966303], [-122.122931, 37.976594], [-122.125049, 37.979743], [-122.134879, 37.975326], [-122.137546, 37.967811], [-122.141703, 37.963316], [-122.148582, 37.967435], [-122.147004, 37.972827], [-122.13962, 37.987634], [-122.14443, 37.993868], [-122.144964, 38.002094], [-122.148512, 38.019223], [-122.156432, 38.024897]]]]}}, {"type": "Feature", "properties": {"name": "San Leandro"}, "geometry": {"type": "Polygon", "coordinates": [[[-122.209726, 37.711087], [-122.194265, 37.715912], [-122.192905, 37.716726], [-122.197746, 37.725171], [-122.191927, 37.727288], [-122.18442, 37.726116], [-122.180226, 37.725738], [-122.171294, 37.728006], [-122.17404, 37.73119], [-122.171556, 37.734996], [-122.160502, 37.737607], [-122.148725, 37.740859], [-122.144044, 37.740307], [-122.139886, 37.73447], [-122.138414, 37.730965], [-122.132624, 37.733911], [-122.131227, 37.730427], [-122.123693, 37.719297], [-122.129379, 37.715266], [-122.128515, 37.712214], [-122.124259, 37.709833], [-122.123689, 37.701754], [-122.123668, 37.698483], [-122.124779, 37.695784], [-122.129535, 37.697456], [-122.130131, 37.69112], [-122.130022, 37.685112], [-122.131033, 37.685069], [-122.140724, 37.684094], [-122.151143, 37.676795], [-122.15434, 37.674744], [-122.155061, 37.671141], [-122.167587, 37.677178], [-122.184092, 37.691012], [-122.194092, 37.695515], [-122.20918711247, 37.7100128175236], [-122.209726, 37.711087]]]}}, {"type": "Feature", "properties": {"name": "Malibu"}, "geometry": {"type": "Polygon", "coordinates": [[[-118.923517, 34.046764], [-118.917942, 34.064927], [-118.870567, 34.049129], [-118.86154, 34.045665], [-118.85915, 34.046609], [-118.846136, 34.044475], [-118.79871, 34.03844], [-118.795346, 34.03826], [-118.773627, 34.042329], [-118.718338, 34.040347], [-118.713569, 34.035022], [-118.712885, 34.040116], [-118.709832, 34.034921], [-118.703312, 34.037685], [-118.697801, 34.040637], [-118.692183, 34.045378], [-118.65407, 34.047485], [-118.595663, 34.045601], [-118.584746, 34.038771], [-118.603572, 34.039048], [-118.626968, 34.037022], [-118.636451388689, 34.0364176272433], [-118.663024, 34.039125], [-118.678238, 34.035879], [-118.690175, 34.032308], [-118.714135669282, 34.0313765835236], [-118.734953, 34.033265], [-118.752339, 34.030076], [-118.78125, 34.022588], [-118.789972, 34.017119], [-118.795414, 34.007016], [-118.805102, 34.002521], [-118.808465, 34.001963], [-118.821494, 34.015011], [-118.839714, 34.027901], [-118.854908, 34.034919], [-118.875902, 34.038245], [-118.906522, 34.041818], [-118.919784, 34.044221], [-118.923517, 34.046764]]]}}, {"type": "Feature", "properties": {"name": "Highland"}, "geometry": {"type": "Polygon", "coordinates": [[[-117.261027, 34.110195], [-117.257082, 34.113211], [-117.252494, 34.115753], [-117.252526, 34.121313], [-117.23929, 34.128579], [-117.238871, 34.123201], [-117.229814, 34.121287], [-117.228298, 34.130371], [-117.228753, 34.135839], [-117.221835, 34.135814], [-117.21744, 34.127738], [-117.208764, 34.123586], [-117.213133, 34.128521], [-117.208763, 34.132141], [-117.201847, 34.127595], [-117.195551, 34.132124], [-117.195549, 34.135766], [-117.186877, 34.135663], [-117.180633, 34.132428], [-117.182507, 34.134635], [-117.170918, 34.139194], [-117.139262, 34.134894], [-117.132421, 34.11345], [-117.125746, 34.109713], [-117.099259, 34.105697], [-117.086122, 34.091264], [-117.064484, 34.087775], [-117.068691, 34.078229], [-117.103611, 34.091116], [-117.112441, 34.089434], [-117.134527, 34.099076], [-117.199417, 34.102586], [-117.2262, 34.106757], [-117.226202, 34.108457], [-117.237112, 34.108455], [-117.243695, 34.11172], [-117.248078, 34.108331], [-117.261056, 34.106198], [-117.261027, 34.110195]]]}}, {"type": "Feature", "properties": {"name": "Dunsmuir"}, "geometry": {"type": "Polygon", "coordinates": [[[-122.285048, 41.234709], [-122.277301, 41.234685], [-122.275427, 41.234761], [-122.275471, 41.238359], [-122.265942, 41.238486], [-122.265949, 41.238013], [-122.265961, 41.236477], [-122.264335, 41.237334], [-122.264677, 41.237681], [-122.263143, 41.238649], [-122.262313, 41.2384], [-122.261057, 41.239257], [-122.262249, 41.239241], [-122.260825, 41.240376], [-122.260253, 41.241144], [-122.257667, 41.246671], [-122.258165, 41.249877], [-122.261926, 41.252784], [-122.269568, 41.257251], [-122.271354, 41.259899], [-122.276217, 41.269121], [-122.26908, 41.269083], [-122.26894, 41.261866], [-122.265934, 41.26185], [-122.265942, 41.257921], [-122.264567, 41.257927], [-122.264565, 41.255319], [-122.257892, 41.250445], [-122.255965, 41.250473], [-122.256323, 41.246695], [-122.256077, 41.241799], [-122.25577, 41.235699], [-122.265976, 41.234835], [-122.270737, 41.234789], [-122.270775, 41.231168], [-122.266007, 41.2312], [-122.266004, 41.22761], [-122.270706, 41.227628], [-122.270724, 41.228426], [-122.273132, 41.228436], [-122.273108, 41.222527], [-122.270765, 41.222535], [-122.270669, 41.21587], [-122.268973, 41.214434], [-122.268557, 41.212855], [-122.268654, 41.212165], [-122.269162, 41.210718], [-122.269169, 41.202327], [-122.27265, 41.202333], [-122.274909, 41.202695], [-122.277212, 41.203877], [-122.27722, 41.205818], [-122.276761, 41.206859], [-122.276215, 41.206853], [-122.275734, 41.207751], [-122.27575, 41.209819], [-122.276804, 41.209812], [-122.277126, 41.212208], [-122.275763, 41.212221], [-122.275811, 41.220265], [-122.27776, 41.220675], [-122.280493, 41.220661], [-122.280189, 41.229358], [-122.285045, 41.229263], [-122.285048, 41.234709]]]}}, {"type": "Feature", "properties": {"name": "Rolling Hills"}, "geometry": {"type": "Polygon", "coordinates": [[[-118.36582, 33.766965], [-118.364456, 33.768232], [-118.363276, 33.769151], [-118.359707, 33.767919], [-118.351924, 33.774686], [-118.351072, 33.775548], [-118.348449, 33.779386], [-118.345889, 33.777554], [-118.338568, 33.772386], [-118.337134, 33.771949], [-118.332779, 33.771821], [-118.3339, 33.768916], [-118.337174, 33.767678], [-118.338768, 33.765944], [-118.337564, 33.76347], [-118.334765, 33.761106], [-118.33041, 33.759915], [-118.33017, 33.758843], [-118.331725, 33.758293], [-118.331837, 33.755733], [-118.330653, 33.751406], [-118.332038, 33.751772], [-118.333829, 33.751054], [-118.336314, 33.748026], [-118.338218, 33.747644], [-118.33822, 33.745617], [-118.339993, 33.742803], [-118.345036, 33.745053], [-118.346382, 33.74232], [-118.350629, 33.743601], [-118.353064, 33.745775], [-118.355348, 33.743758], [-118.357162, 33.746582], [-118.356317, 33.748454], [-118.354493, 33.749728], [-118.354024, 33.751081], [-118.354944, 33.753741], [-118.355666, 33.756083], [-118.361776, 33.758825], [-118.364548, 33.759452], [-118.364243, 33.760964], [-118.365245, 33.760927], [-118.365756, 33.762487], [-118.365238, 33.762294], [-118.364677, 33.765469], [-118.36582, 33.766965]]]}}, {"type": "Feature", "properties": {"name": "Colton"}, "geometry": {"type": "MultiPolygon", "coordinates": [[[[-117.371648, 34.019368], [-117.367372, 34.038234], [-117.357023, 34.048077], [-117.365842, 34.057761], [-117.365871, 34.067278], [-117.368097, 34.072295], [-117.359401, 34.085012], [-117.343974, 34.086617], [-117.33665, 34.092349], [-117.332668, 34.096045], [-117.325343, 34.092179], [-117.318905, 34.092144], [-117.313866, 34.084892], [-117.307259, 34.081409], [-117.30482, 34.078246], [-117.304873, 34.07376], [-117.295286, 34.06726], [-117.287426, 34.053515], [-117.277778, 34.051838], [-117.27966, 34.043786], [-117.286763, 34.044814], [-117.283719, 34.034698], [-117.281341, 34.040816], [-117.270529, 34.020855], [-117.28267, 34.01841], [-117.291974, 34.033777], [-117.296169, 34.041056], [-117.299916, 34.044763], [-117.304865, 34.04557], [-117.315879, 34.04168], [-117.327294, 34.039656], [-117.331424, 34.041221], [-117.337038, 34.036184], [-117.330261, 34.032078], [-117.336161, 34.019378], [-117.349423, 34.019351], [-117.370135, 34.01936], [-117.371648, 34.019368]]], [[[-117.353191, 34.055892], [-117.348723, 34.055873], [-117.34874, 34.054541], [-117.347412, 34.05495], [-117.347845, 34.052113], [-117.344485, 34.053053], [-117.33978, 34.052996], [-117.336112, 34.053915], [-117.335763, 34.056533], [-117.336575, 34.058376], [-117.335952, 34.065723], [-117.33581, 34.067585], [-117.335787, 34.06801], [-117.337381, 34.06867], [-117.338879, 34.068736], [-117.338516, 34.07316], [-117.335811, 34.074019], [-117.336433, 34.074038], [-117.335707, 34.077221], [-117.335515, 34.077646], [-117.338132, 34.077806], [-117.337937, 34.081431], [-117.342885, 34.081415], [-117.343021, 34.079852], [-117.344145, 34.080567], [-117.344142, 34.077967], [-117.344137, 34.074449], [-117.344145, 34.068733], [-117.348521, 34.069], [-117.348641, 34.069006], [-117.352761, 34.069537], [-117.352752, 34.069155], [-117.352665, 34.066942], [-117.353392, 34.066936], [-117.353191, 34.055892]]], [[[-117.28507, 34.025854], [-117.28345, 34.025845], [-117.283407, 34.022385], [-117.276491, 34.022169], [-117.277987, 34.023125], [-117.278341, 34.025694], [-117.27901, 34.025716], [-117.279293, 34.025888], [-117.279304, 34.026015], [-117.279898, 34.028553], [-117.280166, 34.029138], [-117.283148, 34.02883], [-117.282823, 34.028018], [-117.284928, 34.026791], [-117.28507, 34.025854]]]]}}, {"type": "Feature", "properties": {"name": "Ontario"}, "geometry": {"type": "Polygon", "coordinates": [[[-117.682947, 34.054895], [-117.680859, 34.059861], [-117.680831, 34.064492], [-117.680824, 34.066925], [-117.680823, 34.070533], [-117.680816, 34.074198], [-117.680822, 34.077842], [-117.680888, 34.087374], [-117.660736, 34.087434], [-117.646165, 34.087482], [-117.641455, 34.087082], [-117.633298, 34.087076], [-117.633343, 34.093224], [-117.628572, 34.092558], [-117.619868, 34.09209], [-117.608812, 34.092061], [-117.60343, 34.08484], [-117.601107, 34.077552], [-117.579321, 34.077438], [-117.5627, 34.077301], [-117.541586, 34.077228], [-117.524027, 34.07718], [-117.524096, 34.06741], [-117.524223, 34.048109], [-117.550237, 34.033472], [-117.55834, 34.023938], [-117.558429, 33.997112], [-117.575661, 33.98293], [-117.599802, 33.975312], [-117.606825, 33.983324], [-117.650627, 33.983058], [-117.650686, 33.997584], [-117.650598, 34.012065], [-117.654483, 34.019313], [-117.654526, 34.026555], [-117.654569, 34.0301], [-117.656755, 34.031968], [-117.66329, 34.031939], [-117.667639, 34.03029], [-117.672004, 34.03193], [-117.678542, 34.031833], [-117.680732, 34.033642], [-117.681825, 34.035427], [-117.680816, 34.040897], [-117.680765, 34.048356], [-117.680784, 34.053149], [-117.682947, 34.054895]]]}}, {"type": "Feature", "properties": {"name": "Rialto"}, "geometry": {"type": "MultiPolygon", "coordinates": [[[[-117.436711, 34.181473], [-117.421225, 34.182892], [-117.409062, 34.170488], [-117.40459, 34.164806], [-117.402555, 34.15984], [-117.393649, 34.158249], [-117.369853, 34.153569], [-117.37601, 34.151899], [-117.364646, 34.142828], [-117.363341, 34.136132], [-117.34862, 34.134173], [-117.348608, 34.121371], [-117.341099, 34.115898], [-117.352937, 34.116319], [-117.352926, 34.108602], [-117.352917, 34.101433], [-117.357274, 34.097101], [-117.359401, 34.085012], [-117.365897, 34.07229], [-117.365907, 34.068885], [-117.365894, 34.063577], [-117.361494, 34.057747], [-117.357023, 34.048077], [-117.367156, 34.038396], [-117.366268, 34.024555], [-117.371313, 34.034807], [-117.383287, 34.040749], [-117.388953, 34.038022], [-117.373338, 34.046761], [-117.381128, 34.049814], [-117.381096, 34.055963], [-117.383371, 34.067781], [-117.389697, 34.070494], [-117.390786, 34.075223], [-117.392115, 34.07955], [-117.394304, 34.083601], [-117.405205, 34.08497], [-117.405283, 34.104016], [-117.414073, 34.121326], [-117.427307, 34.12852], [-117.431682, 34.13646], [-117.433156, 34.176949], [-117.436711, 34.181473]]], [[[-117.407629, 34.139504], [-117.405403, 34.13949], [-117.405401, 34.141393], [-117.403213, 34.141397], [-117.402175, 34.140397], [-117.402546, 34.14252], [-117.401054, 34.142519], [-117.40102, 34.140411], [-117.399504, 34.140404], [-117.39884, 34.142225], [-117.396691, 34.142201], [-117.396682, 34.143162], [-117.401024, 34.143155], [-117.401015, 34.144557], [-117.405377, 34.144567], [-117.405384, 34.14373], [-117.4076, 34.143711], [-117.407629, 34.139504]]], [[[-117.395071, 34.153493], [-117.387939, 34.149169], [-117.387465, 34.148888], [-117.38798, 34.148311], [-117.387118, 34.147781], [-117.386595, 34.148346], [-117.38228, 34.145692], [-117.377006, 34.142443], [-117.379223, 34.13941], [-117.382291, 34.139406], [-117.379384, 34.138579], [-117.379375, 34.135937], [-117.38357, 34.135922], [-117.383584, 34.133743], [-117.384149, 34.134321], [-117.384554, 34.134024], [-117.385745, 34.134484], [-117.385776, 34.130489], [-117.383589, 34.13049], [-117.380108, 34.130686], [-117.379234, 34.1296], [-117.379258, 34.135938], [-117.374022, 34.135981], [-117.373738, 34.137019], [-117.377645, 34.139455], [-117.375536, 34.141528], [-117.375232, 34.14134], [-117.373225, 34.143586], [-117.372779, 34.144], [-117.37253, 34.144396], [-117.375415, 34.147204], [-117.375597, 34.147389], [-117.376213, 34.147706], [-117.376854, 34.147792], [-117.377304, 34.148095], [-117.379037, 34.148796], [-117.37939, 34.148288], [-117.379737, 34.148498], [-117.379383, 34.148938], [-117.383711, 34.151204], [-117.388585, 34.152315], [-117.393735, 34.154998], [-117.395071, 34.153493]]], [[[-117.386572, 34.139521], [-117.385681, 34.13952], [-117.385839, 34.137499], [-117.383572, 34.137511], [-117.383613, 34.138236], [-117.383618, 34.141262], [-117.384699, 34.141134], [-117.386549, 34.141128], [-117.386572, 34.139521]]]]}}, {"type": "Feature", "properties": {"name": "La Quinta"}, "geometry": {"type": "Polygon", "coordinates": [[[-116.321483, 33.684842], [-116.321068, 33.699376], [-116.302203, 33.705451], [-116.299141, 33.716135], [-116.2989, 33.717662], [-116.294946, 33.717829], [-116.297732, 33.721763], [-116.303886, 33.72901], [-116.303864, 33.738121], [-116.298365, 33.736317], [-116.298367, 33.734545], [-116.298421, 33.732712], [-116.286278, 33.729117], [-116.2754, 33.729139], [-116.275375, 33.735267], [-116.267376, 33.736497], [-116.266817, 33.738317], [-116.266715, 33.73801], [-116.26883, 33.729257], [-116.277516, 33.721914], [-116.268769, 33.714714], [-116.265392, 33.712015], [-116.265732, 33.710375], [-116.268752, 33.707269], [-116.270645, 33.703706], [-116.268738, 33.702715], [-116.268725, 33.692509], [-116.251333, 33.685361], [-116.233892, 33.671036], [-116.233463, 33.642157], [-116.229023, 33.619222], [-116.224689, 33.620231], [-116.229046, 33.6165], [-116.229022, 33.605578], [-116.233359, 33.598236], [-116.250308, 33.598187], [-116.267644, 33.583738], [-116.28502, 33.598136], [-116.268122, 33.598182], [-116.321458, 33.612645], [-116.321466, 33.670679], [-116.321483, 33.684842]]]}}, {"type": "Feature", "properties": {"name": "Perris"}, "geometry": {"type": "Polygon", "coordinates": [[[-117.262657, 33.869844], [-117.249133, 33.861787], [-117.248221, 33.859033], [-117.226083, 33.858977], [-117.204581, 33.859099], [-117.199952, 33.844653], [-117.188227, 33.839528], [-117.179626, 33.830285], [-117.19995, 33.830236], [-117.205659, 33.8157], [-117.19139, 33.786654], [-117.179975, 33.77215], [-117.187173, 33.754948], [-117.184769, 33.750327], [-117.184828, 33.742972], [-117.193301, 33.742995], [-117.223496, 33.728493], [-117.223285, 33.716453], [-117.236889, 33.714146], [-117.23057, 33.720584], [-117.235459, 33.723265], [-117.240978, 33.714139], [-117.25814, 33.714266], [-117.258101, 33.732613], [-117.25393, 33.742961], [-117.249717, 33.757502], [-117.243714, 33.77704], [-117.248488, 33.779283], [-117.259044, 33.782883], [-117.259081, 33.790119], [-117.261344, 33.800971], [-117.25256, 33.804613], [-117.234779, 33.801069], [-117.244971, 33.829238], [-117.250079, 33.844064], [-117.259478, 33.863314], [-117.262657, 33.869844]]]}}, {"type": "Feature", "properties": {"name": "Temecula"}, "geometry": {"type": "Polygon", "coordinates": [[[-117.20644, 33.443028], [-117.206371, 33.450536], [-117.159374, 33.4648], [-117.153388, 33.471725], [-117.144254, 33.475092], [-117.158574, 33.490966], [-117.169118, 33.497184], [-117.168241, 33.530065], [-117.162349, 33.54377], [-117.150487, 33.543699], [-117.142638, 33.546736], [-117.141941, 33.541993], [-117.133659, 33.540333], [-117.123846, 33.540508], [-117.122725, 33.546437], [-117.120612, 33.554113], [-117.083798, 33.554423], [-117.100426, 33.526759], [-117.089393, 33.512243], [-117.084543, 33.511234], [-117.078557, 33.506334], [-117.071918, 33.493793], [-117.074709, 33.487252], [-117.060462, 33.486825], [-117.064346, 33.484329], [-117.072769, 33.474317], [-117.079129, 33.466523], [-117.078756, 33.455798], [-117.087343, 33.450329], [-117.095992, 33.450294], [-117.099717, 33.453459], [-117.115327, 33.452588], [-117.128956, 33.453257], [-117.137391, 33.458683], [-117.140528, 33.447165], [-117.153479, 33.44718], [-117.153772, 33.432625], [-117.20644, 33.443028]]]}}, {"type": "Feature", "properties": {"name": "Gonzales"}, "geometry": {"type": "MultiPolygon", "coordinates": [[[[-121.451027, 36.511295], [-121.449356, 36.512028], [-121.443419, 36.51574], [-121.441298, 36.517918], [-121.441164, 36.518108], [-121.44568, 36.520771], [-121.447505, 36.521415], [-121.450647, 36.524236], [-121.446956, 36.527164], [-121.439079, 36.519377], [-121.437304, 36.517613], [-121.436507, 36.518143], [-121.434882, 36.5152], [-121.43301, 36.511732], [-121.431299, 36.51059], [-121.427052, 36.504981], [-121.425678, 36.501981], [-121.421971, 36.493778], [-121.4269, 36.492332], [-121.427929, 36.491799], [-121.429926, 36.493441], [-121.440128, 36.50172], [-121.441109, 36.502497], [-121.441753, 36.502007], [-121.443083, 36.502892], [-121.449677, 36.498443], [-121.453645, 36.502349], [-121.449482, 36.505015], [-121.454069, 36.508811], [-121.451027, 36.511295]]], [[[-121.482926, 36.494368], [-121.481265, 36.496371], [-121.479306, 36.494796], [-121.477841, 36.495689], [-121.476027, 36.493265], [-121.474869, 36.493599], [-121.473927, 36.491279], [-121.475257, 36.490808], [-121.471502, 36.489065], [-121.472285, 36.487229], [-121.47467, 36.487985], [-121.485734, 36.492629], [-121.482926, 36.494368]]]]}}, {"type": "Feature", "properties": {"name": "Arcata"}, "geometry": {"type": "MultiPolygon", "coordinates": [[[[-124.006078, 40.791816], [-124.006003, 40.795263], [-123.992312, 40.79551], [-123.992332, 40.791824], [-123.987732, 40.791884], [-123.987663, 40.780733], [-124.001933, 40.780794], [-124.001906, 40.785961], [-124.005426, 40.788607], [-124.006147, 40.788612], [-124.006078, 40.791816]]], [[[-124.121726, 40.854395], [-124.110046, 40.856753], [-124.104274, 40.860372], [-124.096381, 40.85985], [-124.097636, 40.867198], [-124.099796, 40.871451], [-124.101154, 40.870294], [-124.11078, 40.872098], [-124.105873, 40.875757], [-124.100423, 40.881062], [-124.094541, 40.876573], [-124.094892, 40.883724], [-124.09542, 40.886763], [-124.097719, 40.890786], [-124.093938, 40.892797], [-124.091447, 40.900584], [-124.087059, 40.904999], [-124.081084, 40.908593], [-124.071902, 40.90908], [-124.064322, 40.910401], [-124.067719, 40.907956], [-124.06712, 40.897484], [-124.072214, 40.89093], [-124.065355, 40.882961], [-124.057615, 40.879339], [-124.043364, 40.868349], [-124.050443, 40.866561], [-124.047856, 40.862179], [-124.043327, 40.860049], [-124.052882, 40.854755], [-124.057529, 40.857041], [-124.062596, 40.856935], [-124.065738, 40.853568], [-124.062108, 40.846366], [-124.062501, 40.843041], [-124.072978, 40.842302], [-124.070502, 40.837409], [-124.072936, 40.833028], [-124.082032, 40.831481], [-124.081683, 40.845338], [-124.108542, 40.838524], [-124.121726, 40.854395]]], [[[-124.070182, 40.864795], [-124.058008, 40.864633], [-124.057733, 40.864633], [-124.057628, 40.868433], [-124.056586, 40.868458], [-124.056479, 40.868376], [-124.057003, 40.867939], [-124.056039, 40.867026], [-124.05661, 40.866614], [-124.055623, 40.865517], [-124.055601, 40.864804], [-124.054052, 40.864695], [-124.051959, 40.865675], [-124.052547, 40.866834], [-124.052053, 40.866865], [-124.05212, 40.868328], [-124.052832, 40.868329], [-124.052853, 40.87227], [-124.057358, 40.872224], [-124.062474, 40.872211], [-124.062489, 40.870247], [-124.062538, 40.866501], [-124.067335, 40.866445], [-124.070182, 40.864795]]]]}}, {"type": "Feature", "properties": {"name": "Laguna Hills"}, "geometry": {"type": "Polygon", "coordinates": [[[-117.745026, 33.622866], [-117.741219, 33.63105], [-117.729982, 33.629437], [-117.715148, 33.622224], [-117.70771, 33.61464], [-117.69466, 33.606812], [-117.68819, 33.60297], [-117.677388, 33.598474], [-117.67469, 33.596457], [-117.673225, 33.578033], [-117.67638, 33.568626], [-117.67645, 33.563528], [-117.679135, 33.561263], [-117.680053, 33.561058], [-117.680557, 33.56022], [-117.681708, 33.559909], [-117.684391, 33.558099], [-117.686321, 33.55752], [-117.687627, 33.557641], [-117.691016, 33.558966], [-117.692738, 33.561325], [-117.694138, 33.563173], [-117.700352, 33.568985], [-117.701273, 33.572374], [-117.705422, 33.574842], [-117.706923, 33.579717], [-117.71047, 33.582802], [-117.710661, 33.585076], [-117.709233, 33.585499], [-117.713312, 33.59125], [-117.716417, 33.597616], [-117.710789, 33.595449], [-117.70676, 33.59321], [-117.70155, 33.59571], [-117.70204, 33.59993], [-117.70554, 33.60618], [-117.71037, 33.60739], [-117.712822, 33.609879], [-117.71266, 33.61375], [-117.71353, 33.62006], [-117.71839, 33.62111], [-117.73152, 33.61976], [-117.735357, 33.617714], [-117.7382, 33.61633], [-117.73663, 33.61397], [-117.73871, 33.613063], [-117.741286, 33.61572], [-117.74354, 33.6148], [-117.74395, 33.61969], [-117.74626, 33.621156], [-117.745026, 33.622866]]]}}, {"type": "Feature", "properties": {"name": "Duarte"}, "geometry": {"type": "Polygon", "coordinates": [[[-117.99018, 34.12307], [-117.987691, 34.129482], [-117.987318, 34.130435], [-117.98663, 34.132133], [-117.986336, 34.132392], [-117.9863, 34.13947], [-117.986289, 34.139572], [-117.980588, 34.139585], [-117.98058, 34.140449], [-117.97975, 34.140454], [-117.979753, 34.143228], [-117.977546, 34.143247], [-117.97538, 34.143658], [-117.968999, 34.143706], [-117.966602, 34.143728], [-117.960038, 34.143671], [-117.955522, 34.14368], [-117.951559, 34.143688], [-117.951284, 34.143688], [-117.951279, 34.150741], [-117.959637, 34.152038], [-117.959558, 34.16516], [-117.94363, 34.165236], [-117.943622, 34.166885], [-117.942334, 34.166891], [-117.942503, 34.179485], [-117.959743, 34.179585], [-117.959951, 34.194202], [-117.957194, 34.194191], [-117.925109, 34.193955], [-117.924796, 34.16531], [-117.942324, 34.165217], [-117.942339, 34.154341], [-117.93794, 34.154347], [-117.937953, 34.152329], [-117.934566, 34.15365], [-117.929627, 34.15092], [-117.933358, 34.147045], [-117.933722, 34.146614], [-117.938116, 34.142286], [-117.939702, 34.14054], [-117.943985, 34.138357], [-117.944332, 34.137838], [-117.944733, 34.138072], [-117.945231, 34.137501], [-117.946426, 34.137749], [-117.948778, 34.135923], [-117.956418, 34.13609], [-117.959138, 34.136081], [-117.960038, 34.132224], [-117.967695, 34.132065], [-117.96974, 34.13222], [-117.970062, 34.128723], [-117.974647, 34.125018], [-117.978628, 34.125074], [-117.978637, 34.126411], [-117.98193, 34.126649], [-117.982368, 34.126799], [-117.985238, 34.126216], [-117.987829, 34.121377], [-117.990543, 34.122121], [-117.99018, 34.12307]]]}}, {"type": "Feature", "properties": {"name": "Rancho Cucamonga"}, "geometry": {"type": "Polygon", "coordinates": [[[-117.637344, 34.161821], [-117.636609, 34.165178], [-117.632249, 34.168755], [-117.627882, 34.172412], [-117.609928, 34.16518], [-117.5746, 34.179566], [-117.554066, 34.172341], [-117.540555, 34.179306], [-117.488158, 34.179399], [-117.486441, 34.150513], [-117.478673, 34.150449], [-117.495757, 34.136234], [-117.514541, 34.12146], [-117.51463, 34.106449], [-117.514885, 34.104557], [-117.515026, 34.093103], [-117.523822, 34.089848], [-117.53277, 34.077211], [-117.5627, 34.077301], [-117.59339, 34.07753], [-117.60343, 34.08484], [-117.611123, 34.092064], [-117.628572, 34.092558], [-117.628536, 34.104778], [-117.628327, 34.108298], [-117.628472, 34.112069], [-117.62705, 34.118003], [-117.62346, 34.118579], [-117.623261, 34.121962], [-117.621913, 34.122951], [-117.620054, 34.1216], [-117.623255, 34.13069], [-117.627038, 34.132571], [-117.632074, 34.139904], [-117.636916, 34.150577], [-117.637344, 34.161821]]]}}, {"type": "Feature", "properties": {"name": "Holtville"}, "geometry": {"type": "Polygon", "coordinates": [[[-115.394647, 32.812778], [-115.388932, 32.812827], [-115.389002, 32.81472], [-115.389013, 32.818326], [-115.38019, 32.818352], [-115.3802, 32.820148], [-115.378936, 32.820149], [-115.378968, 32.818355], [-115.377721, 32.818357], [-115.377702, 32.820149], [-115.372755, 32.820168], [-115.372792, 32.818376], [-115.370557, 32.818366], [-115.370588, 32.820172], [-115.369413, 32.820176], [-115.369377, 32.818357], [-115.365199, 32.818342], [-115.365195, 32.8202], [-115.363028, 32.8202], [-115.362841, 32.814774], [-115.370278, 32.814752], [-115.37042, 32.812809], [-115.370424, 32.811119], [-115.367309, 32.810661], [-115.369109, 32.810646], [-115.369113, 32.809289], [-115.371625, 32.809925], [-115.371663, 32.80914], [-115.372001, 32.803304], [-115.374095, 32.802273], [-115.375329, 32.805592], [-115.380489, 32.805515], [-115.381414, 32.806906], [-115.38361, 32.807505], [-115.384166, 32.808359], [-115.385276, 32.808028], [-115.385273, 32.807182], [-115.386976, 32.807211], [-115.388084, 32.80778], [-115.388913, 32.807434], [-115.38889, 32.808673], [-115.388847, 32.810512], [-115.393562, 32.809832], [-115.394647, 32.812778]]]}}, {"type": "Feature", "properties": {"name": "Sonora"}, "geometry": {"type": "Polygon", "coordinates": [[[-120.401961, 37.98953], [-120.39921, 37.989496], [-120.399929, 37.991762], [-120.399096, 37.99191], [-120.398622, 37.991502], [-120.393969, 37.991549], [-120.391102, 37.991592], [-120.390302, 37.993465], [-120.392008, 37.996216], [-120.390838, 37.996682], [-120.392142, 37.998783], [-120.392292, 37.999032], [-120.393559, 38.000213], [-120.392317, 38.001249], [-120.391232, 38.001695], [-120.392665, 38.00225], [-120.392297, 38.003075], [-120.392315, 38.005212], [-120.390991, 38.0052], [-120.388802, 38.005182], [-120.387836, 38.002523], [-120.384471, 38.002688], [-120.383461, 38.000775], [-120.383175, 37.993652], [-120.377247, 37.99382], [-120.377225, 37.991781], [-120.375546, 37.991778], [-120.373937, 37.991776], [-120.373302, 37.991775], [-120.372452, 37.992181], [-120.371894, 37.991748], [-120.370307, 37.989932], [-120.370144, 37.989502], [-120.368442, 37.990564], [-120.367137, 37.988331], [-120.368971, 37.987153], [-120.366854, 37.985677], [-120.366793, 37.983539], [-120.369844, 37.977839], [-120.367326, 37.97731], [-120.367367, 37.975908], [-120.361072, 37.975725], [-120.361144, 37.974608], [-120.360325, 37.974131], [-120.363563, 37.971467], [-120.367018, 37.9706], [-120.376442, 37.968796], [-120.378383, 37.967821], [-120.378662, 37.967644], [-120.381379, 37.965897], [-120.383018, 37.965208], [-120.385608, 37.964797], [-120.390866, 37.965213], [-120.392688, 37.965301], [-120.39394, 37.965157], [-120.394339, 37.96645], [-120.395299, 37.969698], [-120.395271, 37.97077], [-120.394323, 37.973429], [-120.394656, 37.973504], [-120.392703, 37.976541], [-120.395427, 37.977107], [-120.395522, 37.984255], [-120.397734, 37.984245], [-120.401487, 37.987478], [-120.401961, 37.98953]]]}}, {"type": "Feature", "properties": {"name": "Eastvale"}, "geometry": {"type": "Polygon", "coordinates": [[[-117.615424, 33.924229], [-117.610954, 33.924152], [-117.610947, 33.925114], [-117.610923, 33.942657], [-117.610925, 33.945999], [-117.610973, 33.960077], [-117.610977, 33.968734], [-117.610943, 33.971807], [-117.606962, 33.973064], [-117.599802, 33.975312], [-117.593236, 33.977393], [-117.575661, 33.98293], [-117.558377, 33.98842], [-117.558429, 33.997112], [-117.558269, 34.018906], [-117.55834, 34.023938], [-117.558312, 34.033451], [-117.550237, 34.033472], [-117.550286, 33.99269], [-117.548892, 33.985244], [-117.548853, 33.975243], [-117.54884, 33.964551], [-117.548914, 33.957226], [-117.549555, 33.95724], [-117.553828, 33.957175], [-117.558327, 33.95497], [-117.558316, 33.951806], [-117.558302, 33.945908], [-117.563285, 33.946404], [-117.565251, 33.943397], [-117.569795, 33.940246], [-117.577474, 33.936882], [-117.579337, 33.935756], [-117.586189, 33.928762], [-117.591319, 33.929218], [-117.596088, 33.926968], [-117.597642, 33.923707], [-117.59489, 33.920622], [-117.598461, 33.919919], [-117.599468, 33.918886], [-117.599388, 33.918782], [-117.600341, 33.917761], [-117.602551, 33.915741], [-117.603403, 33.914963], [-117.606377, 33.91278], [-117.607335, 33.912407], [-117.60711, 33.912183], [-117.607285, 33.9112], [-117.60759, 33.909501], [-117.60911, 33.907677], [-117.610415, 33.909977], [-117.610933, 33.91045], [-117.610986, 33.917119], [-117.612012, 33.916873], [-117.615365, 33.917185], [-117.615424, 33.924229]]]}}, {"type": "Feature", "properties": {"name": "Folsom"}, "geometry": {"type": "Polygon", "coordinates": [[[-121.210143, 38.634603], [-121.20756, 38.637054], [-121.20676, 38.640449], [-121.194907, 38.645332], [-121.192558, 38.650104], [-121.189653, 38.664325], [-121.189378, 38.670051], [-121.188515, 38.676297], [-121.190187, 38.678997], [-121.19135, 38.679807], [-121.193382, 38.678599], [-121.195798, 38.677597], [-121.199477, 38.675089], [-121.199642, 38.678091], [-121.199902, 38.681715], [-121.197473, 38.684499], [-121.192766, 38.686649], [-121.194377, 38.699693], [-121.188729, 38.713882], [-121.182009, 38.713889], [-121.170379, 38.7131], [-121.142525, 38.712128], [-121.139199, 38.710644], [-121.13533, 38.70743], [-121.130749, 38.706379], [-121.127185, 38.709017], [-121.124029, 38.710468], [-121.119195, 38.715085], [-121.110654, 38.700416], [-121.105361, 38.689279], [-121.098229, 38.674368], [-121.08948, 38.656226], [-121.085428, 38.647831], [-121.079089, 38.632268], [-121.0838, 38.628392], [-121.089238, 38.627848], [-121.116007, 38.621658], [-121.122947, 38.619083], [-121.138589, 38.617797], [-121.1436, 38.616121], [-121.141607, 38.611731], [-121.142379, 38.6112], [-121.148496, 38.611806], [-121.150475, 38.614856], [-121.151464, 38.634636], [-121.155663, 38.638618], [-121.173129, 38.642829], [-121.196746, 38.64004], [-121.208734, 38.631866], [-121.210143, 38.634603]]]}}, {"type": "Feature", "properties": {"name": "Brea"}, "geometry": {"type": "Polygon", "coordinates": [[[-117.928701, 33.931869], [-117.919989, 33.94276], [-117.91956, 33.947636], [-117.90564, 33.945293], [-117.898747, 33.939299], [-117.89287, 33.9364], [-117.888948, 33.935735], [-117.88274, 33.940859], [-117.851823, 33.934416], [-117.845382, 33.931734], [-117.835235, 33.931628], [-117.82824, 33.921055], [-117.817818, 33.921451], [-117.813285, 33.928716], [-117.801118, 33.933937], [-117.791867, 33.946615], [-117.774589, 33.939206], [-117.791678, 33.924901], [-117.804744, 33.922308], [-117.826753, 33.918252], [-117.837935, 33.916501], [-117.837201, 33.915446], [-117.834661, 33.915401], [-117.833164, 33.913732], [-117.835615, 33.913157], [-117.842908, 33.91012], [-117.846079, 33.906622], [-117.855059, 33.905954], [-117.86392, 33.909236], [-117.87502, 33.909035], [-117.87668, 33.91034], [-117.888568, 33.910483], [-117.885514, 33.907116], [-117.900762, 33.906851], [-117.905666, 33.90661], [-117.915622, 33.908336], [-117.915627, 33.917362], [-117.924336, 33.924395], [-117.91999, 33.92825], [-117.928701, 33.931869]]]}}, {"type": "Feature", "properties": {"name": "Union City"}, "geometry": {"type": "Polygon", "coordinates": [[[-122.09676, 37.582982], [-122.091606, 37.592604], [-122.091271, 37.599996], [-122.087605, 37.608367], [-122.083905, 37.609872], [-122.07145, 37.613278], [-122.06566, 37.605143], [-122.043834, 37.605959], [-122.030938, 37.605927], [-122.028222, 37.613454], [-122.029627, 37.620655], [-122.022811, 37.625791], [-122.017462, 37.634295], [-122.005086, 37.627481], [-121.986594, 37.634155], [-121.960718, 37.628571], [-121.955109, 37.632918], [-121.950048, 37.629033], [-121.944386, 37.622544], [-121.942662, 37.618188], [-121.93977, 37.614173], [-121.944264, 37.609661], [-121.945548, 37.607201], [-121.951652, 37.597529], [-121.978365, 37.606679], [-122.005712, 37.586398], [-122.008362, 37.579029], [-122.017906, 37.574916], [-122.02536, 37.578493], [-122.03352, 37.586112], [-122.040734, 37.588071], [-122.048578, 37.585604], [-122.060459, 37.591797], [-122.062107, 37.582901], [-122.062817, 37.571168], [-122.080752, 37.561398], [-122.095165, 37.566722], [-122.083626, 37.569684], [-122.085914, 37.574151], [-122.094586, 37.579419], [-122.09676, 37.582982]]]}}, {"type": "Feature", "properties": {"name": "Rocklin"}, "geometry": {"type": "Polygon", "coordinates": [[[-121.299986, 38.806331], [-121.29946, 38.83163], [-121.299493, 38.83962], [-121.28305, 38.839617], [-121.264694, 38.839191], [-121.242152, 38.839205], [-121.23139, 38.839152], [-121.231461, 38.848561], [-121.221734, 38.851139], [-121.220696, 38.844714], [-121.220148, 38.839494], [-121.220396, 38.833323], [-121.221488, 38.832533], [-121.223913, 38.824603], [-121.223404, 38.820634], [-121.228937, 38.817587], [-121.22707, 38.809942], [-121.210323, 38.809346], [-121.209558, 38.809522], [-121.208664, 38.810357], [-121.205404, 38.810292], [-121.200925, 38.806874], [-121.196488, 38.810527], [-121.193917, 38.809734], [-121.19634, 38.804079], [-121.193092, 38.805602], [-121.191614, 38.803936], [-121.192331, 38.798051], [-121.201102, 38.793826], [-121.201467, 38.782273], [-121.204119, 38.781337], [-121.202687, 38.777741], [-121.206934, 38.774198], [-121.217839, 38.770384], [-121.247399, 38.770335], [-121.247359, 38.773957], [-121.2513, 38.773936], [-121.254096, 38.773325], [-121.254349, 38.773563], [-121.253326, 38.773975], [-121.260408, 38.774979], [-121.265364, 38.779327], [-121.265713, 38.781813], [-121.265692, 38.79207], [-121.274916, 38.795697], [-121.27655, 38.795677], [-121.291525, 38.795736], [-121.295408, 38.795997], [-121.298956, 38.799367], [-121.299836, 38.803013], [-121.299986, 38.806331]]]}}, {"type": "Feature", "properties": {"name": "Ukiah"}, "geometry": {"type": "MultiPolygon", "coordinates": [[[[-123.185092, 39.14619], [-123.181689, 39.146636], [-123.182047, 39.145631], [-123.180968, 39.143129], [-123.181293, 39.141064], [-123.184938, 39.142395], [-123.183803, 39.144447], [-123.184739, 39.144358], [-123.185092, 39.14619]]], [[[-123.193459, 39.114102], [-123.189853, 39.113353], [-123.18313, 39.11393], [-123.182589, 39.111663], [-123.191959, 39.110979], [-123.19263, 39.112361], [-123.193459, 39.114102]]], [[[-123.233274, 39.164055], [-123.230372, 39.163243], [-123.228311, 39.162255], [-123.224891, 39.162501], [-123.227102, 39.1677], [-123.215089, 39.167987], [-123.211352, 39.167724], [-123.210516, 39.16513], [-123.209416, 39.165153], [-123.205942, 39.159341], [-123.199131, 39.158368], [-123.196549, 39.160823], [-123.192302, 39.160667], [-123.197978, 39.158597], [-123.196781, 39.152473], [-123.193926, 39.151621], [-123.191142, 39.15188], [-123.188492, 39.145789], [-123.191521, 39.14367], [-123.193224, 39.145074], [-123.195376, 39.136684], [-123.195163, 39.136891], [-123.191167, 39.13648], [-123.192456, 39.132733], [-123.195573, 39.132614], [-123.194786, 39.120614], [-123.196363, 39.119308], [-123.197235, 39.117369], [-123.20122, 39.121871], [-123.201974, 39.124429], [-123.20449, 39.124961], [-123.208569, 39.128951], [-123.213283, 39.128735], [-123.214828, 39.130115], [-123.217469, 39.130339], [-123.219331, 39.134373], [-123.217494, 39.139035], [-123.221004, 39.137999], [-123.21771, 39.140497], [-123.232293, 39.141675], [-123.232627, 39.148879], [-123.233174, 39.161398], [-123.233274, 39.164055]]]]}}, {"type": "Feature", "properties": {"name": "Laguna Woods"}, "geometry": {"type": "Polygon", "coordinates": [[[-117.756544, 33.617616], [-117.755673, 33.621951], [-117.753493, 33.626664], [-117.753437, 33.623366], [-117.747827, 33.618987], [-117.74335, 33.62101], [-117.74335, 33.61765], [-117.74261, 33.6151], [-117.741268, 33.614878], [-117.73693, 33.61355], [-117.737125, 33.614306], [-117.736334, 33.617411], [-117.731105, 33.617481], [-117.73132, 33.6211], [-117.714376, 33.620996], [-117.71095, 33.6157], [-117.71303, 33.61264], [-117.71177, 33.60831], [-117.70814, 33.60688], [-117.702807, 33.60292], [-117.7015, 33.59763], [-117.70207, 33.59559], [-117.708001, 33.594367], [-117.716123, 33.597516], [-117.716428, 33.597686], [-117.719633, 33.603641], [-117.722436, 33.607121], [-117.722996, 33.603129], [-117.722755, 33.599705], [-117.725609, 33.603847], [-117.73243, 33.60606], [-117.732533, 33.600054], [-117.734485, 33.599603], [-117.735032, 33.605104], [-117.735898, 33.608488], [-117.739242, 33.60724], [-117.740639, 33.605967], [-117.744078, 33.601747], [-117.745054, 33.601079], [-117.748063, 33.597735], [-117.751635, 33.600762], [-117.751726, 33.606645], [-117.755702, 33.611071], [-117.757881, 33.617122], [-117.756544, 33.617616]]]}}, {"type": "Feature", "properties": {"name": "El Cajon"}, "geometry": {"type": "Polygon", "coordinates": [[[-117.011201, 32.820277], [-116.99646, 32.825224], [-116.993509, 32.826292], [-116.964034, 32.82956], [-116.964373, 32.812947], [-116.955249, 32.810511], [-116.950064, 32.819122], [-116.946582, 32.822049], [-116.948475, 32.815832], [-116.937885, 32.808746], [-116.933494, 32.817063], [-116.919834, 32.81993], [-116.912211, 32.816052], [-116.916957, 32.807356], [-116.919515, 32.800201], [-116.90649, 32.800479], [-116.901126, 32.80541], [-116.895739, 32.799676], [-116.90334, 32.793886], [-116.915808, 32.796405], [-116.924688, 32.792733], [-116.917913, 32.786493], [-116.921681, 32.779306], [-116.926508, 32.780025], [-116.935671, 32.781284], [-116.936487, 32.785266], [-116.940573, 32.786939], [-116.947187, 32.785111], [-116.948317, 32.78012], [-116.957345, 32.770234], [-116.959427, 32.775768], [-116.977598, 32.777826], [-116.984852, 32.778395], [-116.986301, 32.78563], [-116.991224, 32.79506], [-117.00601, 32.802671], [-117.011201, 32.820277]]]}}, {"type": "Feature", "properties": {"name": "Half Moon Bay"}, "geometry": {"type": "MultiPolygon", "coordinates": [[[[-122.460221382007, 37.4931503794099], [-122.453127, 37.494424], [-122.443065, 37.517745], [-122.436973, 37.517604], [-122.435842, 37.50795], [-122.436946, 37.504378], [-122.435662, 37.498256], [-122.43491, 37.492707], [-122.436975, 37.487986], [-122.435119, 37.482034], [-122.430688, 37.484429], [-122.428122, 37.481634], [-122.421788, 37.471992], [-122.419057, 37.474852], [-122.418137, 37.474147], [-122.418806, 37.474237], [-122.421352, 37.469161], [-122.421003, 37.464259], [-122.424868, 37.461089], [-122.42658, 37.462297], [-122.427612, 37.461603], [-122.426823, 37.460218], [-122.426332, 37.459326], [-122.42599, 37.456888], [-122.426245, 37.455954], [-122.426042, 37.45582], [-122.425654, 37.455682], [-122.429072, 37.454983], [-122.421078, 37.432543], [-122.426516, 37.427859], [-122.426384, 37.424916], [-122.439328346415, 37.4266703900229], [-122.442072560223, 37.4325071777861], [-122.445054597107, 37.4511629504132], [-122.445987, 37.461541], [-122.452067316471, 37.4804786938733], [-122.458686123747, 37.4912809769834], [-122.460221382007, 37.4931503794099]]], [[[-122.476301, 37.50222], [-122.475886, 37.503055], [-122.467899, 37.499953], [-122.467629417605, 37.4979717083171], [-122.467888, 37.49814], [-122.472388, 37.50054], [-122.474820967588, 37.4994768832741], [-122.476801, 37.501032], [-122.476301, 37.50222]]]]}}, {"type": "Feature", "properties": {"name": "Fountain Valley"}, "geometry": {"type": "Polygon", "coordinates": [[[-117.98054, 33.71567], [-117.97178, 33.71576], [-117.971917, 33.719843], [-117.971854, 33.722581], [-117.971862, 33.723079], [-117.971958, 33.730284], [-117.967723, 33.730307], [-117.963298, 33.73035], [-117.96341, 33.732489], [-117.954601, 33.732736], [-117.954596, 33.732243], [-117.945982, 33.732483], [-117.943828, 33.733448], [-117.941656, 33.733508], [-117.941642, 33.732636], [-117.93731, 33.73268], [-117.937398, 33.731486], [-117.936588, 33.730846], [-117.928581, 33.730921], [-117.92701, 33.730898], [-117.92633, 33.73097], [-117.92413, 33.73099], [-117.924148, 33.732837], [-117.920032, 33.732854], [-117.915572, 33.732858], [-117.915549, 33.73102], [-117.915194, 33.729365], [-117.915345, 33.728826], [-117.915627, 33.72753], [-117.920011, 33.727486], [-117.91993, 33.725264], [-117.916632, 33.725215], [-117.918975, 33.720242], [-117.920838, 33.717002], [-117.922322, 33.714694], [-117.92605, 33.709072], [-117.930836, 33.70186], [-117.93586, 33.694323], [-117.94044, 33.68681], [-117.9454, 33.68695], [-117.95399, 33.68687], [-117.958412, 33.686845], [-117.96272, 33.68688], [-117.967068, 33.686852], [-117.971351, 33.686808], [-117.97153, 33.686809], [-117.97753, 33.68679], [-117.98012, 33.686783], [-117.98022, 33.69399], [-117.98035, 33.70121], [-117.98043, 33.70849], [-117.980478, 33.712444], [-117.98054, 33.71567]]]}}, {"type": "Feature", "properties": {"name": "Marysville"}, "geometry": {"type": "Polygon", "coordinates": [[[-121.607779, 39.143609], [-121.605296, 39.147948], [-121.606085, 39.151659], [-121.598934, 39.152332], [-121.599292, 39.155209], [-121.593124, 39.155682], [-121.593377, 39.158891], [-121.594717, 39.161749], [-121.594249, 39.164396], [-121.590944, 39.163004], [-121.586643, 39.163198], [-121.583277, 39.164891], [-121.581404, 39.165746], [-121.571486, 39.165389], [-121.56963, 39.165748], [-121.56634, 39.166151], [-121.562703, 39.164999], [-121.560141, 39.163408], [-121.558036, 39.167367], [-121.551597, 39.172879], [-121.551104, 39.172516], [-121.551985, 39.17141], [-121.551016, 39.171056], [-121.548343, 39.171456], [-121.548632, 39.171629], [-121.547068, 39.173427], [-121.549689, 39.174738], [-121.546501, 39.178901], [-121.542438, 39.177113], [-121.547353, 39.171026], [-121.546491, 39.16638], [-121.547824, 39.164836], [-121.549847, 39.166095], [-121.550909, 39.166334], [-121.552398, 39.166115], [-121.553547, 39.165328], [-121.554077, 39.163435], [-121.557324, 39.165684], [-121.558999, 39.16294], [-121.560301, 39.161032], [-121.561523, 39.161219], [-121.564634, 39.158599], [-121.569503, 39.154961], [-121.575976, 39.150401], [-121.576554, 39.149891], [-121.576988, 39.149567], [-121.580876, 39.146092], [-121.580364, 39.136968], [-121.580285, 39.134457], [-121.580421, 39.133846], [-121.581008, 39.134286], [-121.588296, 39.13395], [-121.589424, 39.134051], [-121.592749, 39.133872], [-121.594267, 39.132695], [-121.596004, 39.128952], [-121.59703, 39.128979], [-121.597676, 39.127792], [-121.598026, 39.128373], [-121.598374, 39.12895], [-121.60196, 39.13581], [-121.605572, 39.138719], [-121.60711, 39.141313], [-121.607779, 39.143609]]]}}, {"type": "Feature", "properties": {"name": "Calabasas"}, "geometry": {"type": "Polygon", "coordinates": [[[-118.719809, 34.136279], [-118.71666, 34.138522], [-118.719805, 34.139964], [-118.715012, 34.147263], [-118.710329, 34.140626], [-118.704601, 34.140853], [-118.703727, 34.143704], [-118.697852, 34.148664], [-118.702491, 34.153127], [-118.708497, 34.154978], [-118.716944, 34.160093], [-118.716924, 34.168286], [-118.693834, 34.168557], [-118.693827, 34.15118], [-118.678518, 34.150938], [-118.664821, 34.14968], [-118.652117, 34.153406], [-118.64127, 34.157924], [-118.638536, 34.157655], [-118.63125, 34.151087], [-118.614971, 34.147277], [-118.609648, 34.14724], [-118.61058, 34.143654], [-118.614973, 34.141596], [-118.606223, 34.136421], [-118.610609, 34.129022], [-118.615016, 34.125355], [-118.644923, 34.12532], [-118.650135, 34.125342], [-118.660172, 34.118103], [-118.689346, 34.114434], [-118.711069, 34.107185], [-118.71138, 34.106817], [-118.706158, 34.125432], [-118.715472, 34.12899], [-118.719809, 34.136279]]]}}, {"type": "Feature", "properties": {"name": "Sand City"}, "geometry": {"type": "Polygon", "coordinates": [[[-121.857117044961, 36.61293536038], [-121.850722, 36.618924], [-121.841766, 36.629179], [-121.841540266274, 36.6294656507729], [-121.839294, 36.627614], [-121.841173, 36.624984], [-121.841419, 36.62373], [-121.841383, 36.622267], [-121.843891, 36.617513], [-121.847025, 36.61306], [-121.852111, 36.610267], [-121.854948, 36.610145], [-121.855105, 36.612392], [-121.857117044961, 36.61293536038]]]}}, {"type": "Feature", "properties": {"name": "Lawndale"}, "geometry": {"type": "Polygon", "coordinates": [[[-118.368814, 33.896921], [-118.361286, 33.897022], [-118.361257, 33.901438], [-118.359438, 33.901443], [-118.358553, 33.900552], [-118.358556, 33.902354], [-118.352733, 33.902409], [-118.35237, 33.901915], [-118.352374, 33.901287], [-118.35154, 33.901918], [-118.351444, 33.90192], [-118.351445, 33.902429], [-118.34383, 33.902433], [-118.343823, 33.901933], [-118.343807, 33.898276], [-118.343834, 33.896878], [-118.343836, 33.896463], [-118.344384, 33.895941], [-118.344382, 33.894651], [-118.343821, 33.893392], [-118.343809, 33.891017], [-118.343813, 33.887395], [-118.34381, 33.88453], [-118.343805, 33.881858], [-118.343775, 33.877302], [-118.343776, 33.877234], [-118.344886, 33.876877], [-118.351992, 33.874579], [-118.352348, 33.874428], [-118.352509, 33.874317], [-118.354711, 33.872854], [-118.358828, 33.872857], [-118.36129, 33.872858], [-118.3613, 33.87662], [-118.361309, 33.88012], [-118.361317, 33.883538], [-118.361319, 33.884501], [-118.361327, 33.887374], [-118.36129, 33.894653], [-118.365858, 33.894643], [-118.36803, 33.896203], [-118.368814, 33.896921]]]}}, {"type": "Feature", "properties": {"name": "La Habra"}, "geometry": {"type": "Polygon", "coordinates": [[[-117.976581, 33.909762], [-117.97657, 33.913692], [-117.976553, 33.924672], [-117.976536, 33.928166], [-117.976521, 33.936292], [-117.976514, 33.939844], [-117.976498, 33.94605], [-117.9679, 33.946056], [-117.964777, 33.946054], [-117.958087, 33.946067], [-117.950456, 33.946072], [-117.941847, 33.94608], [-117.929148, 33.946082], [-117.925815, 33.946079], [-117.91999, 33.946081], [-117.919989, 33.94276], [-117.919992, 33.931876], [-117.928701, 33.931869], [-117.92434, 33.929844], [-117.91999, 33.92825], [-117.920629, 33.924616], [-117.924336, 33.924395], [-117.933042, 33.924608], [-117.933022, 33.915539], [-117.930431, 33.913625], [-117.930508, 33.912165], [-117.931395, 33.912031], [-117.932852, 33.914705], [-117.938376, 33.913721], [-117.941698, 33.908609], [-117.946228, 33.908322], [-117.948063, 33.908938], [-117.949904, 33.906901], [-117.957544, 33.906457], [-117.976575, 33.906406], [-117.976581, 33.909762]]]}}, {"type": "Feature", "properties": {"name": "Brawley"}, "geometry": {"type": "MultiPolygon", "coordinates": [[[[-115.517811, 33.019775], [-115.516835, 33.022118], [-115.513903, 33.021452], [-115.514768, 33.019093], [-115.51724, 33.015512], [-115.517811, 33.019775]]], [[[-115.567319, 32.961999], [-115.566965, 32.96047], [-115.562982, 32.961213], [-115.561383, 32.963484], [-115.557076, 32.96362], [-115.557097, 32.968533], [-115.557109, 32.970753], [-115.555363, 32.970745], [-115.552281, 32.970734], [-115.552277, 32.971947], [-115.554995, 32.972736], [-115.555807, 32.974498], [-115.554071, 32.975933], [-115.554493, 32.978614], [-115.554828, 32.978633], [-115.553886, 32.980561], [-115.553973, 32.98392], [-115.552416, 32.983551], [-115.549399, 32.986521], [-115.548845, 32.986517], [-115.548847, 32.988423], [-115.550602, 32.986528], [-115.553411, 32.986531], [-115.552035, 32.987805], [-115.551704, 32.989803], [-115.547449, 32.990233], [-115.543663, 32.993378], [-115.543644, 32.990737], [-115.539354, 32.99377], [-115.539349, 32.996556], [-115.535063, 32.997383], [-115.535074, 32.993752], [-115.526421, 32.993761], [-115.526429, 33.001001], [-115.526497, 33.003731], [-115.521156, 33.00376], [-115.522056, 33.001033], [-115.509297, 33.001044], [-115.500558, 33.001046], [-115.50092, 32.985216], [-115.500638, 32.978634], [-115.501067, 32.970775], [-115.502764, 32.970779], [-115.506908, 32.96388], [-115.505717, 32.963537], [-115.507394, 32.961248], [-115.507825, 32.959661], [-115.509293, 32.95967], [-115.50936, 32.963416], [-115.534402, 32.963436], [-115.535117, 32.961443], [-115.535224, 32.956324], [-115.535391, 32.955813], [-115.535503, 32.955232], [-115.535507, 32.95189], [-115.538252, 32.951845], [-115.536958, 32.955816], [-115.537153, 32.956219], [-115.553409, 32.956245], [-115.565667, 32.956273], [-115.565686, 32.959954], [-115.569976, 32.958315], [-115.567319, 32.961999]]]]}}, {"type": "Feature", "properties": {"name": "Hermosa Beach"}, "geometry": {"type": "Polygon", "coordinates": [[[-118.407192, 33.877747], [-118.404539, 33.877146], [-118.40276, 33.877046], [-118.401987, 33.877102], [-118.401784, 33.877102], [-118.395963, 33.877101], [-118.395522, 33.872831], [-118.391371, 33.872812], [-118.389531, 33.869982], [-118.386581, 33.8655], [-118.385866, 33.864406], [-118.385276, 33.861392], [-118.384853, 33.85663], [-118.390308, 33.854854], [-118.393272, 33.853861], [-118.395608, 33.853068], [-118.3974, 33.852504], [-118.397872, 33.852393], [-118.399400773018, 33.851911951475], [-118.399228, 33.855132], [-118.402144772201, 33.8618266911608], [-118.408855163508, 33.8772286472528], [-118.407192, 33.877747]]]}}, {"type": "Feature", "properties": {"name": "South Lake Tahoe"}, "geometry": {"type": "Polygon", "coordinates": [[[-120.022652, 38.933846], [-120.017994, 38.936625], [-120.008694, 38.938012], [-120.004105, 38.942039], [-119.99614, 38.943236], [-119.98692, 38.943999], [-119.96978, 38.946351], [-119.960736, 38.950293], [-119.95902, 38.95078], [-119.952969, 38.956228], [-119.951953, 38.958496], [-119.94956935246, 38.9643284659246], [-119.938755501694, 38.9569197273312], [-119.937074, 38.955144], [-119.942621, 38.950031], [-119.940588, 38.946811], [-119.93103, 38.939508], [-119.93398, 38.937962], [-119.93674, 38.935549], [-119.938645, 38.937968], [-119.941087, 38.933766], [-119.941615, 38.930714], [-119.952602, 38.930679], [-119.954305, 38.916259], [-119.966719, 38.916593], [-119.969163, 38.918029], [-119.971286, 38.921398], [-119.973588, 38.923393], [-119.975051, 38.921228], [-119.982709, 38.916168], [-119.985703, 38.919107], [-119.988855, 38.921982], [-119.993031, 38.919232], [-119.994536, 38.91094], [-119.99862, 38.912355], [-120.001271, 38.911097], [-119.996025, 38.904395], [-119.992767, 38.906031], [-119.990604, 38.911241], [-119.985053, 38.911687], [-119.986652, 38.908681], [-119.992638, 38.894161], [-119.994241, 38.894131], [-119.996861, 38.884155], [-120.000368, 38.881992], [-119.999853, 38.894148], [-120.003999, 38.901361], [-120.013108, 38.906276], [-120.013423, 38.908618], [-120.022247, 38.914091], [-120.022529, 38.928086], [-120.022652, 38.933846]]]}}, {"type": "Feature", "properties": {"name": "Westminster"}, "geometry": {"type": "MultiPolygon", "coordinates": [[[[-118.043005, 33.758759], [-118.042952, 33.767047], [-118.042457, 33.774036], [-118.038332, 33.774079], [-118.020518, 33.774031], [-118.007372, 33.773813], [-117.99888, 33.773816], [-117.994265, 33.773731], [-117.992501, 33.772005], [-117.990996, 33.769231], [-117.981129, 33.76661], [-117.976737, 33.759372], [-117.965814, 33.759456], [-117.963638, 33.755922], [-117.961429, 33.752183], [-117.960397, 33.750379], [-117.961403, 33.748089], [-117.963547, 33.744832], [-117.961388, 33.746717], [-117.959236, 33.749991], [-117.954893, 33.752224], [-117.946211, 33.750477], [-117.945299, 33.744998], [-117.946137, 33.74292], [-117.945982, 33.732483], [-117.954601, 33.732736], [-117.963298, 33.73035], [-117.971958, 33.730284], [-117.971854, 33.722581], [-117.97566, 33.722939], [-117.988974, 33.72296], [-117.989023, 33.726578], [-117.98072, 33.726629], [-117.980733, 33.73034], [-117.98567, 33.730305], [-117.98913, 33.732722], [-117.991889, 33.73381], [-117.993847, 33.73706], [-117.99245, 33.73745], [-117.989338, 33.740186], [-117.993909, 33.741059], [-117.998153, 33.73738], [-118.00691, 33.73735], [-118.01571, 33.74434], [-118.019029, 33.750956], [-118.024555, 33.753903], [-118.033358, 33.7562], [-118.041926, 33.750091], [-118.04303, 33.752186], [-118.043005, 33.758759]]], [[[-117.993934, 33.742874], [-117.992649, 33.742883], [-117.992671, 33.741977], [-117.990393, 33.741992], [-117.99079, 33.74288], [-117.990843, 33.74469], [-117.993961, 33.74466], [-117.993934, 33.742874]]], [[[-117.989058, 33.745343], [-117.98854, 33.7447], [-117.98938, 33.74469], [-117.98935, 33.74109], [-117.98741, 33.7411], [-117.98737, 33.73747], [-117.98625, 33.73747], [-117.986298, 33.740395], [-117.983432, 33.741131], [-117.983481, 33.74471], [-117.98094, 33.74472], [-117.976612, 33.7448], [-117.976625, 33.748445], [-117.97556, 33.750276], [-117.977077, 33.75089], [-117.976665, 33.752094], [-117.981, 33.75206], [-117.98537, 33.75205], [-117.98795, 33.752026], [-117.98947, 33.75107], [-117.989058, 33.745343]]], [[[-117.987366, 33.733847], [-117.982976, 33.733874], [-117.983498, 33.73654], [-117.982973, 33.7375], [-117.985827, 33.737479], [-117.985798, 33.735672], [-117.987318, 33.735662], [-117.987366, 33.733847]]]]}}, {"type": "Feature", "properties": {"name": "Santa Paula"}, "geometry": {"type": "Polygon", "coordinates": [[[-119.097083, 34.338257], [-119.090244, 34.339676], [-119.086455, 34.341037], [-119.089008, 34.344852], [-119.095306, 34.352105], [-119.087901, 34.351562], [-119.084947, 34.352126], [-119.082144, 34.356908], [-119.078531, 34.359212], [-119.0742, 34.360113], [-119.067476, 34.366875], [-119.066306, 34.369922], [-119.069103, 34.371084], [-119.066701, 34.375444], [-119.068, 34.376239], [-119.068514, 34.377985], [-119.067194, 34.378313], [-119.069298, 34.37919], [-119.070101, 34.383637], [-119.068876, 34.383483], [-119.068398, 34.381246], [-119.066103, 34.380661], [-119.062613, 34.375821], [-119.059861, 34.374889], [-119.042709, 34.374894], [-119.038355, 34.363602], [-119.038298, 34.361208], [-119.039463, 34.356996], [-119.043687, 34.354271], [-119.045155, 34.353397], [-119.046586, 34.35146], [-119.05298, 34.349722], [-119.0558, 34.34461], [-119.06316, 34.340166], [-119.065432, 34.338478], [-119.076169, 34.329961], [-119.084294, 34.329571], [-119.087092, 34.330364], [-119.087298, 34.33394], [-119.089964, 34.333765], [-119.094919, 34.334463], [-119.097083, 34.338257]]]}}, {"type": "Feature", "properties": {"name": "Blythe"}, "geometry": {"type": "MultiPolygon", "coordinates": [[[[-114.692328, 33.617266], [-114.657854, 33.61361], [-114.640136, 33.61722], [-114.636221, 33.615425], [-114.623046, 33.609976], [-114.607415, 33.617458], [-114.623577, 33.631756], [-114.628615, 33.660806], [-114.65046, 33.667834], [-114.642013, 33.682319], [-114.629159, 33.68621], [-114.619865, 33.660906], [-114.606309, 33.646575], [-114.599562, 33.632136], [-114.553828, 33.632914], [-114.557264, 33.654714], [-114.529666, 33.662194], [-114.515336, 33.662033], [-114.525163, 33.655939], [-114.529549, 33.643861], [-114.534484, 33.64221], [-114.542162, 33.641914], [-114.524862165791, 33.6386749557817], [-114.531085, 33.627915], [-114.522367, 33.614172], [-114.530613187818, 33.6047474990833], [-114.5403, 33.580615], [-114.544094, 33.57075], [-114.544713, 33.576473], [-114.545035, 33.588145], [-114.574826, 33.596191], [-114.587937, 33.601417], [-114.6075, 33.599279], [-114.623001, 33.606295], [-114.657758, 33.603259], [-114.671144, 33.606028], [-114.692296, 33.606824], [-114.692313, 33.609867], [-114.692328, 33.617266]]], [[[-114.938122, 33.569123], [-114.890302, 33.569209], [-114.890355, 33.554709], [-114.912103, 33.554662], [-114.911979, 33.547409], [-114.916324, 33.547425], [-114.916439, 33.554679], [-114.933535, 33.554652], [-114.933791, 33.565534], [-114.938064, 33.565543], [-114.938122, 33.569123]]]]}}, {"type": "Feature", "properties": {"name": "San Jacinto"}, "geometry": {"type": "Polygon", "coordinates": [[[-117.059846, 33.828686], [-117.036309, 33.824033], [-117.010183, 33.836855], [-117.001304, 33.833009], [-116.978382, 33.823747], [-116.973983, 33.820731], [-116.961377, 33.81568], [-116.96654, 33.822393], [-116.954719, 33.816588], [-116.954702, 33.814149], [-116.959414, 33.80596], [-116.956822, 33.801121], [-116.953129, 33.789353], [-116.950291, 33.799964], [-116.939508, 33.800142], [-116.936864, 33.802457], [-116.929616, 33.798213], [-116.919449, 33.802105], [-116.927134, 33.791187], [-116.922392, 33.786021], [-116.932625, 33.780387], [-116.91846, 33.76531], [-116.928233, 33.765384], [-116.933213, 33.759898], [-116.932641, 33.754589], [-116.940573, 33.7513], [-116.950225, 33.758542], [-116.954423, 33.763616], [-116.963079, 33.758733], [-116.969715, 33.768137], [-116.980562, 33.772899], [-117.015386, 33.772745], [-117.033423, 33.774314], [-117.037948, 33.787434], [-117.050923, 33.789747], [-117.059846, 33.828686]]]}}, {"type": "Feature", "properties": {"name": "Mill Valley"}, "geometry": {"type": "MultiPolygon", "coordinates": [[[[-122.575881, 37.911472], [-122.571338, 37.913594], [-122.568348, 37.916079], [-122.569203, 37.919092], [-122.563309, 37.919832], [-122.563993, 37.923223], [-122.560105, 37.925314], [-122.559267, 37.927667], [-122.553027, 37.926011], [-122.548685, 37.921764], [-122.538919, 37.921916], [-122.53414, 37.918987], [-122.528498, 37.916159], [-122.522368, 37.917132], [-122.518349, 37.917758], [-122.514025, 37.90856], [-122.519421, 37.907371], [-122.519521, 37.905679], [-122.516214, 37.901407], [-122.516894, 37.891904], [-122.518224, 37.886677], [-122.524082, 37.88638], [-122.531626, 37.89194], [-122.533403, 37.893522], [-122.534153, 37.894027], [-122.534608, 37.894793], [-122.537056, 37.895953], [-122.542038, 37.896753], [-122.545039, 37.900179], [-122.554815, 37.901622], [-122.560872, 37.901395], [-122.564664, 37.901476], [-122.565933, 37.901015], [-122.566089, 37.901801], [-122.566984, 37.905829], [-122.57349, 37.907161], [-122.575881, 37.911472]]], [[[-122.526178, 37.90457], [-122.525671, 37.90455], [-122.524053, 37.907158], [-122.525786, 37.907025], [-122.525986, 37.906625], [-122.526178, 37.90457]]]]}}, {"type": "Feature", "properties": {"name": "Live Oak"}, "geometry": {"type": "Polygon", "coordinates": [[[-121.678438, 39.265194], [-121.678463, 39.274633], [-121.678143, 39.276012], [-121.678677, 39.276007], [-121.678219, 39.277817], [-121.673951, 39.277832], [-121.674008, 39.284876], [-121.66513, 39.28487], [-121.66574, 39.286511], [-121.663111, 39.286082], [-121.66732, 39.291737], [-121.668437, 39.293938], [-121.671245, 39.30159], [-121.659933, 39.301629], [-121.659951, 39.297915], [-121.65743, 39.297968], [-121.657372, 39.296091], [-121.650477, 39.296052], [-121.65045, 39.288206], [-121.645715, 39.288224], [-121.645799, 39.282095], [-121.65419, 39.282017], [-121.654163, 39.276639], [-121.652668, 39.276646], [-121.651508, 39.277818], [-121.651517, 39.27612], [-121.649532, 39.27605], [-121.649544, 39.273838], [-121.654186, 39.273808], [-121.654154, 39.270184], [-121.652183, 39.270197], [-121.652523, 39.268331], [-121.654123, 39.26656], [-121.654109, 39.264886], [-121.649431, 39.264773], [-121.649405, 39.262239], [-121.651766, 39.258737], [-121.651781, 39.25559], [-121.654341, 39.255577], [-121.654501, 39.255577], [-121.658001, 39.265204], [-121.660008, 39.265168], [-121.660027, 39.261927], [-121.661821, 39.261919], [-121.664507, 39.261899], [-121.669347, 39.261866], [-121.669238, 39.264747], [-121.669235, 39.26527], [-121.675968, 39.265176], [-121.67596, 39.259694], [-121.678085, 39.259663], [-121.678731, 39.257327], [-121.678438, 39.265194]]]}}, {"type": "Feature", "properties": {"name": "Montclair"}, "geometry": {"type": "Polygon", "coordinates": [[[-117.719392, 34.05948], [-117.719301, 34.059736], [-117.718065, 34.063174], [-117.716721, 34.066895], [-117.715138, 34.070621], [-117.71354, 34.07426], [-117.712824, 34.075892], [-117.711964, 34.077847], [-117.71117, 34.079536], [-117.710092, 34.081981], [-117.709573, 34.083187], [-117.708645, 34.085299], [-117.705477, 34.092607], [-117.7049, 34.093953], [-117.704356, 34.09529], [-117.693345, 34.096282], [-117.689631, 34.096744], [-117.689622, 34.095939], [-117.689622, 34.093925], [-117.680932, 34.093907], [-117.680922, 34.09237], [-117.680916, 34.089865], [-117.680888, 34.087374], [-117.680863, 34.083657], [-117.680822, 34.077842], [-117.680822, 34.077691], [-117.680816, 34.074198], [-117.680818, 34.07406], [-117.680823, 34.070533], [-117.680823, 34.070428], [-117.680824, 34.066925], [-117.680826, 34.066789], [-117.680831, 34.064492], [-117.680817, 34.063304], [-117.680859, 34.059861], [-117.68193, 34.05985], [-117.681911, 34.057856], [-117.684066, 34.057851], [-117.684081, 34.05984], [-117.689708, 34.059809], [-117.690641, 34.059795], [-117.690579, 34.055938], [-117.689363, 34.055923], [-117.68934, 34.052562], [-117.689375, 34.052253], [-117.689478, 34.051377], [-117.689539, 34.047752], [-117.691759, 34.047641], [-117.698059, 34.047247], [-117.698126, 34.052196], [-117.702471, 34.052202], [-117.702428, 34.048566], [-117.703382, 34.046965], [-117.706907, 34.046672], [-117.706758, 34.047113], [-117.706746, 34.048585], [-117.711127, 34.048569], [-117.711177, 34.050356], [-117.715509, 34.050743], [-117.715525, 34.052212], [-117.713814, 34.052222], [-117.714479, 34.055984], [-117.715581, 34.056009], [-117.720698, 34.05586], [-117.719392, 34.05948]]]}}, {"type": "Feature", "properties": {"name": "Exeter"}, "geometry": {"type": "MultiPolygon", "coordinates": [[[[-119.162633, 36.304848], [-119.153626, 36.304735], [-119.151456, 36.304685], [-119.15043, 36.304549], [-119.14909, 36.307097], [-119.148243, 36.306935], [-119.148088, 36.306315], [-119.148202, 36.30586], [-119.150229, 36.304499], [-119.148078, 36.303639], [-119.146492, 36.302597], [-119.147447, 36.304479], [-119.144602, 36.304486], [-119.144534, 36.30626], [-119.13556, 36.30618], [-119.134093, 36.305231], [-119.134207, 36.303445], [-119.13099, 36.303419], [-119.131127, 36.300866], [-119.127881, 36.300819], [-119.128027, 36.29701], [-119.129072, 36.297026], [-119.129093, 36.293129], [-119.129594, 36.2931], [-119.12965, 36.289782], [-119.131359, 36.289806], [-119.13143, 36.287109], [-119.136152, 36.287189], [-119.13615, 36.286858], [-119.137965, 36.286898], [-119.136162, 36.283581], [-119.136162, 36.283531], [-119.140646, 36.283569], [-119.140666, 36.282648], [-119.143683, 36.28268], [-119.143969, 36.286325], [-119.145138, 36.286315], [-119.145135, 36.282698], [-119.154125, 36.282759], [-119.154108, 36.286291], [-119.157007, 36.286339], [-119.156958, 36.289964], [-119.158489, 36.29001], [-119.158377, 36.295612], [-119.159168, 36.297389], [-119.163062, 36.297439], [-119.162633, 36.304848]]], [[[-119.167423, 36.272273], [-119.163135, 36.272275], [-119.163078, 36.275622], [-119.160567, 36.27564], [-119.160506, 36.270772], [-119.16314, 36.270766], [-119.163161, 36.268423], [-119.167477, 36.268465], [-119.167423, 36.272273]]]]}}, {"type": "Feature", "properties": {"name": "National City"}, "geometry": {"type": "MultiPolygon", "coordinates": [[[[-117.135422, 32.678614], [-117.110843, 32.682374], [-117.101986, 32.686693], [-117.102443, 32.688962], [-117.096027, 32.688382], [-117.093729, 32.688976], [-117.090461, 32.691314], [-117.08144, 32.693288], [-117.078439, 32.69311], [-117.076648, 32.691917], [-117.073534, 32.689071], [-117.065986, 32.687328], [-117.072835, 32.681556], [-117.068904, 32.671418], [-117.064388, 32.662809], [-117.0574, 32.664124], [-117.050097, 32.666634], [-117.051068, 32.664021], [-117.054606, 32.663706], [-117.056234, 32.659401], [-117.059677, 32.656521], [-117.063798, 32.656681], [-117.065096, 32.650293], [-117.070913, 32.656801], [-117.083202, 32.658897], [-117.087002, 32.65891], [-117.088818, 32.652688], [-117.098473, 32.654131], [-117.104182, 32.650579], [-117.11707, 32.647397], [-117.117681, 32.607534], [-117.098261, 32.613006], [-117.097823, 32.605067], [-117.101992, 32.604291], [-117.116463, 32.606565], [-117.120563, 32.61898], [-117.129267, 32.667289], [-117.135422, 32.678614]]], [[[-117.083462, 32.662142], [-117.082638, 32.662326], [-117.082343, 32.662432], [-117.080198, 32.66316], [-117.080487, 32.661542], [-117.078615, 32.661233], [-117.078091, 32.662643], [-117.07758, 32.661984], [-117.076077, 32.662324], [-117.074866, 32.660585], [-117.072673, 32.660925], [-117.073203, 32.662308], [-117.071008, 32.662914], [-117.069286, 32.661281], [-117.067954, 32.66174], [-117.070103, 32.663346], [-117.067819, 32.66375], [-117.067799, 32.666544], [-117.070614, 32.670065], [-117.072548, 32.669135], [-117.074078, 32.669078], [-117.074316, 32.669675], [-117.076966, 32.668932], [-117.076429, 32.667536], [-117.077961, 32.666661], [-117.076503, 32.665643], [-117.079604, 32.663426], [-117.079945, 32.666082], [-117.079849, 32.66615], [-117.078536, 32.668051], [-117.07901, 32.668344], [-117.080499, 32.667923], [-117.080836, 32.66652], [-117.082973, 32.666216], [-117.083462, 32.662142]]], [[[-117.058888, 32.660563], [-117.056978, 32.661086], [-117.057328, 32.662033], [-117.05862, 32.661245], [-117.059225, 32.661437], [-117.058888, 32.660563]]]]}}, {"type": "Feature", "properties": {"name": "Pacifica"}, "geometry": {"type": "Polygon", "coordinates": [[[-122.514724, 37.598285], [-122.507464202176, 37.5961746960779], [-122.501258817324, 37.6002358350428], [-122.501967398712, 37.6062035658645], [-122.498432110596, 37.6082679703861], [-122.496786, 37.612136], [-122.498061927575, 37.6195652216436], [-122.495285573884, 37.6298580956138], [-122.494579555792, 37.6381950677186], [-122.495378215782, 37.6643498435446], [-122.491705, 37.662246], [-122.484728, 37.662489], [-122.485016, 37.664289], [-122.476788, 37.661982], [-122.473874, 37.657449], [-122.468508, 37.643657], [-122.468781, 37.638521], [-122.472535, 37.633773], [-122.472396, 37.631489], [-122.462785, 37.619335], [-122.45095, 37.617537], [-122.450593, 37.61569], [-122.462785, 37.584837], [-122.459658, 37.578139], [-122.459563, 37.573697], [-122.459486, 37.566364], [-122.467905, 37.570097], [-122.476246, 37.574018], [-122.475177, 37.578423], [-122.486958, 37.576171], [-122.493321, 37.57569], [-122.4956, 37.58057], [-122.499762, 37.582066], [-122.499592, 37.584258], [-122.503325, 37.590805], [-122.512435, 37.590115], [-122.514724, 37.598285]]]}}, {"type": "Feature", "properties": {"name": "Arroyo Grande"}, "geometry": {"type": "Polygon", "coordinates": [[[-120.608365, 35.117877], [-120.609114, 35.120936], [-120.606529, 35.122756], [-120.606605, 35.130207], [-120.604604, 35.135759], [-120.604852, 35.137283], [-120.600215, 35.141567], [-120.600111, 35.143161], [-120.595929, 35.144547], [-120.591104, 35.146825], [-120.58879, 35.143635], [-120.58065, 35.143489], [-120.580744, 35.13912], [-120.571499, 35.13499], [-120.56945, 35.137415], [-120.56816, 35.138502], [-120.565725, 35.13896], [-120.561021, 35.133299], [-120.557913, 35.132673], [-120.5555, 35.128789], [-120.551273, 35.12726], [-120.557232, 35.122187], [-120.566609, 35.112237], [-120.574843, 35.105356], [-120.577895, 35.1038], [-120.580311, 35.101782], [-120.581525, 35.103187], [-120.58655, 35.103573], [-120.581593, 35.10544], [-120.576198, 35.10744], [-120.57421, 35.110504], [-120.57848, 35.111114], [-120.580688, 35.112711], [-120.583549, 35.110915], [-120.587448, 35.106763], [-120.589481, 35.107236], [-120.591626, 35.10636], [-120.600417, 35.104232], [-120.602184, 35.106388], [-120.60393, 35.106514], [-120.604383, 35.108557], [-120.606303, 35.110668], [-120.608243, 35.114833], [-120.609524, 35.115525], [-120.608365, 35.117877]]]}}, {"type": "Feature", "properties": {"name": "San Juan Capistrano"}, "geometry": {"type": "Polygon", "coordinates": [[[-117.684179, 33.493138], [-117.683879, 33.500545], [-117.678783, 33.507226], [-117.677756, 33.508919], [-117.679704, 33.51045], [-117.679533, 33.515096], [-117.679175, 33.51784], [-117.684555, 33.523971], [-117.682254, 33.528478], [-117.683489, 33.531424], [-117.684791, 33.535618], [-117.682096, 33.53871], [-117.681597, 33.543078], [-117.679968, 33.546175], [-117.680096, 33.541845], [-117.676539, 33.541541], [-117.674132, 33.543135], [-117.67296, 33.54239], [-117.658992, 33.533833], [-117.652142, 33.530749], [-117.647594, 33.526791], [-117.63067, 33.51641], [-117.626249, 33.518738], [-117.619807, 33.51919], [-117.62275, 33.51283], [-117.620952, 33.504524], [-117.618128, 33.49989], [-117.615921, 33.494991], [-117.616305, 33.492267], [-117.610741, 33.47966], [-117.620557, 33.480075], [-117.62841, 33.47873], [-117.633255, 33.480025], [-117.638045, 33.481081], [-117.642641, 33.471767], [-117.648851, 33.466579], [-117.659795, 33.467803], [-117.665304, 33.468119], [-117.667662, 33.467311], [-117.67004, 33.466946], [-117.67539, 33.47], [-117.679342, 33.469056], [-117.679365, 33.473522], [-117.679213, 33.478558], [-117.68529, 33.48156], [-117.684094, 33.485029], [-117.686633, 33.487293], [-117.684179, 33.493138]]]}}, {"type": "Feature", "properties": {"name": "Redondo Beach"}, "geometry": {"type": "Polygon", "coordinates": [[[-118.40157, 33.849382], [-118.399400773018, 33.851911951475], [-118.3974, 33.852504], [-118.393272, 33.853861], [-118.384853, 33.85663], [-118.385866, 33.864406], [-118.389531, 33.869982], [-118.39041, 33.872804], [-118.385116, 33.872852], [-118.379955, 33.872834], [-118.380037, 33.8794], [-118.378666, 33.88278], [-118.37868, 33.887376], [-118.378721, 33.894646], [-118.37006, 33.894615], [-118.36129, 33.894653], [-118.361319, 33.884501], [-118.361309, 33.88012], [-118.36129, 33.872858], [-118.354711, 33.872854], [-118.352497, 33.872787], [-118.352461, 33.865526], [-118.358956, 33.865542], [-118.35774, 33.862026], [-118.353627, 33.858316], [-118.364897, 33.858277], [-118.367145, 33.858274], [-118.372797, 33.858262], [-118.375063, 33.856148], [-118.37837, 33.854952], [-118.377093, 33.848594], [-118.375163, 33.838888], [-118.372924, 33.827657], [-118.374426, 33.819611], [-118.375745, 33.815892], [-118.381824, 33.817726], [-118.384304, 33.81893], [-118.38509, 33.817612], [-118.387907, 33.814615], [-118.390225172569, 33.8194982890517], [-118.390106015008, 33.824467340709], [-118.390213, 33.836203], [-118.391461640674, 33.8387444209217], [-118.399709, 33.843508], [-118.40157, 33.849382]]]}}, {"type": "Feature", "properties": {"name": "Bellflower"}, "geometry": {"type": "Polygon", "coordinates": [[[-118.151294, 33.879807], [-118.146958, 33.88018], [-118.146976, 33.885616], [-118.146971, 33.88918], [-118.146971, 33.88931], [-118.142741, 33.889334], [-118.14279, 33.89649], [-118.142932, 33.902467], [-118.142734, 33.902455], [-118.142736, 33.90267], [-118.14279, 33.903797], [-118.1429, 33.908647], [-118.142807, 33.909253], [-118.142404, 33.910453], [-118.138574, 33.908971], [-118.13409, 33.909764], [-118.129719, 33.90977], [-118.12536, 33.909769], [-118.120998, 33.909795], [-118.120479, 33.909776], [-118.119187, 33.909757], [-118.116643, 33.909789], [-118.112302, 33.909789], [-118.110181, 33.909812], [-118.109848, 33.909815], [-118.109751, 33.909816], [-118.108341, 33.906377], [-118.108125, 33.902033], [-118.108158, 33.888208], [-118.107914, 33.887701], [-118.108019, 33.887491], [-118.10816, 33.88694], [-118.108564, 33.886938], [-118.108547, 33.879843], [-118.108004, 33.87679], [-118.106974, 33.872943], [-118.108536, 33.872715], [-118.108429, 33.865587], [-118.111423, 33.865581], [-118.114279, 33.865574], [-118.114307, 33.868972], [-118.117213, 33.868971], [-118.12514, 33.869035], [-118.133859, 33.86899], [-118.142479, 33.868964], [-118.142626, 33.868963], [-118.146651, 33.868936], [-118.15124, 33.868916], [-118.151267, 33.872923], [-118.151262, 33.874659], [-118.151288, 33.876939], [-118.151294, 33.879807]]]}}, {"type": "Feature", "properties": {"name": "South Pasadena"}, "geometry": {"type": "Polygon", "coordinates": [[[-118.177995, 34.10708], [-118.177995, 34.1077], [-118.177993, 34.110323], [-118.177414, 34.110828], [-118.176886, 34.112057], [-118.176187, 34.112451], [-118.175469, 34.113118], [-118.172484, 34.113802], [-118.168866, 34.117843], [-118.16889, 34.119924], [-118.167472, 34.121105], [-118.167666, 34.121797], [-118.168053, 34.123923], [-118.163195, 34.124024], [-118.157964, 34.124016], [-118.150271, 34.124037], [-118.148948, 34.125662], [-118.146422, 34.123972], [-118.145914, 34.122663], [-118.145664, 34.122052], [-118.145681, 34.123498], [-118.143764, 34.12101], [-118.142395, 34.12069], [-118.141995, 34.11953], [-118.141813, 34.117963], [-118.140682, 34.116169], [-118.138402, 34.11279], [-118.139535, 34.11252], [-118.135296, 34.10645], [-118.134703, 34.105725], [-118.134694, 34.104085], [-118.14183, 34.10414], [-118.141784, 34.098765], [-118.149072, 34.098693], [-118.15529, 34.098672], [-118.156778, 34.09867], [-118.160266, 34.098669], [-118.162182, 34.09867], [-118.168415, 34.098662], [-118.177994, 34.098595], [-118.177995, 34.099726], [-118.177994, 34.100361], [-118.177996, 34.101921], [-118.177994, 34.102958], [-118.177789, 34.10401], [-118.178137, 34.104068], [-118.177995, 34.10708]]]}}, {"type": "Feature", "properties": {"name": "Banning"}, "geometry": {"type": "Polygon", "coordinates": [[[-116.946996, 33.947261], [-116.942427, 33.961577], [-116.938162, 33.96882], [-116.925043, 33.958155], [-116.921837, 33.948091], [-116.911809, 33.939817], [-116.910691, 33.949175], [-116.907971, 33.955562], [-116.904343, 33.960156], [-116.898775, 33.958959], [-116.899929, 33.963076], [-116.900459, 33.969392], [-116.911717, 33.982603], [-116.922929, 33.978732], [-116.929519, 33.97994], [-116.931644, 33.997919], [-116.929502, 34.001466], [-116.915962, 34.005202], [-116.915557, 33.997987], [-116.913118, 33.987309], [-116.910746, 33.994574], [-116.911821, 34.012457], [-116.902951, 34.019647], [-116.894556, 34.034013], [-116.894419, 34.019599], [-116.903124, 34.012404], [-116.903133, 33.990688], [-116.894481, 33.968911], [-116.879644, 33.954407], [-116.859637, 33.947187], [-116.859282, 33.932638], [-116.842046, 33.939813], [-116.82447, 33.93263], [-116.824634, 33.930315], [-116.841831, 33.927826], [-116.850604, 33.910777], [-116.876277, 33.903609], [-116.911614, 33.917949], [-116.94628, 33.903658], [-116.946792, 33.926363], [-116.947006, 33.946565], [-116.946996, 33.947261]]]}}, {"type": "Feature", "properties": {"name": "Lake Elsinore"}, "geometry": {"type": "Polygon", "coordinates": [[[-117.420395, 33.701643], [-117.416091, 33.727608], [-117.398572, 33.729821], [-117.375845, 33.727631], [-117.34663, 33.712826], [-117.340536, 33.697931], [-117.329156, 33.699755], [-117.322075, 33.708018], [-117.327271, 33.717021], [-117.333851, 33.719227], [-117.331127, 33.72917], [-117.327538, 33.752786], [-117.310212, 33.7349], [-117.311054, 33.725017], [-117.308828, 33.71306], [-117.299278, 33.709528], [-117.289576, 33.701296], [-117.275303, 33.706228], [-117.280208, 33.688077], [-117.279758, 33.681425], [-117.2753, 33.673437], [-117.266596, 33.670375], [-117.22521, 33.67066], [-117.221096, 33.667012], [-117.240319, 33.655821], [-117.254391, 33.654826], [-117.287708, 33.655665], [-117.291254, 33.641574], [-117.299245, 33.623719], [-117.315373, 33.620938], [-117.315396, 33.630086], [-117.319878, 33.632852], [-117.329302, 33.638674], [-117.348641, 33.64451], [-117.367316, 33.65694], [-117.372262, 33.653266], [-117.379443, 33.653616], [-117.383211, 33.656762], [-117.386362, 33.67483], [-117.394122, 33.681782], [-117.415916, 33.698418], [-117.420395, 33.701643]]]}}, {"type": "Feature", "properties": {"name": "Pomona"}, "geometry": {"type": "Polygon", "coordinates": [[[-117.826542, 34.041533], [-117.817246, 34.050381], [-117.807959, 34.058529], [-117.805592, 34.059268], [-117.817207, 34.063117], [-117.807296, 34.065017], [-117.795048, 34.070776], [-117.780844, 34.077417], [-117.780975, 34.083731], [-117.784038, 34.089071], [-117.76998, 34.095698], [-117.76439, 34.089725], [-117.756119, 34.097923], [-117.750614, 34.10851], [-117.748541, 34.1126], [-117.74533, 34.108192], [-117.739011, 34.108137], [-117.736809, 34.105189], [-117.737486, 34.103396], [-117.732356, 34.093987], [-117.727997, 34.085598], [-117.722728, 34.079504], [-117.712824, 34.075892], [-117.718065, 34.063174], [-117.722025, 34.052178], [-117.726012, 34.041128], [-117.728676, 34.029835], [-117.735846, 34.018554], [-117.767657, 34.023508], [-117.782526, 34.026005], [-117.79377, 34.037407], [-117.801335, 34.042687], [-117.810712, 34.029319], [-117.823795, 34.033442], [-117.828132, 34.030945], [-117.825101, 34.036627], [-117.826542, 34.041533]]]}}, {"type": "Feature", "properties": {"name": "Arcadia"}, "geometry": {"type": "Polygon", "coordinates": [[[-118.069195, 34.130892], [-118.067612, 34.140813], [-118.067785, 34.148903], [-118.064659, 34.156882], [-118.041041, 34.157225], [-118.033148, 34.166921], [-118.03003, 34.170754], [-118.02137, 34.179439], [-118.019632, 34.175395], [-118.021106, 34.159054], [-118.020652, 34.157462], [-118.021906, 34.157053], [-118.021269, 34.154661], [-118.0207, 34.150907], [-118.02045, 34.137808], [-118.020019, 34.130619], [-118.012569, 34.130265], [-118.006732, 34.129339], [-118.008575, 34.124994], [-118.008595, 34.119129], [-118.013091, 34.118678], [-118.014442, 34.116406], [-118.015446, 34.114727], [-118.016823, 34.109327], [-118.015761, 34.1042], [-118.008054, 34.104109], [-117.992232, 34.095021], [-118.001599, 34.088173], [-118.000304, 34.099687], [-118.010283, 34.099565], [-118.020236, 34.097864], [-118.016615, 34.105271], [-118.01847, 34.107904], [-118.02456, 34.107348], [-118.030768, 34.107182], [-118.038125, 34.105777], [-118.045445, 34.105199], [-118.052244, 34.104202], [-118.054437, 34.113663], [-118.057064, 34.120357], [-118.0671, 34.123274], [-118.067333, 34.128102], [-118.069195, 34.130892]]]}}, {"type": "Feature", "properties": {"name": "Newman"}, "geometry": {"type": "MultiPolygon", "coordinates": [[[[-121.037943, 37.305571], [-121.035656, 37.305571], [-121.035694, 37.308496], [-121.032656, 37.308271], [-121.030984, 37.307204], [-121.030987, 37.311166], [-121.036206, 37.311216], [-121.036153, 37.314768], [-121.030959, 37.314824], [-121.030995, 37.318342], [-121.034789, 37.318382], [-121.035572, 37.319756], [-121.035525, 37.323534], [-121.030986, 37.323561], [-121.029283, 37.325104], [-121.031042, 37.32985], [-121.031039, 37.332996], [-121.029859, 37.332988], [-121.028654, 37.33196], [-121.028656, 37.328084], [-121.025487, 37.328044], [-121.02481, 37.327103], [-121.02501, 37.327626], [-121.020459, 37.327602], [-121.017385, 37.326017], [-121.012615, 37.325636], [-121.007286, 37.325574], [-121.004239, 37.323772], [-121.002485, 37.32321], [-121.002078, 37.322903], [-121.007966, 37.317364], [-121.00916, 37.316546], [-121.008342, 37.311002], [-121.012831, 37.311044], [-121.013983, 37.309324], [-121.013925, 37.307407], [-121.011868, 37.307427], [-121.015039, 37.304539], [-121.015814, 37.304024], [-121.016116, 37.303788], [-121.022047, 37.303674], [-121.022083, 37.305699], [-121.026478, 37.305697], [-121.026489, 37.303738], [-121.031011, 37.303717], [-121.037934, 37.303715], [-121.037943, 37.305571]]], [[[-121.025741, 37.322198], [-121.023916, 37.322632], [-121.024503, 37.325471], [-121.025118, 37.327077], [-121.02738, 37.326541], [-121.025741, 37.322198]]]]}}, {"type": "Feature", "properties": {"name": "Sutter Creek"}, "geometry": {"type": "Polygon", "coordinates": [[[-120.840292, 38.371295], [-120.823227, 38.370999], [-120.81791, 38.373711], [-120.811036, 38.377456], [-120.808552, 38.380995], [-120.808914, 38.385147], [-120.812523, 38.389778], [-120.812792, 38.393454], [-120.81387, 38.395347], [-120.81821, 38.394403], [-120.819573, 38.397059], [-120.817816, 38.399309], [-120.816793, 38.399595], [-120.81173, 38.403159], [-120.805404, 38.398146], [-120.800679, 38.399991], [-120.796427, 38.398111], [-120.785439, 38.401057], [-120.786229, 38.394682], [-120.788741, 38.392807], [-120.789835, 38.394827], [-120.794431, 38.393684], [-120.796145, 38.392471], [-120.796706, 38.388141], [-120.797719, 38.384588], [-120.792861, 38.381683], [-120.793238, 38.379863], [-120.797725, 38.377079], [-120.799221, 38.378486], [-120.802406, 38.378416], [-120.808399, 38.373738], [-120.813779, 38.36986], [-120.819543, 38.363835], [-120.822478, 38.359321], [-120.824212, 38.360605], [-120.827469, 38.360476], [-120.830479, 38.363962], [-120.834457, 38.364447], [-120.840292, 38.371295]]]}}, {"type": "Feature", "properties": {"name": "Palo Alto"}, "geometry": {"type": "Polygon", "coordinates": [[[-122.202653, 37.363046], [-122.195842, 37.372965], [-122.186877, 37.381551], [-122.172366, 37.390486], [-122.152468, 37.398162], [-122.153338, 37.415988], [-122.16021, 37.437297], [-122.168126, 37.439667], [-122.189879, 37.42883], [-122.175704, 37.441884], [-122.165302, 37.452843], [-122.153513, 37.456677], [-122.136708, 37.454337], [-122.121772, 37.454241], [-122.08874, 37.452267], [-122.091008, 37.446958], [-122.099514, 37.435995], [-122.10203, 37.41552], [-122.10821, 37.40837], [-122.115155, 37.409119], [-122.124471, 37.401268], [-122.127108, 37.38876], [-122.135078, 37.389532], [-122.14325, 37.39452], [-122.168904, 37.39193], [-122.168832, 37.363545], [-122.17503, 37.35989], [-122.169029, 37.35687], [-122.168468, 37.330853], [-122.146221, 37.331049], [-122.135167, 37.293655], [-122.163025, 37.293924], [-122.162672, 37.300904], [-122.169559, 37.310525], [-122.185458, 37.323737], [-122.185954, 37.338701], [-122.199843, 37.355618], [-122.202653, 37.363046]]]}}, {"type": "Feature", "properties": {"name": "Guadalupe"}, "geometry": {"type": "Polygon", "coordinates": [[[-120.591181, 34.962606], [-120.589181, 34.963249], [-120.587764, 34.962508], [-120.584084, 34.962668], [-120.5813, 34.962082], [-120.579402, 34.964686], [-120.575551, 34.966701], [-120.574835, 34.971124], [-120.57429, 34.970966], [-120.572837, 34.973238], [-120.573808, 34.973665], [-120.573163, 34.974871], [-120.57222, 34.97451], [-120.571426, 34.974097], [-120.57109, 34.974509], [-120.568512, 34.97343], [-120.568235, 34.974182], [-120.563204, 34.973313], [-120.557884, 34.973366], [-120.563291, 34.972763], [-120.565378, 34.97296], [-120.566762, 34.970654], [-120.55897, 34.967313], [-120.56488, 34.967157], [-120.567035, 34.967833], [-120.567257, 34.96636], [-120.567178, 34.964937], [-120.567265, 34.957459], [-120.565355, 34.957471], [-120.565212, 34.946971], [-120.573868, 34.947102], [-120.573639, 34.957522], [-120.574064, 34.95753], [-120.576643, 34.95757], [-120.577196, 34.957419], [-120.577221, 34.955362], [-120.578446, 34.955373], [-120.579088, 34.954995], [-120.579054, 34.957586], [-120.581362, 34.957597], [-120.591309, 34.957683], [-120.591181, 34.962606]]]}}, {"type": "Feature", "properties": {"name": "Portola"}, "geometry": {"type": "Polygon", "coordinates": [[[-120.495436, 39.835753], [-120.494282, 39.840701], [-120.494375, 39.842767], [-120.488067, 39.849767], [-120.453331, 39.849936], [-120.452966, 39.842632], [-120.453023, 39.837955], [-120.45697, 39.837945], [-120.45697, 39.835587], [-120.461971, 39.83555], [-120.461949, 39.831847], [-120.471404, 39.831949], [-120.47139, 39.824637], [-120.476303, 39.824637], [-120.476271, 39.821864], [-120.473927, 39.821866], [-120.472761, 39.820948], [-120.472909, 39.818059], [-120.471594, 39.817145], [-120.467924, 39.817146], [-120.46861, 39.819542], [-120.467024, 39.819548], [-120.465226, 39.820907], [-120.466763, 39.818411], [-120.466533, 39.817295], [-120.465153, 39.818003], [-120.463608, 39.82034], [-120.461877, 39.819848], [-120.463443, 39.817316], [-120.457371, 39.817319], [-120.457342, 39.813274], [-120.457208, 39.791662], [-120.471058, 39.791787], [-120.47623, 39.791841], [-120.476178, 39.797183], [-120.47855, 39.797132], [-120.478485, 39.800818], [-120.480883, 39.800851], [-120.481059, 39.79418], [-120.485869, 39.791826], [-120.485845, 39.799038], [-120.495333, 39.799013], [-120.495335, 39.801618], [-120.489929, 39.801783], [-120.481021, 39.803213], [-120.478711, 39.801582], [-120.478651, 39.805238], [-120.478638, 39.80628], [-120.47644, 39.806267], [-120.476072, 39.81339], [-120.476287, 39.81698], [-120.479171, 39.817068], [-120.479204, 39.819222], [-120.477946, 39.81972], [-120.479596, 39.821327], [-120.484308, 39.822562], [-120.485455, 39.824779], [-120.491974, 39.828324], [-120.495236, 39.831214], [-120.495599, 39.831643], [-120.495436, 39.835753]]]}}, {"type": "Feature", "properties": {"name": "Point Arena"}, "geometry": {"type": "Polygon", "coordinates": [[[-123.720975233236, 38.9186584491906], [-123.686105, 38.918476], [-123.68602, 38.911226], [-123.682116, 38.911235], [-123.681006, 38.911859], [-123.681409, 38.914663], [-123.676777, 38.914656], [-123.676712, 38.903795], [-123.681198, 38.903817], [-123.681289, 38.907458], [-123.69084, 38.907352], [-123.69079, 38.903787], [-123.695442, 38.903714], [-123.695568, 38.907512], [-123.706311108825, 38.9070745369391], [-123.707756, 38.909134], [-123.710920579674, 38.9101705396555], [-123.711038, 38.910209], [-123.711713, 38.911422], [-123.711155732619, 38.9122809423914], [-123.71054, 38.91323], [-123.710395, 38.914878], [-123.71271, 38.916206], [-123.717129, 38.916658], [-123.717510159923, 38.9168562435833], [-123.720975233236, 38.9186584491906]]]}}, {"type": "Feature", "properties": {"name": "Lafayette"}, "geometry": {"type": "Polygon", "coordinates": [[[-122.165216, 37.909492], [-122.1609, 37.914505], [-122.150049, 37.913558], [-122.136601, 37.9095], [-122.121217, 37.916508], [-122.117953, 37.92984], [-122.107065, 37.938272], [-122.09931, 37.936702], [-122.097412, 37.93187], [-122.096106, 37.925106], [-122.098415, 37.912372], [-122.08657, 37.910595], [-122.082104, 37.904852], [-122.083576, 37.902774], [-122.082205, 37.896433], [-122.087025, 37.890302], [-122.08807, 37.881779], [-122.086415, 37.87244], [-122.078048, 37.857244], [-122.079624, 37.849443], [-122.108176, 37.850708], [-122.107195, 37.851789], [-122.10298, 37.85799], [-122.109734, 37.864612], [-122.107126, 37.86886], [-122.115868, 37.874616], [-122.124039, 37.872804], [-122.133794, 37.874795], [-122.141787, 37.872129], [-122.145262, 37.868523], [-122.155878, 37.881309], [-122.163238, 37.88113], [-122.165032, 37.889546], [-122.164087, 37.890783], [-122.165053, 37.891963], [-122.165216, 37.909492]]]}}, {"type": "Feature", "properties": {"name": "Inglewood"}, "geometry": {"type": "MultiPolygon", "coordinates": [[[[-118.376771, 33.982657], [-118.37583, 33.982965], [-118.375388, 33.982958], [-118.371805, 33.982058], [-118.371802, 33.979847], [-118.374464, 33.97971], [-118.376169, 33.981535], [-118.376771, 33.982657]]], [[[-118.378834, 33.95748], [-118.376078, 33.96135], [-118.371239, 33.963367], [-118.372823, 33.967648], [-118.370148, 33.967993], [-118.370109, 33.972973], [-118.370118, 33.977272], [-118.370231, 33.979929], [-118.360978, 33.981661], [-118.357538, 33.98167], [-118.356327, 33.981677], [-118.347334, 33.9817], [-118.341744, 33.981721], [-118.338557, 33.981739], [-118.335192, 33.980582], [-118.33521, 33.974499], [-118.333024, 33.972696], [-118.33303, 33.967249], [-118.326471, 33.970909], [-118.321887, 33.970796], [-118.317752, 33.967279], [-118.317757, 33.963648], [-118.317726, 33.956345], [-118.31772, 33.945463], [-118.3177, 33.941853], [-118.317724, 33.9358], [-118.322098, 33.930797], [-118.322225, 33.929186], [-118.326254, 33.928784], [-118.32576, 33.926676], [-118.326431, 33.926071], [-118.334113, 33.925358], [-118.336665, 33.926101], [-118.337365, 33.929476], [-118.336297, 33.930943], [-118.343875, 33.930942], [-118.346053, 33.932053], [-118.345046, 33.933499], [-118.344641, 33.938208], [-118.347218, 33.942273], [-118.351998, 33.941813], [-118.354815, 33.941823], [-118.356957, 33.944301], [-118.361321, 33.94466], [-118.366289, 33.944618], [-118.369156, 33.941811], [-118.368929, 33.943563], [-118.370037, 33.94542], [-118.370057, 33.952672], [-118.378615, 33.952646], [-118.378834, 33.95748]]]]}}, {"type": "Feature", "properties": {"name": "Cupertino"}, "geometry": {"type": "Polygon", "coordinates": [[[-122.09201, 37.308074], [-122.087445, 37.311109], [-122.081432, 37.320475], [-122.088632, 37.326065], [-122.087397, 37.333688], [-122.0847, 37.33791], [-122.074768, 37.332303], [-122.06882, 37.333099], [-122.059654, 37.329347], [-122.068495, 37.333679], [-122.06722, 37.337529], [-122.05925, 37.33833], [-122.057338, 37.333867], [-122.052752, 37.331855], [-122.044867, 37.337544], [-122.043695, 37.334204], [-122.03976, 37.33758], [-122.030433, 37.33825], [-122.019104, 37.332924], [-122.0071, 37.33777], [-122.004667, 37.332807], [-122.00337, 37.32293], [-121.995833, 37.319928], [-121.996187, 37.309665], [-122.01775, 37.31009], [-122.03157, 37.312299], [-122.033091, 37.308244], [-122.03225, 37.30086], [-122.04073, 37.2938], [-122.058008, 37.29736], [-122.064035, 37.286077], [-122.064, 37.281118], [-122.068518, 37.286273], [-122.068413, 37.300321], [-122.091815, 37.300675], [-122.09201, 37.308074]]]}}, {"type": "Feature", "properties": {"name": "Oakdale"}, "geometry": {"type": "MultiPolygon", "coordinates": [[[[-120.807094, 37.758266], [-120.797774, 37.757792], [-120.797283, 37.756534], [-120.79219, 37.754956], [-120.790574, 37.753618], [-120.788975, 37.753158], [-120.789953, 37.751164], [-120.795956, 37.752937], [-120.798414, 37.752208], [-120.800207, 37.75459], [-120.802449, 37.754666], [-120.802421, 37.756423], [-120.807083, 37.756472], [-120.807094, 37.758266]]], [[[-120.822323, 37.788082], [-120.821592, 37.788827], [-120.820173, 37.789456], [-120.81846, 37.790754], [-120.817759, 37.785641], [-120.819623, 37.785394], [-120.821615, 37.785563], [-120.822323, 37.788082]]], [[[-120.88377, 37.760656], [-120.881735, 37.761878], [-120.872139, 37.763348], [-120.867397, 37.76332], [-120.865171, 37.765361], [-120.863961, 37.766429], [-120.8626, 37.767302], [-120.865162, 37.769153], [-120.866941, 37.770854], [-120.864321, 37.781631], [-120.862235, 37.774644], [-120.856772, 37.776769], [-120.852151, 37.778097], [-120.846297, 37.779969], [-120.838779, 37.780131], [-120.830113, 37.776568], [-120.826017, 37.779844], [-120.817073, 37.781131], [-120.817041, 37.776244], [-120.818291, 37.775848], [-120.818803, 37.774921], [-120.824319, 37.772043], [-120.83559, 37.761801], [-120.832537, 37.757392], [-120.828524, 37.757346], [-120.829487, 37.75359], [-120.825885, 37.7521], [-120.829862, 37.75041], [-120.830727, 37.742637], [-120.839841, 37.740255], [-120.84185, 37.740226], [-120.849044, 37.746462], [-120.852697, 37.752448], [-120.858188, 37.751247], [-120.862535, 37.752089], [-120.871068, 37.748764], [-120.873966, 37.747848], [-120.878502, 37.745254], [-120.88149, 37.744301], [-120.875498, 37.751687], [-120.870656, 37.75432], [-120.878884, 37.750943], [-120.881615, 37.752721], [-120.883211, 37.754679], [-120.88377, 37.760656]]]]}}, {"type": "Feature", "properties": {"name": "Concord"}, "geometry": {"type": "MultiPolygon", "coordinates": [[[[-122.064138, 37.97607], [-122.050599, 37.987382], [-122.056533, 37.99923], [-122.050593, 38.003192], [-122.045413, 38.008533], [-122.035523, 38.013605], [-122.034236, 38.018888], [-122.027461, 38.020346], [-122.022833, 38.02274], [-122.008782, 38.01687], [-121.99804, 38.012776], [-121.991899, 38.014507], [-121.981511, 38.009794], [-121.93914, 37.971602], [-121.935382, 37.968297], [-121.933065, 37.95579], [-121.94681, 37.951188], [-121.949231, 37.951597], [-121.951692, 37.95425], [-121.954416, 37.954073], [-121.950916, 37.948499], [-121.944266, 37.941235], [-121.957025, 37.934072], [-121.957659, 37.937601], [-121.960353, 37.929252], [-121.967501, 37.92505], [-121.980556, 37.92697], [-121.983674, 37.929776], [-122.001999, 37.946321], [-122.017453, 37.935607], [-122.02902, 37.934446], [-122.034894, 37.935548], [-122.04688, 37.934066], [-122.051393, 37.942774], [-122.051132, 37.947318], [-122.053281, 37.955727], [-122.052822, 37.960296], [-122.060618, 37.959461], [-122.064568, 37.975797], [-122.064138, 37.97607]]], [[[-121.97157, 37.970461], [-121.968364, 37.968147], [-121.967718, 37.971198], [-121.968598, 37.972922], [-121.970023, 37.971742], [-121.97157, 37.970461]]], [[[-121.966852, 37.971715], [-121.966472, 37.969126], [-121.968266, 37.967213], [-121.968253, 37.965613], [-121.964583, 37.962971], [-121.961619, 37.961504], [-121.959147, 37.964482], [-121.962613, 37.965624], [-121.961242, 37.9675], [-121.959225, 37.967676], [-121.9585, 37.968379], [-121.961144, 37.970172], [-121.963877, 37.972833], [-121.968324, 37.973166], [-121.966852, 37.971715]]]]}}, {"type": "Feature", "properties": {"name": "Fullerton"}, "geometry": {"type": "Polygon", "coordinates": [[[-117.985403, 33.902586], [-117.967309, 33.906416], [-117.947806, 33.90844], [-117.944317, 33.909006], [-117.933069, 33.913725], [-117.931081, 33.911096], [-117.930404, 33.915539], [-117.924336, 33.924613], [-117.922163, 33.917386], [-117.91562, 33.90981], [-117.911998, 33.906838], [-117.901547, 33.906839], [-117.887959, 33.907107], [-117.888955, 33.909784], [-117.876721, 33.910784], [-117.87504, 33.90861], [-117.866069, 33.909677], [-117.868125, 33.90556], [-117.875783, 33.898156], [-117.87305, 33.89187], [-117.86585, 33.888], [-117.874209, 33.882262], [-117.87897, 33.87398], [-117.88093, 33.86731], [-117.889351, 33.857887], [-117.897283, 33.856341], [-117.900743, 33.855169], [-117.902372, 33.854213], [-117.911272, 33.86318], [-117.924292, 33.854434], [-117.932151, 33.85443], [-117.953784, 33.854234], [-117.97466, 33.856305], [-117.983016, 33.857721], [-117.976562, 33.859106], [-117.980658, 33.864053], [-117.98507, 33.86632], [-117.98509, 33.87357], [-117.976547, 33.887841], [-117.985403, 33.902586]]]}}, {"type": "Feature", "properties": {"name": "Anaheim"}, "geometry": {"type": "Polygon", "coordinates": [[[-118.01742, 33.824459], [-117.997901, 33.835713], [-117.980504, 33.846796], [-117.97466, 33.856305], [-117.924292, 33.854434], [-117.900743, 33.855169], [-117.884827, 33.85391], [-117.867187, 33.863749], [-117.831246, 33.86282], [-117.81758, 33.86961], [-117.798354, 33.871236], [-117.78034, 33.86371], [-117.745831, 33.879235], [-117.715093, 33.866214], [-117.691009, 33.873284], [-117.680122, 33.860766], [-117.686332, 33.857526], [-117.698509, 33.850252], [-117.705211, 33.828866], [-117.71474, 33.827044], [-117.731827, 33.842312], [-117.765724, 33.83443], [-117.796711, 33.836275], [-117.821414, 33.836249], [-117.834782, 33.842803], [-117.864719, 33.833953], [-117.889143, 33.793624], [-117.91053, 33.790623], [-117.932567, 33.794264], [-117.943662, 33.803056], [-117.958914, 33.814687], [-117.960301, 33.827631], [-117.967563, 33.819795], [-117.971937, 33.810361], [-117.995512, 33.815646], [-118.017315, 33.814277], [-118.01508, 33.82405], [-118.01742, 33.824459]]]}}, {"type": "Feature", "properties": {"name": "Firebaugh"}, "geometry": {"type": "Polygon", "coordinates": [[[-120.477099, 36.876489], [-120.475159, 36.877053], [-120.47545, 36.880402], [-120.466167, 36.877737], [-120.459796, 36.87507], [-120.459074, 36.876548], [-120.457384, 36.873033], [-120.450304, 36.871223], [-120.450971, 36.867501], [-120.456246, 36.862863], [-120.45265, 36.859974], [-120.448984, 36.858345], [-120.446125, 36.856151], [-120.439491, 36.855708], [-120.439108, 36.85259], [-120.437481, 36.85007], [-120.433886, 36.850582], [-120.431545, 36.846538], [-120.432998, 36.840533], [-120.445946, 36.840008], [-120.44769, 36.837415], [-120.439644, 36.825127], [-120.439334, 36.821637], [-120.454075, 36.825326], [-120.45083, 36.832444], [-120.45761, 36.837163], [-120.454511, 36.840862], [-120.450287, 36.843332], [-120.4521, 36.84638], [-120.454505, 36.851653], [-120.462131, 36.853334], [-120.467464, 36.851303], [-120.463583, 36.858083], [-120.467779, 36.864041], [-120.471971, 36.870353], [-120.489256, 36.881765], [-120.477099, 36.876489]]]}}, {"type": "Feature", "properties": {"name": "Watsonville"}, "geometry": {"type": "MultiPolygon", "coordinates": [[[[-121.773763, 36.956633], [-121.769891, 36.957111], [-121.767727, 36.954067], [-121.767068, 36.950695], [-121.764868, 36.950066], [-121.765329, 36.948365], [-121.765467, 36.948115], [-121.768151, 36.950382], [-121.768616, 36.950495], [-121.769967, 36.950464], [-121.773909, 36.956583], [-121.773763, 36.956633]]], [[[-121.788631, 36.885889], [-121.78646, 36.886645], [-121.788055, 36.890025], [-121.786538, 36.887194], [-121.784563, 36.887683], [-121.783549, 36.885843], [-121.78327, 36.885303], [-121.783897, 36.885647], [-121.784369, 36.885768], [-121.785654, 36.885538], [-121.787014, 36.88497], [-121.787751, 36.88426], [-121.788631, 36.885889]]], [[[-121.790567, 37.015855], [-121.78896, 37.016439], [-121.788403, 37.01684], [-121.787981, 37.01749], [-121.787894, 37.018384], [-121.787444, 37.018814], [-121.787448, 37.019179], [-121.784326, 37.019087], [-121.786058, 37.015881], [-121.786202, 37.015361], [-121.787465, 37.015088], [-121.789441, 37.014303], [-121.790985, 37.015248], [-121.790567, 37.015855]]], [[[-121.801532, 36.925902], [-121.796978, 36.930378], [-121.796937, 36.932737], [-121.796307, 36.937096], [-121.795004, 36.939677], [-121.788954, 36.939709], [-121.785841, 36.94064], [-121.780292, 36.939629], [-121.778493, 36.941482], [-121.77536, 36.940747], [-121.772579, 36.938193], [-121.774039, 36.937539], [-121.770374, 36.939116], [-121.767971, 36.937975], [-121.766609, 36.936876], [-121.766043, 36.936304], [-121.762916, 36.933674], [-121.764701, 36.930569], [-121.756622, 36.929525], [-121.744245, 36.930784], [-121.738268, 36.927393], [-121.734214, 36.920697], [-121.733409, 36.918298], [-121.742554, 36.91622], [-121.744444, 36.909456], [-121.75131, 36.905329], [-121.75473, 36.902172], [-121.761081, 36.903049], [-121.762135, 36.902214], [-121.76828, 36.897862], [-121.778421, 36.897148], [-121.780241, 36.895806], [-121.780787, 36.901666], [-121.783679, 36.902519], [-121.78053, 36.904258], [-121.782263, 36.907645], [-121.794449, 36.91123], [-121.793263, 36.921789], [-121.797469, 36.923575], [-121.801532, 36.925902]]], [[[-121.806966, 36.989992], [-121.806941, 36.990127], [-121.806575, 36.990565], [-121.804408, 36.990268], [-121.804205, 36.991236], [-121.802665, 36.989053], [-121.804486, 36.989023], [-121.805798, 36.988693], [-121.807045, 36.988654], [-121.806966, 36.989992]]], [[[-121.825869, 36.916958], [-121.823649, 36.915812], [-121.821041, 36.914744], [-121.819336, 36.913289], [-121.822126, 36.91181], [-121.822904, 36.912641], [-121.825069, 36.912619], [-121.827312, 36.915322], [-121.825869, 36.916958]]]]}}, {"type": "Feature", "properties": {"name": "Signal Hill"}, "geometry": {"type": "Polygon", "coordinates": [[[-118.184579, 33.811635], [-118.184579, 33.815085], [-118.184455, 33.818622], [-118.178491, 33.818631], [-118.174103, 33.818647], [-118.171973, 33.818633], [-118.171968, 33.815294], [-118.174154, 33.815285], [-118.174137, 33.813466], [-118.178494, 33.813469], [-118.178495, 33.811631], [-118.180662, 33.811641], [-118.180646, 33.804386], [-118.176297, 33.804383], [-118.176302, 33.811647], [-118.163269, 33.811678], [-118.163249, 33.809134], [-118.16118, 33.809033], [-118.158914, 33.809862], [-118.158924, 33.804425], [-118.158877, 33.80216], [-118.155781, 33.80442], [-118.151346, 33.804427], [-118.151386, 33.797119], [-118.158888, 33.797119], [-118.158896, 33.796374], [-118.154565, 33.796369], [-118.15457, 33.79347], [-118.152175, 33.793465], [-118.149648, 33.789836], [-118.150232, 33.789757], [-118.153488, 33.789762], [-118.156743, 33.789769], [-118.162751, 33.789855], [-118.163313, 33.789856], [-118.165501, 33.789855], [-118.167645, 33.791492], [-118.171997, 33.794303], [-118.180663, 33.799945], [-118.18175, 33.800639], [-118.181734, 33.804231], [-118.184582, 33.804331], [-118.184579, 33.811635]]]}}, {"type": "Feature", "properties": {"name": "Milpitas"}, "geometry": {"type": "MultiPolygon", "coordinates": [[[[-121.931047, 37.420094], [-121.925239, 37.424846], [-121.925988, 37.435637], [-121.923355, 37.442542], [-121.924498, 37.447207], [-121.927423, 37.450986], [-121.925041, 37.454186], [-121.912652, 37.46065], [-121.898842, 37.465954], [-121.896723, 37.459313], [-121.885026, 37.457746], [-121.882194, 37.463063], [-121.871994, 37.458405], [-121.872651, 37.453294], [-121.878349, 37.451315], [-121.876269, 37.446967], [-121.87544, 37.44421], [-121.873916, 37.443165], [-121.872736, 37.438216], [-121.865122, 37.442488], [-121.863058, 37.447049], [-121.866457, 37.449472], [-121.866749, 37.454274], [-121.86329, 37.45772], [-121.853886, 37.456834], [-121.849641, 37.452246], [-121.844022, 37.44697], [-121.8445, 37.439737], [-121.840384, 37.439109], [-121.843592, 37.433743], [-121.862136, 37.423755], [-121.838486, 37.426946], [-121.860033, 37.422487], [-121.874037, 37.416366], [-121.880043, 37.41384], [-121.880811, 37.411522], [-121.887876, 37.406952], [-121.895821, 37.403741], [-121.905633, 37.404322], [-121.91521, 37.39862], [-121.921675, 37.405627], [-121.922974, 37.411035], [-121.928113, 37.415539], [-121.931047, 37.420094]]], [[[-121.867925, 37.4351], [-121.86469, 37.433954], [-121.846795, 37.438001], [-121.848876, 37.440858], [-121.851976, 37.440183], [-121.857184, 37.440805], [-121.862473, 37.444137], [-121.864451, 37.442808], [-121.866296, 37.439223], [-121.865456, 37.436416], [-121.868416, 37.436607], [-121.867925, 37.4351]]], [[[-121.867073, 37.434417], [-121.866897, 37.433919], [-121.865756, 37.434259], [-121.86601, 37.43436], [-121.867205, 37.434787], [-121.867073, 37.434417]]]]}}]}